-- phpMyAdmin SQL Dump
-- version 5.2.1
-- https://www.phpmyadmin.net/
--
-- Host: 127.0.0.1:3306
-- Generation Time: Feb 09, 2024 at 04:12 PM
-- Server version: 8.2.0
-- PHP Version: 7.4.33

SET SQL_MODE = "NO_AUTO_VALUE_ON_ZERO";
START TRANSACTION;
SET time_zone = "+00:00";


/*!40101 SET @OLD_CHARACTER_SET_CLIENT=@@CHARACTER_SET_CLIENT */;
/*!40101 SET @OLD_CHARACTER_SET_RESULTS=@@CHARACTER_SET_RESULTS */;
/*!40101 SET @OLD_COLLATION_CONNECTION=@@COLLATION_CONNECTION */;
/*!40101 SET NAMES utf8mb4 */;

--
-- Database: `payrep`
--

-- --------------------------------------------------------

--
-- Table structure for table `account_charts`
--

DROP TABLE IF EXISTS `account_charts`;
CREATE TABLE IF NOT EXISTS `account_charts` (
  `id` bigint UNSIGNED NOT NULL AUTO_INCREMENT,
  `groupid` int NOT NULL,
  `headid` int NOT NULL,
  `subheadid` int NOT NULL,
  `accountno` varchar(50) NOT NULL,
  `account_ref` varchar(200) DEFAULT NULL,
  `accountdescription` varchar(200) NOT NULL,
  `status` int NOT NULL DEFAULT '1',
  `rank` double NOT NULL DEFAULT '0',
  `created_at` timestamp NOT NULL DEFAULT CURRENT_TIMESTAMP,
  UNIQUE KEY `id` (`id`)
) ENGINE=MyISAM AUTO_INCREMENT=359 DEFAULT CHARSET=latin1;

--
-- Dumping data for table `account_charts`
--

INSERT INTO `account_charts` (`id`, `groupid`, `headid`, `subheadid`, `accountno`, `account_ref`, `accountdescription`, `status`, `rank`, `created_at`) VALUES
(1, 1, 1, 3, '0', NULL, 'Access Bank', 1, 0, '2024-02-06 17:30:08'),
(12, 1, 1, 2, '0', NULL, 'Amanda Juliet', 1, 0, '2024-02-06 17:30:08'),
(11, 1, 1, 2, '0', NULL, 'Usman Ahmed', 1, 0, '2024-02-06 17:30:08'),
(5, 5, 7, 4, '0', NULL, 'Loan Interest', 1, 0, '2024-02-06 17:30:08'),
(6, 4, 6, 5, '0', NULL, 'Office Expense', 1, 0, '2024-02-06 17:30:08'),
(7, 1, 1, 3, '0', NULL, 'First Bank', 1, 0, '2024-02-06 17:30:08'),
(10, 1, 1, 2, '0', NULL, 'Olawole Akinbobola', 1, 0, '2024-02-06 17:30:08'),
(13, 5, 7, 9, '0', NULL, 'Registration Income', 1, 0, '2024-02-06 17:30:08'),
(14, 5, 7, 9, '0', NULL, 'Processing Income', 1, 0, '2024-02-06 17:30:08'),
(15, 5, 7, 9, '0', NULL, 'Defaulting Income', 1, 0, '2024-02-06 17:30:08'),
(16, 1, 1, 2, '0', NULL, 'Usman Bolade', 1, 0, '2024-02-06 17:30:08'),
(17, 1, 1, 2, '0', NULL, 'Ogochukwu Ernest', 1, 0, '2024-02-06 17:30:08'),
(18, 1, 1, 3, '0', NULL, 'Zenith', 1, 0, '2024-02-06 17:30:08'),
(19, 1, 1, 1, '0', NULL, 'Cash at Hand', 1, 0, '2024-02-06 17:30:08'),
(20, 1, 1, 2, '0', NULL, 'sxsx ssxs', 1, 0, '2024-02-06 17:30:08'),
(21, 1, 1, 2, '0', NULL, 'sxsx ssxs', 1, 0, '2024-02-06 17:30:08'),
(22, 1, 1, 2, '0', NULL, 'sxsx ssxsrr', 1, 0, '2024-02-06 17:30:08'),
(23, 1, 1, 2, '0', NULL, 'sxsxdcdcd ssxsrrdfdfd', 1, 0, '2024-02-06 17:30:08'),
(24, 1, 1, 2, '0', NULL, 'sxsxdcdcd0989 ssxsrrdfdfdf000', 1, 0, '2024-02-06 17:30:08'),
(25, 1, 1, 2, '0', NULL, 'Ola Stephen', 1, 0, '2024-02-06 17:30:08'),
(26, 1, 1, 3, '0', NULL, 'FCMB', 1, 0, '2024-02-06 17:30:08'),
(27, 1, 1, 2, '0', NULL, 'stephen fgsfsf', 1, 0, '2024-02-06 17:30:08'),
(28, 1, 1, 2, '0', NULL, 'confident cdff', 1, 0, '2024-02-06 17:30:08'),
(29, 1, 1, 2, '0', NULL, 'Anulika Ugo', 1, 0, '2024-02-06 17:30:08'),
(30, 1, 1, 2, '0', NULL, 'IKECHUKWU OKEKE', 1, 0, '2024-02-06 17:30:08'),
(31, 1, 1, 2, '0', NULL, 'Mohammed Ovosi', 1, 0, '2024-02-06 17:30:08'),
(32, 1, 1, 2, '0', NULL, 'CHIMA EZEOFOR', 1, 0, '2024-02-06 17:30:08'),
(33, 1, 1, 2, '0', NULL, 'MOHAMMED OVOSI', 1, 0, '2024-02-06 17:30:08'),
(34, 1, 1, 2, '0', NULL, 'CHARLSE EZENWA', 1, 0, '2024-02-06 17:30:08'),
(35, 1, 1, 2, '0', NULL, 'NATURAL C TOTAL', 1, 0, '2024-02-06 17:30:08'),
(36, 1, 1, 2, '0', NULL, 'JOSEPHINE ANUFORO', 1, 0, '2024-02-06 17:30:08'),
(37, 1, 1, 2, '0', NULL, 'KENNETH OMEKE', 1, 0, '2024-02-06 17:30:08'),
(38, 1, 1, 2, '0', NULL, 'Kenneth Nta', 1, 0, '2024-02-06 17:30:08'),
(39, 1, 1, 2, '0', NULL, 'Nwamaka Nwafor', 1, 0, '2024-02-06 17:30:08'),
(40, 1, 1, 2, '0', NULL, 'Malachy Abah', 1, 0, '2024-02-06 17:30:08'),
(41, 1, 1, 2, '0', NULL, 'Malachy Abah', 1, 0, '2024-02-06 17:30:08'),
(42, 1, 1, 2, '0', NULL, 'FROZEN FOODS OBI JOHNSON OSHOGWE', 1, 0, '2024-02-06 17:30:08'),
(43, 1, 1, 2, '0', NULL, 'NIMOTA AREMU', 1, 0, '2024-02-06 17:30:08'),
(44, 1, 1, 2, '0', NULL, 'ALIYU SULE', 1, 0, '2024-02-06 17:30:08'),
(45, 1, 1, 2, '0', NULL, 'SANDRA IFYJOE', 1, 0, '2024-02-06 17:30:08'),
(46, 1, 1, 2, '0', NULL, 'FRIDAY IDIKA', 1, 0, '2024-02-06 17:30:08'),
(47, 1, 1, 2, '0', NULL, 'Global Jumaxton', 1, 0, '2024-02-06 17:30:08'),
(48, 1, 1, 2, '0', NULL, 'Cato Calis', 1, 0, '2024-02-06 17:30:08'),
(49, 1, 1, 2, '0', NULL, 'CATO CALIS', 1, 0, '2024-02-06 17:30:08'),
(50, 1, 1, 2, '0', NULL, 'Integrated enterprises Friyo Kitchen', 1, 0, '2024-02-06 17:30:08'),
(51, 1, 1, 2, '0', NULL, 'Friday Igwe', 1, 0, '2024-02-06 17:30:08'),
(52, 1, 1, 2, '0', NULL, 'VENTURE UCHE DON LEE', 1, 0, '2024-02-06 17:30:08'),
(53, 1, 1, 2, '0', NULL, 'Ogochukwu Oboigbator', 1, 0, '2024-02-06 17:30:08'),
(54, 1, 1, 2, '0', NULL, 'Ifeoma Aghaebe Ifeoma', 1, 0, '2024-02-06 17:30:08'),
(55, 1, 1, 2, '0', NULL, 'Aniefon Okoroafor', 1, 0, '2024-02-06 17:30:08'),
(56, 1, 1, 2, '0', NULL, 'Aniefon Okoroafor', 1, 0, '2024-02-06 17:30:08'),
(57, 1, 1, 2, '0', NULL, 'Okechukwu Igwe', 1, 0, '2024-02-06 17:30:08'),
(58, 1, 1, 2, '0', NULL, 'CHIMEZIE OSUJI', 1, 0, '2024-02-06 17:30:08'),
(59, 1, 1, 2, '0', NULL, 'Festus Okoro', 1, 0, '2024-02-06 17:30:08'),
(60, 1, 1, 2, '0', NULL, 'SAMUEL AJAYI', 1, 0, '2024-02-06 17:30:08'),
(61, 1, 1, 2, '0', NULL, 'Felicia Oboigbator', 1, 0, '2024-02-06 17:30:08'),
(62, 1, 1, 2, '0', NULL, 'MARK ELOKA', 1, 0, '2024-02-06 17:30:08'),
(63, 1, 1, 2, '0', NULL, 'IBRAHIM MOHAMMED', 1, 0, '2024-02-06 17:30:08'),
(64, 1, 1, 2, '0', NULL, 'Ann Aneke', 1, 0, '2024-02-06 17:30:08'),
(65, 1, 1, 2, '0', NULL, 'Okechukwu Onyejiuto', 1, 0, '2024-02-06 17:30:08'),
(66, 1, 1, 2, '0', NULL, 'EKENE OBIORAH', 1, 0, '2024-02-06 17:30:08'),
(67, 1, 1, 2, '0', NULL, 'VICTORIA IDEHEN', 1, 0, '2024-02-06 17:30:08'),
(68, 1, 1, 2, '0', NULL, 'Ekene Obiorah', 1, 0, '2024-02-06 17:30:08'),
(69, 1, 1, 2, '0', NULL, 'Osi Nwaobasi', 1, 0, '2024-02-06 17:30:08'),
(70, 1, 1, 2, '0', NULL, 'Ephraim Okoroafor', 1, 0, '2024-02-06 17:30:08'),
(71, 1, 1, 2, '0', NULL, 'INTEGRATED SERVICES FAITHLINE', 1, 0, '2024-02-06 17:30:08'),
(72, 1, 1, 2, '0', NULL, 'COMPANY EZONS', 1, 0, '2024-02-06 17:30:08'),
(73, 1, 1, 2, '0', NULL, 'golden fashions business golden fashions business', 1, 0, '2024-02-06 17:30:08'),
(74, 1, 1, 2, '0', NULL, 'PAUL NDUKWE', 1, 0, '2024-02-06 17:30:08'),
(75, 1, 1, 2, '0', NULL, 'WILSON CHENDO', 1, 0, '2024-02-06 17:30:08'),
(76, 1, 1, 2, '0', NULL, 'AMOBI ANI', 1, 0, '2024-02-06 17:30:08'),
(77, 1, 1, 2, '0', NULL, 'AMOBI ANI', 1, 0, '2024-02-06 17:30:08'),
(78, 1, 1, 2, '0', NULL, 'Martha Enokela', 1, 0, '2024-02-06 17:30:08'),
(79, 1, 1, 2, '0', NULL, 'Martha Enokale', 1, 0, '2024-02-06 17:30:08'),
(80, 1, 1, 2, '0', NULL, 'Folake Adesanye', 1, 0, '2024-02-06 17:30:08'),
(81, 1, 1, 2, '0', NULL, 'MARY UGO', 1, 0, '2024-02-06 17:30:08'),
(82, 1, 1, 2, '0', NULL, 'KENNETH NTA', 1, 0, '2024-02-06 17:30:08'),
(83, 1, 1, 2, '0', NULL, 'Chima Ezeofor', 1, 0, '2024-02-06 17:30:08'),
(84, 1, 1, 2, '0', NULL, 'CHARLES EZENWA', 1, 0, '2024-02-06 17:30:08'),
(85, 1, 1, 2, '0', NULL, 'OSHOGWE FROZEN OBI JOHNSON', 1, 0, '2024-02-06 17:30:08'),
(86, 1, 1, 2, '0', NULL, 'SANDRA IFYJEO', 1, 0, '2024-02-06 17:30:08'),
(87, 1, 1, 2, '0', NULL, 'ALIYU SULE', 1, 0, '2024-02-06 17:30:08'),
(88, 1, 1, 2, '0', NULL, 'BRIDGET AMODU', 1, 0, '2024-02-06 17:30:08'),
(89, 1, 1, 2, '0', NULL, 'BRIDGET AMODU', 1, 0, '2024-02-06 17:30:08'),
(90, 1, 1, 2, '0', NULL, 'Okechukwu Onyejiuto', 1, 0, '2024-02-06 17:30:08'),
(91, 1, 1, 2, '0', NULL, 'IFEOMA OJUKWU', 1, 0, '2024-02-06 17:30:08'),
(92, 1, 1, 2, '0', NULL, 'IFEOMA OJUKWU', 1, 0, '2024-02-06 17:30:08'),
(93, 1, 1, 1, '0', NULL, '8klklll00', 1, 0, '2024-02-06 17:30:08'),
(94, 1, 1, 2, '0', NULL, ' ', 1, 0, '2024-02-06 17:30:08'),
(95, 1, 1, 2, '0', NULL, ' ', 1, 0, '2024-02-06 17:30:08'),
(96, 1, 1, 2, '0', NULL, ' ', 1, 0, '2024-02-06 17:30:08'),
(97, 1, 1, 2, '0', NULL, ' ', 1, 0, '2024-02-06 17:30:08'),
(98, 1, 1, 2, '0', NULL, ' ', 1, 0, '2024-02-06 17:30:08'),
(99, 1, 1, 2, '0', NULL, ' ', 1, 0, '2024-02-06 17:30:08'),
(100, 1, 1, 2, '0', NULL, ' ', 1, 0, '2024-02-06 17:30:08'),
(101, 1, 1, 2, '0', NULL, ' ', 1, 0, '2024-02-06 17:30:08'),
(102, 1, 1, 2, '0', NULL, ' ', 1, 0, '2024-02-06 17:30:08'),
(103, 1, 1, 2, '0', NULL, ' ', 1, 0, '2024-02-06 17:30:08'),
(104, 1, 1, 2, '0', NULL, ' ', 1, 0, '2024-02-06 17:30:08'),
(105, 1, 1, 2, '0', NULL, ' ', 1, 0, '2024-02-06 17:30:08'),
(106, 1, 1, 2, '0', NULL, ' ', 1, 0, '2024-02-06 17:30:08'),
(107, 1, 1, 2, '0', NULL, ' ', 1, 0, '2024-02-06 17:30:08'),
(108, 1, 1, 2, '0', NULL, ' ', 1, 0, '2024-02-06 17:30:08'),
(109, 1, 1, 2, '0', NULL, ' ', 1, 0, '2024-02-06 17:30:08'),
(110, 1, 1, 2, '0', NULL, ' ', 1, 0, '2024-02-06 17:30:08'),
(111, 1, 1, 2, '0', NULL, ' ', 1, 0, '2024-02-06 17:30:08'),
(112, 1, 1, 2, '0', NULL, ' ', 1, 0, '2024-02-06 17:30:08'),
(113, 1, 1, 2, '0', NULL, ' ', 1, 0, '2024-02-06 17:30:08'),
(114, 1, 1, 2, '0', NULL, ' ', 1, 0, '2024-02-06 17:30:08'),
(115, 1, 1, 2, '0', NULL, ' ', 1, 0, '2024-02-06 17:30:08'),
(116, 1, 1, 2, '0', NULL, ' ', 1, 0, '2024-02-06 17:30:08'),
(117, 1, 1, 2, '0', NULL, ' ', 1, 0, '2024-02-06 17:30:08'),
(118, 1, 1, 2, '0', NULL, ' ', 1, 0, '2024-02-06 17:30:08'),
(119, 1, 1, 2, '0', NULL, ' ', 1, 0, '2024-02-06 17:30:08'),
(120, 1, 1, 2, '0', NULL, ' ', 1, 0, '2024-02-06 17:30:08'),
(121, 1, 1, 2, '0', NULL, ' ', 1, 0, '2024-02-06 17:30:08'),
(122, 1, 1, 2, '0', NULL, ' ', 1, 0, '2024-02-06 17:30:08'),
(123, 1, 1, 2, '0', NULL, ' ', 1, 0, '2024-02-06 17:30:08'),
(124, 1, 1, 2, '0', NULL, ' ', 1, 0, '2024-02-06 17:30:08'),
(125, 1, 1, 2, '0', NULL, ' ', 1, 0, '2024-02-06 17:30:08'),
(126, 1, 1, 2, '0', NULL, ' ', 1, 0, '2024-02-06 17:30:08'),
(127, 1, 1, 2, '0', NULL, ' ', 1, 0, '2024-02-06 17:30:08'),
(128, 1, 1, 2, '0', NULL, ' ', 1, 0, '2024-02-06 17:30:08'),
(129, 1, 1, 2, '0', NULL, ' ', 1, 0, '2024-02-06 17:30:08'),
(130, 1, 1, 2, '0', NULL, ' ', 1, 0, '2024-02-06 17:30:08'),
(131, 1, 1, 2, '0', NULL, ' ', 1, 0, '2024-02-06 17:30:08'),
(132, 1, 1, 2, '0', NULL, ' ', 1, 0, '2024-02-06 17:30:08'),
(133, 1, 1, 2, '0', NULL, ' ', 1, 0, '2024-02-06 17:30:08'),
(134, 1, 1, 2, '0', NULL, ' ', 1, 0, '2024-02-06 17:30:08'),
(135, 1, 1, 2, '0', NULL, ' ', 1, 0, '2024-02-06 17:30:08'),
(136, 1, 1, 2, '0', NULL, ' ', 1, 0, '2024-02-06 17:30:08'),
(137, 1, 1, 2, '0', NULL, ' ', 1, 0, '2024-02-06 17:30:08'),
(138, 1, 1, 2, '0', NULL, ' ', 1, 0, '2024-02-06 17:30:08'),
(139, 1, 1, 2, '0', NULL, ' ', 1, 0, '2024-02-06 17:30:08'),
(140, 1, 1, 2, '0', NULL, ' ', 1, 0, '2024-02-06 17:30:08'),
(141, 1, 1, 2, '0', NULL, ' ', 1, 0, '2024-02-06 17:30:08'),
(142, 1, 1, 2, '0', NULL, ' ', 1, 0, '2024-02-06 17:30:08'),
(143, 1, 1, 2, '0', NULL, ' ', 1, 0, '2024-02-06 17:30:08'),
(144, 1, 1, 2, '0', NULL, ' ', 1, 0, '2024-02-06 17:30:08'),
(145, 1, 1, 2, '0', NULL, ' ', 1, 0, '2024-02-06 17:30:08'),
(146, 1, 1, 2, '0', NULL, ' ', 1, 0, '2024-02-06 17:30:08'),
(147, 1, 1, 2, '7032204422', NULL, 'saytech 1', 1, 0, '2024-02-06 17:30:58'),
(148, 1, 1, 2, '8143891107', NULL, 'xchangebox', 1, 0, '2024-02-06 17:30:58'),
(149, 1, 1, 2, '8052712266', NULL, 'danliti', 1, 0, '2024-02-06 17:30:58'),
(150, 1, 1, 2, '9091538672', NULL, 'test accounts', 1, 0, '2024-02-06 17:30:58'),
(151, 1, 1, 2, '7039074656', NULL, 'Abdulazeez_Kishimi_', 1, 0, '2024-02-06 17:30:58'),
(152, 1, 1, 2, '7051269073', NULL, 'Almustapha_Ibrahim_Bawa', 1, 0, '2024-02-06 17:30:58'),
(153, 1, 1, 2, '8062936027', NULL, 'Victor_Adagba_', 1, 0, '2024-02-06 17:30:58'),
(154, 1, 1, 2, '7066016358', NULL, 'Blessing_Agada_Anulika', 1, 0, '2024-02-06 17:30:58'),
(155, 1, 1, 2, '9083846494', NULL, 'Abdulrahman_Umarkoko_', 1, 0, '2024-02-06 17:30:58'),
(156, 1, 1, 2, '8140054444', NULL, 'OBUJE GENERAL MERCHANT', 1, 0, '2024-02-06 17:30:58'),
(157, 1, 1, 2, '8069626819', NULL, 'Hasan_Khamis_', 1, 0, '2024-02-06 17:30:58'),
(158, 1, 1, 2, '7084412621', NULL, 'Charlyx_Group_', 1, 0, '2024-02-06 17:30:58'),
(159, 1, 1, 2, '8038240223', NULL, 'Aminu_Abubakar_', 1, 0, '2024-02-06 17:30:58'),
(160, 1, 1, 2, '9054921501', NULL, 'SAMMY_AND REGY_ENTERPRISE', 1, 0, '2024-02-06 17:30:58'),
(161, 1, 1, 2, '7039086469', NULL, 'Roseline_Urama_Urama', 1, 0, '2024-02-06 17:30:58'),
(162, 1, 1, 2, '8038637516', NULL, 'Aliyu_Shehu_Aliyu', 1, 0, '2024-02-06 17:30:58'),
(163, 1, 1, 2, '7034675482', NULL, 'ZAI_Dauda Kure_', 1, 0, '2024-02-06 17:30:58'),
(164, 1, 1, 2, '8063813434', NULL, 'Nazifi_Bala_', 1, 0, '2024-02-06 17:30:58'),
(165, 1, 1, 2, '7057711669', NULL, 'Aminu_kano_', 1, 0, '2024-02-06 17:30:58'),
(166, 1, 1, 2, '8164932279', NULL, 'Adam_surajo_', 1, 0, '2024-02-06 17:30:58'),
(167, 1, 1, 2, '7030843030', NULL, 'D_B_C SERVICES ', 1, 0, '2024-02-06 17:30:58'),
(168, 1, 1, 2, '8133460642', NULL, 'Nuhu_Hamisu_', 1, 0, '2024-02-06 17:30:58'),
(169, 1, 1, 2, '8100949442', NULL, 'Babangida_Yahaya_Danladi', 1, 0, '2024-02-06 17:30:58'),
(170, 1, 1, 2, '8034581414', NULL, 'Kabiru_Sani_', 1, 0, '2024-02-06 17:30:58'),
(171, 1, 1, 2, '8160921413', NULL, 'Jamilu_Sani_', 1, 0, '2024-02-06 17:30:58'),
(172, 1, 1, 2, '8165472625', NULL, 'Haruna_Adam_Khalifa', 1, 0, '2024-02-06 17:30:58'),
(173, 1, 1, 2, '8098470891', NULL, 'Damilola_Adeyemo_', 1, 0, '2024-02-06 17:30:58'),
(174, 1, 1, 2, '8063596935', NULL, 'Usman_Modibbo_Ahmad', 1, 0, '2024-02-06 17:30:58'),
(175, 1, 1, 2, '8035351058', NULL, 'Michael_Balogun_Balogun', 1, 0, '2024-02-06 17:30:58'),
(176, 1, 1, 2, '8038024928', NULL, 'Mahmud_Muhammad_Rabiu', 1, 0, '2024-02-06 17:30:58'),
(177, 1, 1, 2, '8038362520', NULL, 'Chika_Okoye_', 1, 0, '2024-02-06 17:30:58'),
(178, 1, 1, 2, '8035814577', NULL, 'Mary_Obasi_Cynthia', 1, 0, '2024-02-06 17:30:58'),
(179, 1, 1, 2, '7038462079', NULL, 'Yakubu_Babangida_', 1, 0, '2024-02-06 17:30:58'),
(180, 1, 1, 2, '8034483401', NULL, 'Olusegun_Omotosho_Seun', 1, 0, '2024-02-06 17:30:58'),
(181, 1, 1, 2, '8077205732', NULL, 'John_Amahundu_Aondona', 1, 0, '2024-02-06 17:30:58'),
(182, 1, 1, 2, '7063860821', NULL, 'Sandra_Aiyegbeni_Osas', 1, 0, '2024-02-06 17:30:58'),
(183, 1, 1, 2, '7068477888', NULL, 'Adebayo_Alaile_Chris', 1, 0, '2024-02-06 17:30:58'),
(184, 1, 1, 2, '8097125455', NULL, 'Yakubu O_Babangida_', 1, 0, '2024-02-06 17:30:58'),
(185, 1, 1, 2, '8036863704', NULL, 'MAYOWA_OBALISA_', 1, 0, '2024-02-06 17:30:58'),
(186, 1, 1, 2, '8036139558', NULL, 'Chioma_Florence_', 1, 0, '2024-02-06 17:30:58'),
(187, 1, 1, 2, '8067713828', NULL, 'FLORENCE_ULAKA_', 1, 0, '2024-02-06 17:30:58'),
(188, 1, 1, 2, '8063505018', NULL, 'HASSAN_OMALE_MUHAMMED', 1, 0, '2024-02-06 17:30:58'),
(189, 1, 1, 2, '8060366168', NULL, 'Adedotun_Adeyemi_Adewumi', 1, 0, '2024-02-06 17:30:58'),
(190, 1, 1, 2, '8071524680', NULL, 'Chigoziri_Ucheaga_Daniel', 1, 0, '2024-02-06 17:30:58'),
(191, 1, 1, 2, '8037686184', NULL, 'Mustapha_Ahmed_', 1, 0, '2024-02-06 17:30:58'),
(192, 1, 1, 2, '9020719671', NULL, 'Jude_Oparandu_Oparandu', 1, 0, '2024-02-06 17:30:58'),
(193, 1, 1, 2, '8033942962', NULL, 'Emmanuel azodo_Azodo_Emmanuel', 1, 0, '2024-02-06 17:30:58'),
(194, 1, 1, 2, '8120909445', NULL, 'Esther_Irri_Oghoghozino', 1, 0, '2024-02-06 17:30:58'),
(195, 1, 1, 2, '7067290609', NULL, 'Osita_Idike_Livinus', 1, 0, '2024-02-06 17:30:58'),
(196, 1, 1, 2, '7069375744', NULL, 'Zakabude_Omoluabi_Destiny', 1, 0, '2024-02-06 17:30:58'),
(197, 1, 1, 2, '7063643706', NULL, 'Adegboyega_Lawal_Lawal', 1, 0, '2024-02-06 17:30:58'),
(198, 1, 1, 2, '8036205356', NULL, 'YUSUF_YAHAYA_DEEN', 1, 0, '2024-02-06 17:30:58'),
(199, 1, 1, 2, '8166439620', NULL, 'Joshua_Andrew_', 1, 0, '2024-02-06 17:30:58'),
(200, 1, 1, 2, '7032204422', NULL, 'saytech 1', 1, 0, '2024-02-06 17:33:01'),
(201, 1, 1, 2, '8143891107', NULL, 'xchangebox', 1, 0, '2024-02-06 17:33:01'),
(202, 1, 1, 2, '8052712266', NULL, 'danliti', 1, 0, '2024-02-06 17:33:01'),
(203, 1, 1, 2, '9091538672', NULL, 'test accounts', 1, 0, '2024-02-06 17:33:01'),
(204, 1, 1, 2, '7039074656', NULL, 'Abdulazeez_Kishimi_', 1, 0, '2024-02-06 17:33:01'),
(205, 1, 1, 2, '7051269073', NULL, 'Almustapha_Ibrahim_Bawa', 1, 0, '2024-02-06 17:33:01'),
(206, 1, 1, 2, '8062936027', NULL, 'Victor_Adagba_', 1, 0, '2024-02-06 17:33:01'),
(207, 1, 1, 2, '7066016358', NULL, 'Blessing_Agada_Anulika', 1, 0, '2024-02-06 17:33:01'),
(208, 1, 1, 2, '9083846494', NULL, 'Abdulrahman_Umarkoko_', 1, 0, '2024-02-06 17:33:01'),
(209, 1, 1, 2, '8140054444', NULL, 'OBUJE GENERAL MERCHANT', 1, 0, '2024-02-06 17:33:01'),
(210, 1, 1, 2, '8069626819', NULL, 'Hasan_Khamis_', 1, 0, '2024-02-06 17:33:01'),
(211, 1, 1, 2, '7084412621', NULL, 'Charlyx_Group_', 1, 0, '2024-02-06 17:33:01'),
(212, 1, 1, 2, '8038240223', NULL, 'Aminu_Abubakar_', 1, 0, '2024-02-06 17:33:01'),
(213, 1, 1, 2, '9054921501', NULL, 'SAMMY_AND REGY_ENTERPRISE', 1, 0, '2024-02-06 17:33:01'),
(214, 1, 1, 2, '7039086469', NULL, 'Roseline_Urama_Urama', 1, 0, '2024-02-06 17:33:01'),
(215, 1, 1, 2, '8038637516', NULL, 'Aliyu_Shehu_Aliyu', 1, 0, '2024-02-06 17:33:01'),
(216, 1, 1, 2, '7034675482', NULL, 'ZAI_Dauda Kure_', 1, 0, '2024-02-06 17:33:01'),
(217, 1, 1, 2, '8063813434', NULL, 'Nazifi_Bala_', 1, 0, '2024-02-06 17:33:01'),
(218, 1, 1, 2, '7057711669', NULL, 'Aminu_kano_', 1, 0, '2024-02-06 17:33:01'),
(219, 1, 1, 2, '8164932279', NULL, 'Adam_surajo_', 1, 0, '2024-02-06 17:33:01'),
(220, 1, 1, 2, '7030843030', NULL, 'D_B_C SERVICES ', 1, 0, '2024-02-06 17:33:01'),
(221, 1, 1, 2, '8133460642', NULL, 'Nuhu_Hamisu_', 1, 0, '2024-02-06 17:33:01'),
(222, 1, 1, 2, '8100949442', NULL, 'Babangida_Yahaya_Danladi', 1, 0, '2024-02-06 17:33:01'),
(223, 1, 1, 2, '8034581414', NULL, 'Kabiru_Sani_', 1, 0, '2024-02-06 17:33:01'),
(224, 1, 1, 2, '8160921413', NULL, 'Jamilu_Sani_', 1, 0, '2024-02-06 17:33:01'),
(225, 1, 1, 2, '8165472625', NULL, 'Haruna_Adam_Khalifa', 1, 0, '2024-02-06 17:33:01'),
(226, 1, 1, 2, '8098470891', NULL, 'Damilola_Adeyemo_', 1, 0, '2024-02-06 17:33:01'),
(227, 1, 1, 2, '8063596935', NULL, 'Usman_Modibbo_Ahmad', 1, 0, '2024-02-06 17:33:01'),
(228, 1, 1, 2, '8035351058', NULL, 'Michael_Balogun_Balogun', 1, 0, '2024-02-06 17:33:01'),
(229, 1, 1, 2, '8038024928', NULL, 'Mahmud_Muhammad_Rabiu', 1, 0, '2024-02-06 17:33:01'),
(230, 1, 1, 2, '8038362520', NULL, 'Chika_Okoye_', 1, 0, '2024-02-06 17:33:01'),
(231, 1, 1, 2, '8035814577', NULL, 'Mary_Obasi_Cynthia', 1, 0, '2024-02-06 17:33:01'),
(232, 1, 1, 2, '7038462079', NULL, 'Yakubu_Babangida_', 1, 0, '2024-02-06 17:33:01'),
(233, 1, 1, 2, '8034483401', NULL, 'Olusegun_Omotosho_Seun', 1, 0, '2024-02-06 17:33:01'),
(234, 1, 1, 2, '8077205732', NULL, 'John_Amahundu_Aondona', 1, 0, '2024-02-06 17:33:01'),
(235, 1, 1, 2, '7063860821', NULL, 'Sandra_Aiyegbeni_Osas', 1, 0, '2024-02-06 17:33:01'),
(236, 1, 1, 2, '7068477888', NULL, 'Adebayo_Alaile_Chris', 1, 0, '2024-02-06 17:33:01'),
(237, 1, 1, 2, '8097125455', NULL, 'Yakubu O_Babangida_', 1, 0, '2024-02-06 17:33:01'),
(238, 1, 1, 2, '8036863704', NULL, 'MAYOWA_OBALISA_', 1, 0, '2024-02-06 17:33:01'),
(239, 1, 1, 2, '8036139558', NULL, 'Chioma_Florence_', 1, 0, '2024-02-06 17:33:01'),
(240, 1, 1, 2, '8067713828', NULL, 'FLORENCE_ULAKA_', 1, 0, '2024-02-06 17:33:01'),
(241, 1, 1, 2, '8063505018', NULL, 'HASSAN_OMALE_MUHAMMED', 1, 0, '2024-02-06 17:33:01'),
(242, 1, 1, 2, '8060366168', NULL, 'Adedotun_Adeyemi_Adewumi', 1, 0, '2024-02-06 17:33:01'),
(243, 1, 1, 2, '8071524680', NULL, 'Chigoziri_Ucheaga_Daniel', 1, 0, '2024-02-06 17:33:01'),
(244, 1, 1, 2, '8037686184', NULL, 'Mustapha_Ahmed_', 1, 0, '2024-02-06 17:33:01'),
(245, 1, 1, 2, '9020719671', NULL, 'Jude_Oparandu_Oparandu', 1, 0, '2024-02-06 17:33:01'),
(246, 1, 1, 2, '8033942962', NULL, 'Emmanuel azodo_Azodo_Emmanuel', 1, 0, '2024-02-06 17:33:01'),
(247, 1, 1, 2, '8120909445', NULL, 'Esther_Irri_Oghoghozino', 1, 0, '2024-02-06 17:33:01'),
(248, 1, 1, 2, '7067290609', NULL, 'Osita_Idike_Livinus', 1, 0, '2024-02-06 17:33:02'),
(249, 1, 1, 2, '7069375744', NULL, 'Zakabude_Omoluabi_Destiny', 1, 0, '2024-02-06 17:33:02'),
(250, 1, 1, 2, '7063643706', NULL, 'Adegboyega_Lawal_Lawal', 1, 0, '2024-02-06 17:33:02'),
(251, 1, 1, 2, '8036205356', NULL, 'YUSUF_YAHAYA_DEEN', 1, 0, '2024-02-06 17:33:02'),
(252, 1, 1, 2, '8166439620', NULL, 'Joshua_Andrew_', 1, 0, '2024-02-06 17:33:02'),
(253, 1, 1, 2, '7032204422', NULL, 'saytech 1', 1, 0, '2024-02-06 17:35:06'),
(254, 1, 1, 2, '8143891107', NULL, 'xchangebox', 1, 0, '2024-02-06 17:35:06'),
(255, 1, 1, 2, '8052712266', NULL, 'danliti', 1, 0, '2024-02-06 17:35:06'),
(256, 1, 1, 2, '9091538672', NULL, 'test accounts', 1, 0, '2024-02-06 17:35:06'),
(257, 1, 1, 2, '7039074656', NULL, 'Abdulazeez_Kishimi_', 1, 0, '2024-02-06 17:35:06'),
(258, 1, 1, 2, '7051269073', NULL, 'Almustapha_Ibrahim_Bawa', 1, 0, '2024-02-06 17:35:06'),
(259, 1, 1, 2, '8062936027', NULL, 'Victor_Adagba_', 1, 0, '2024-02-06 17:35:06'),
(260, 1, 1, 2, '7066016358', NULL, 'Blessing_Agada_Anulika', 1, 0, '2024-02-06 17:35:06'),
(261, 1, 1, 2, '9083846494', NULL, 'Abdulrahman_Umarkoko_', 1, 0, '2024-02-06 17:35:06'),
(262, 1, 1, 2, '8140054444', NULL, 'OBUJE GENERAL MERCHANT', 1, 0, '2024-02-06 17:35:06'),
(263, 1, 1, 2, '8069626819', NULL, 'Hasan_Khamis_', 1, 0, '2024-02-06 17:35:06'),
(264, 1, 1, 2, '7084412621', NULL, 'Charlyx_Group_', 1, 0, '2024-02-06 17:35:06'),
(265, 1, 1, 2, '8038240223', NULL, 'Aminu_Abubakar_', 1, 0, '2024-02-06 17:35:06'),
(266, 1, 1, 2, '9054921501', NULL, 'SAMMY_AND REGY_ENTERPRISE', 1, 0, '2024-02-06 17:35:06'),
(267, 1, 1, 2, '7039086469', NULL, 'Roseline_Urama_Urama', 1, 0, '2024-02-06 17:35:06'),
(268, 1, 1, 2, '8038637516', NULL, 'Aliyu_Shehu_Aliyu', 1, 0, '2024-02-06 17:35:06'),
(269, 1, 1, 2, '7034675482', NULL, 'ZAI_Dauda Kure_', 1, 0, '2024-02-06 17:35:06'),
(270, 1, 1, 2, '8063813434', NULL, 'Nazifi_Bala_', 1, 0, '2024-02-06 17:35:06'),
(271, 1, 1, 2, '7057711669', NULL, 'Aminu_kano_', 1, 0, '2024-02-06 17:35:06'),
(272, 1, 1, 2, '8164932279', NULL, 'Adam_surajo_', 1, 0, '2024-02-06 17:35:06'),
(273, 1, 1, 2, '7030843030', NULL, 'D_B_C SERVICES ', 1, 0, '2024-02-06 17:35:06'),
(274, 1, 1, 2, '8133460642', NULL, 'Nuhu_Hamisu_', 1, 0, '2024-02-06 17:35:06'),
(275, 1, 1, 2, '8100949442', NULL, 'Babangida_Yahaya_Danladi', 1, 0, '2024-02-06 17:35:06'),
(276, 1, 1, 2, '8034581414', NULL, 'Kabiru_Sani_', 1, 0, '2024-02-06 17:35:06'),
(277, 1, 1, 2, '8160921413', NULL, 'Jamilu_Sani_', 1, 0, '2024-02-06 17:35:06'),
(278, 1, 1, 2, '8165472625', NULL, 'Haruna_Adam_Khalifa', 1, 0, '2024-02-06 17:35:06'),
(279, 1, 1, 2, '8098470891', NULL, 'Damilola_Adeyemo_', 1, 0, '2024-02-06 17:35:06'),
(280, 1, 1, 2, '8063596935', NULL, 'Usman_Modibbo_Ahmad', 1, 0, '2024-02-06 17:35:06'),
(281, 1, 1, 2, '8035351058', NULL, 'Michael_Balogun_Balogun', 1, 0, '2024-02-06 17:35:06'),
(282, 1, 1, 2, '8038024928', NULL, 'Mahmud_Muhammad_Rabiu', 1, 0, '2024-02-06 17:35:06'),
(283, 1, 1, 2, '8038362520', NULL, 'Chika_Okoye_', 1, 0, '2024-02-06 17:35:06'),
(284, 1, 1, 2, '8035814577', NULL, 'Mary_Obasi_Cynthia', 1, 0, '2024-02-06 17:35:06'),
(285, 1, 1, 2, '7038462079', NULL, 'Yakubu_Babangida_', 1, 0, '2024-02-06 17:35:06'),
(286, 1, 1, 2, '8034483401', NULL, 'Olusegun_Omotosho_Seun', 1, 0, '2024-02-06 17:35:06'),
(287, 1, 1, 2, '8077205732', NULL, 'John_Amahundu_Aondona', 1, 0, '2024-02-06 17:35:06'),
(288, 1, 1, 2, '7063860821', NULL, 'Sandra_Aiyegbeni_Osas', 1, 0, '2024-02-06 17:35:06'),
(289, 1, 1, 2, '7068477888', NULL, 'Adebayo_Alaile_Chris', 1, 0, '2024-02-06 17:35:06'),
(290, 1, 1, 2, '8097125455', NULL, 'Yakubu O_Babangida_', 1, 0, '2024-02-06 17:35:06'),
(291, 1, 1, 2, '8036863704', NULL, 'MAYOWA_OBALISA_', 1, 0, '2024-02-06 17:35:06'),
(292, 1, 1, 2, '8036139558', NULL, 'Chioma_Florence_', 1, 0, '2024-02-06 17:35:06'),
(293, 1, 1, 2, '8067713828', NULL, 'FLORENCE_ULAKA_', 1, 0, '2024-02-06 17:35:06'),
(294, 1, 1, 2, '8063505018', NULL, 'HASSAN_OMALE_MUHAMMED', 1, 0, '2024-02-06 17:35:06'),
(295, 1, 1, 2, '8060366168', NULL, 'Adedotun_Adeyemi_Adewumi', 1, 0, '2024-02-06 17:35:06'),
(296, 1, 1, 2, '8071524680', NULL, 'Chigoziri_Ucheaga_Daniel', 1, 0, '2024-02-06 17:35:06'),
(297, 1, 1, 2, '8037686184', NULL, 'Mustapha_Ahmed_', 1, 0, '2024-02-06 17:35:06'),
(298, 1, 1, 2, '9020719671', NULL, 'Jude_Oparandu_Oparandu', 1, 0, '2024-02-06 17:35:06'),
(299, 1, 1, 2, '8033942962', NULL, 'Emmanuel azodo_Azodo_Emmanuel', 1, 0, '2024-02-06 17:35:06'),
(300, 1, 1, 2, '8120909445', NULL, 'Esther_Irri_Oghoghozino', 1, 0, '2024-02-06 17:35:06'),
(301, 1, 1, 2, '7067290609', NULL, 'Osita_Idike_Livinus', 1, 0, '2024-02-06 17:35:06'),
(302, 1, 1, 2, '7069375744', NULL, 'Zakabude_Omoluabi_Destiny', 1, 0, '2024-02-06 17:35:06'),
(303, 1, 1, 2, '7063643706', NULL, 'Adegboyega_Lawal_Lawal', 1, 0, '2024-02-06 17:35:06'),
(304, 1, 1, 2, '8036205356', NULL, 'YUSUF_YAHAYA_DEEN', 1, 0, '2024-02-06 17:35:06'),
(305, 1, 1, 2, '8166439620', NULL, 'Joshua_Andrew_', 1, 0, '2024-02-06 17:35:06'),
(306, 1, 1, 2, '7032204422', NULL, 'saytech 1', 1, 0, '2024-02-07 08:48:48'),
(307, 1, 1, 2, '8143891107', NULL, 'xchangebox', 1, 0, '2024-02-07 08:48:48'),
(308, 1, 1, 2, '8052712266', NULL, 'danliti', 1, 0, '2024-02-07 08:48:48'),
(309, 1, 1, 2, '9091538672', NULL, 'test accounts', 1, 0, '2024-02-07 08:48:48'),
(310, 1, 1, 2, '7039074656', NULL, 'Abdulazeez_Kishimi_', 1, 0, '2024-02-07 08:48:48'),
(311, 1, 1, 2, '7051269073', NULL, 'Almustapha_Ibrahim_Bawa', 1, 0, '2024-02-07 08:48:48'),
(312, 1, 1, 2, '8062936027', NULL, 'Victor_Adagba_', 1, 0, '2024-02-07 08:48:48'),
(313, 1, 1, 2, '7066016358', NULL, 'Blessing_Agada_Anulika', 1, 0, '2024-02-07 08:48:48'),
(314, 1, 1, 2, '9083846494', NULL, 'Abdulrahman_Umarkoko_', 1, 0, '2024-02-07 08:48:48'),
(315, 1, 1, 2, '8140054444', NULL, 'OBUJE GENERAL MERCHANT', 1, 0, '2024-02-07 08:48:48'),
(316, 1, 1, 2, '8069626819', NULL, 'Hasan_Khamis_', 1, 0, '2024-02-07 08:48:48'),
(317, 1, 1, 2, '7084412621', NULL, 'Charlyx_Group_', 1, 0, '2024-02-07 08:48:48'),
(318, 1, 1, 2, '8038240223', NULL, 'Aminu_Abubakar_', 1, 0, '2024-02-07 08:48:48'),
(319, 1, 1, 2, '9054921501', NULL, 'SAMMY_AND REGY_ENTERPRISE', 1, 0, '2024-02-07 08:48:48'),
(320, 1, 1, 2, '7039086469', NULL, 'Roseline_Urama_Urama', 1, 0, '2024-02-07 08:48:48'),
(321, 1, 1, 2, '8038637516', NULL, 'Aliyu_Shehu_Aliyu', 1, 0, '2024-02-07 08:48:48'),
(322, 1, 1, 2, '7034675482', NULL, 'ZAI_Dauda Kure_', 1, 0, '2024-02-07 08:48:48'),
(323, 1, 1, 2, '8063813434', NULL, 'Nazifi_Bala_', 1, 0, '2024-02-07 08:48:48'),
(324, 1, 1, 2, '7057711669', NULL, 'Aminu_kano_', 1, 0, '2024-02-07 08:48:48'),
(325, 1, 1, 2, '8164932279', NULL, 'Adam_surajo_', 1, 0, '2024-02-07 08:48:48'),
(326, 1, 1, 2, '7030843030', NULL, 'D_B_C SERVICES ', 1, 0, '2024-02-07 08:48:48'),
(327, 1, 1, 2, '8133460642', NULL, 'Nuhu_Hamisu_', 1, 0, '2024-02-07 08:48:48'),
(328, 1, 1, 2, '8100949442', NULL, 'Babangida_Yahaya_Danladi', 1, 0, '2024-02-07 08:48:48'),
(329, 1, 1, 2, '8034581414', NULL, 'Kabiru_Sani_', 1, 0, '2024-02-07 08:48:48'),
(330, 1, 1, 2, '8160921413', NULL, 'Jamilu_Sani_', 1, 0, '2024-02-07 08:48:48'),
(331, 1, 1, 2, '8165472625', NULL, 'Haruna_Adam_Khalifa', 1, 0, '2024-02-07 08:48:48'),
(332, 1, 1, 2, '8098470891', NULL, 'Damilola_Adeyemo_', 1, 0, '2024-02-07 08:48:48'),
(333, 1, 1, 2, '8063596935', NULL, 'Usman_Modibbo_Ahmad', 1, 0, '2024-02-07 08:48:48'),
(334, 1, 1, 2, '8035351058', NULL, 'Michael_Balogun_Balogun', 1, 0, '2024-02-07 08:48:48'),
(335, 1, 1, 2, '8038024928', NULL, 'Mahmud_Muhammad_Rabiu', 1, 0, '2024-02-07 08:48:48'),
(336, 1, 1, 2, '8038362520', NULL, 'Chika_Okoye_', 1, 0, '2024-02-07 08:48:48'),
(337, 1, 1, 2, '8035814577', NULL, 'Mary_Obasi_Cynthia', 1, 0, '2024-02-07 08:48:48'),
(338, 1, 1, 2, '7038462079', NULL, 'Yakubu_Babangida_', 1, 0, '2024-02-07 08:48:48'),
(339, 1, 1, 2, '8034483401', NULL, 'Olusegun_Omotosho_Seun', 1, 0, '2024-02-07 08:48:48'),
(340, 1, 1, 2, '8077205732', NULL, 'John_Amahundu_Aondona', 1, 0, '2024-02-07 08:48:48'),
(341, 1, 1, 2, '7063860821', NULL, 'Sandra_Aiyegbeni_Osas', 1, 0, '2024-02-07 08:48:48'),
(342, 1, 1, 2, '7068477888', NULL, 'Adebayo_Alaile_Chris', 1, 0, '2024-02-07 08:48:48'),
(343, 1, 1, 2, '8097125455', NULL, 'Yakubu O_Babangida_', 1, 0, '2024-02-07 08:48:48'),
(344, 1, 1, 2, '8036863704', NULL, 'MAYOWA_OBALISA_', 1, 0, '2024-02-07 08:48:48'),
(345, 1, 1, 2, '8036139558', NULL, 'Chioma_Florence_', 1, 0, '2024-02-07 08:48:48'),
(346, 1, 1, 2, '8067713828', NULL, 'FLORENCE_ULAKA_', 1, 0, '2024-02-07 08:48:48'),
(347, 1, 1, 2, '8063505018', NULL, 'HASSAN_OMALE_MUHAMMED', 1, 0, '2024-02-07 08:48:48'),
(348, 1, 1, 2, '8060366168', NULL, 'Adedotun_Adeyemi_Adewumi', 1, 0, '2024-02-07 08:48:48'),
(349, 1, 1, 2, '8071524680', NULL, 'Chigoziri_Ucheaga_Daniel', 1, 0, '2024-02-07 08:48:48'),
(350, 1, 1, 2, '8037686184', NULL, 'Mustapha_Ahmed_', 1, 0, '2024-02-07 08:48:48'),
(351, 1, 1, 2, '9020719671', NULL, 'Jude_Oparandu_Oparandu', 1, 0, '2024-02-07 08:48:48'),
(352, 1, 1, 2, '8033942962', NULL, 'Emmanuel azodo_Azodo_Emmanuel', 1, 0, '2024-02-07 08:48:48'),
(353, 1, 1, 2, '8120909445', NULL, 'Esther_Irri_Oghoghozino', 1, 0, '2024-02-07 08:48:48'),
(354, 1, 1, 2, '7067290609', NULL, 'Osita_Idike_Livinus', 1, 0, '2024-02-07 08:48:48'),
(355, 1, 1, 2, '7069375744', NULL, 'Zakabude_Omoluabi_Destiny', 1, 0, '2024-02-07 08:48:48'),
(356, 1, 1, 2, '7063643706', NULL, 'Adegboyega_Lawal_Lawal', 1, 0, '2024-02-07 08:48:48'),
(357, 1, 1, 2, '8036205356', NULL, 'YUSUF_YAHAYA_DEEN', 1, 0, '2024-02-07 08:48:48'),
(358, 1, 1, 2, '8166439620', NULL, 'Joshua_Andrew_', 1, 0, '2024-02-07 08:48:48');

-- --------------------------------------------------------

--
-- Table structure for table `account_groups`
--

DROP TABLE IF EXISTS `account_groups`;
CREATE TABLE IF NOT EXISTS `account_groups` (
  `id` bigint UNSIGNED NOT NULL AUTO_INCREMENT,
  `accountgroup` varchar(50) NOT NULL,
  UNIQUE KEY `id` (`id`)
) ENGINE=MyISAM AUTO_INCREMENT=6 DEFAULT CHARSET=latin1;

--
-- Dumping data for table `account_groups`
--

INSERT INTO `account_groups` (`id`, `accountgroup`) VALUES
(1, 'Asset'),
(2, 'Liabilty'),
(3, 'Equity'),
(4, 'Expense'),
(5, 'Income');

-- --------------------------------------------------------

--
-- Table structure for table `account_heads`
--

DROP TABLE IF EXISTS `account_heads`;
CREATE TABLE IF NOT EXISTS `account_heads` (
  `id` bigint UNSIGNED NOT NULL AUTO_INCREMENT,
  `groupid` int NOT NULL,
  `accoundheadcode` varchar(20) NOT NULL,
  `accounthead` varchar(100) NOT NULL,
  UNIQUE KEY `id` (`id`)
) ENGINE=MyISAM AUTO_INCREMENT=8 DEFAULT CHARSET=latin1;

--
-- Dumping data for table `account_heads`
--

INSERT INTO `account_heads` (`id`, `groupid`, `accoundheadcode`, `accounthead`) VALUES
(1, 1, '11', 'Current Asset'),
(2, 1, '12', 'Fixed Asset'),
(3, 2, '21', 'Current Liability'),
(4, 2, '22', 'Long Term Liability'),
(5, 3, '31', 'Capital'),
(6, 4, '41', 'Expense'),
(7, 5, '51', 'Income');

-- --------------------------------------------------------

--
-- Table structure for table `account_setups`
--

DROP TABLE IF EXISTS `account_setups`;
CREATE TABLE IF NOT EXISTS `account_setups` (
  `id` bigint UNSIGNED NOT NULL AUTO_INCREMENT,
  `particular` varchar(100) NOT NULL,
  `account_id` int DEFAULT NULL,
  UNIQUE KEY `id` (`id`)
) ENGINE=MyISAM AUTO_INCREMENT=5 DEFAULT CHARSET=latin1;

--
-- Dumping data for table `account_setups`
--

INSERT INTO `account_setups` (`id`, `particular`, `account_id`) VALUES
(1, 'Loan Interest', 5),
(2, 'Registration Income', 13),
(3, 'Processing fees', 14),
(4, 'Defaulter', 15);

-- --------------------------------------------------------

--
-- Table structure for table `account_subheads`
--

DROP TABLE IF EXISTS `account_subheads`;
CREATE TABLE IF NOT EXISTS `account_subheads` (
  `id` bigint UNSIGNED NOT NULL AUTO_INCREMENT,
  `groupid` int NOT NULL,
  `headid` int NOT NULL,
  `subheadcode` varchar(50) NOT NULL,
  `subhead` varchar(50) NOT NULL,
  `status` int NOT NULL DEFAULT '1',
  `rank` double NOT NULL DEFAULT '0',
  `afs` int NOT NULL DEFAULT '0',
  UNIQUE KEY `id` (`id`)
) ENGINE=MyISAM AUTO_INCREMENT=10 DEFAULT CHARSET=latin1;

--
-- Dumping data for table `account_subheads`
--

INSERT INTO `account_subheads` (`id`, `groupid`, `headid`, `subheadcode`, `subhead`, `status`, `rank`, `afs`) VALUES
(1, 1, 1, '0', 'Cash', 1, 0, 0),
(2, 1, 1, '0', 'Customer Receivable', 1, 0, 0),
(3, 1, 1, '0', 'Banks', 1, 0, 0),
(4, 5, 7, '0', 'Loan Interest', 1, 0, 0),
(5, 4, 6, '0', 'Office Expense', 1, 0, 0),
(9, 5, 7, '0', 'Other Income', 1, 0, 0);

-- --------------------------------------------------------

--
-- Table structure for table `account_transactions`
--

DROP TABLE IF EXISTS `account_transactions`;
CREATE TABLE IF NOT EXISTS `account_transactions` (
  `id` bigint UNSIGNED NOT NULL AUTO_INCREMENT,
  `groupid` int NOT NULL,
  `headid` int NOT NULL,
  `subheadid` int NOT NULL,
  `accountid` int NOT NULL,
  `accountcode` varchar(200) NOT NULL,
  `debit` varchar(200) NOT NULL DEFAULT '0',
  `credit` varchar(200) NOT NULL DEFAULT '0',
  `remarks` text NOT NULL,
  `ref` varchar(200) NOT NULL,
  `manual_ref` varchar(200) DEFAULT NULL,
  `transdate` varchar(200) NOT NULL,
  `postby` varchar(100) NOT NULL,
  `createdat` datetime NOT NULL DEFAULT CURRENT_TIMESTAMP,
  `is_trial` tinyint NOT NULL DEFAULT '1',
  UNIQUE KEY `id` (`id`)
) ENGINE=MyISAM AUTO_INCREMENT=1561 DEFAULT CHARSET=latin1;

--
-- Dumping data for table `account_transactions`
--

INSERT INTO `account_transactions` (`id`, `groupid`, `headid`, `subheadid`, `accountid`, `accountcode`, `debit`, `credit`, `remarks`, `ref`, `manual_ref`, `transdate`, `postby`, `createdat`, `is_trial`) VALUES
(55, 1, 1, 3, 18, '0', '10000', '0', 'Registration fees: GOODLUCK', '1681376137128932', '1681376137128932', '2023-04-13', '45', '2023-04-13 04:55:37', 1),
(54, 5, 7, 9, 13, '0', '0', '10000', 'Registration fees: Nwamaka', '1680779320542443', '1680779320542443', '2023-04-06', '44', '2023-04-06 07:08:40', 1),
(53, 1, 1, 3, 18, '0', '10000', '0', 'Registration fees: Nwamaka', '1680779320542443', '1680779320542443', '2023-04-06', '44', '2023-04-06 07:08:40', 1),
(52, 5, 7, 9, 13, '0', '0', '10000', 'Registration fees: Nwamaka', '1680778928909722', '1680778928909722', '2023-04-06', '44', '2023-04-06 07:02:08', 1),
(51, 1, 1, 3, 18, '0', '10000', '0', 'Registration fees: Nwamaka', '1680778928909722', '1680778928909722', '2023-04-06', '44', '2023-04-06 07:02:08', 1),
(50, 5, 7, 9, 13, '0', '0', '10000', 'Registration fees: Kenneth', '1680773771877691', '1680773771877691', '2023-04-06', '44', '2023-04-06 05:36:11', 1),
(47, 1, 1, 2, 29, '0', '105000', '0', 'Interest charge: Anulika', '1680528733177912', '1680528733177912', '2023-03-25', '45', '2023-04-03 09:32:13', 1),
(45, 1, 1, 2, 29, '0', '100000', '0', 'Interest charge: Anulika', '1677316743960864', '1677316743960864', '2023-02-25', '13', '2023-02-25 04:19:03', 1),
(46, 5, 7, 4, 5, '0', '0', '100000', 'Interest charge: Anulika', '1677316743960864', '1677316743960864', '2023-02-25', '13', '2023-02-25 04:19:03', 1),
(40, 5, 7, 9, 13, '0', '0', '10000', 'Registration fees: Mohammed', '1675244010274059', '1675244010274059', '2023-02-01', '45', '2023-02-01 04:33:30', 1),
(39, 1, 1, 3, 18, '0', '10000', '0', 'Registration fees: Mohammed', '1675244010274059', '1675244010274059', '2023-02-01', '45', '2023-02-01 04:33:30', 1),
(49, 1, 1, 3, 18, '0', '10000', '0', 'Registration fees: Kenneth', '1680773771877691', '1680773771877691', '2023-04-06', '44', '2023-04-06 05:36:11', 1),
(48, 5, 7, 4, 5, '0', '0', '105000', 'Interest charge: Anulika', '1680528733177912', '1680528733177912', '2023-03-25', '45', '2023-04-03 09:32:13', 1),
(36, 5, 7, 9, 13, '0', '0', '10000', 'Registration fees: CHIMA', '1675156528048206', '1675156528048206', '2023-01-31', '45', '2023-01-31 04:15:28', 1),
(35, 1, 1, 3, 18, '0', '10000', '0', 'Registration fees: CHIMA', '1675156528048206', '1675156528048206', '2023-01-31', '45', '2023-01-31 04:15:28', 1),
(34, 5, 7, 9, 13, '0', '0', '10000', 'Registration fees: IKECHUKWU', '1675156433959419', '1675156433959419', '2023-01-31', '45', '2023-01-31 04:13:53', 1),
(21, 1, 1, 3, 18, '0', '10000', '0', 'Registration fees: Anulika', '1674550302358911', '1674550302358911', '2023-01-24', '45', '2023-01-24 03:51:42', 1),
(22, 5, 7, 9, 13, '0', '0', '10000', 'Registration fees: Anulika', '1674550302358911', '1674550302358911', '2023-01-24', '45', '2023-01-24 03:51:42', 1),
(33, 1, 1, 3, 18, '0', '10000', '0', 'Registration fees: IKECHUKWU', '1675156433959419', '1675156433959419', '2023-01-31', '45', '2023-01-31 04:13:53', 1),
(29, 1, 1, 3, 18, '0', '100000', '0', 'Processing fees: Anulika', '1674678920785991', '1674678920785991', '2023-01-20', '46', '2023-01-25 15:35:20', 1),
(30, 5, 7, 9, 14, '0', '0', '100000', 'Processing fees: Anulika', '1674678920785991', '1674678920785991', '2023-01-20', '46', '2023-01-25 15:35:20', 1),
(31, 1, 1, 2, 29, '0', '2000000', '0', 'Loan disbursement Anulika', 'ref', 'manual_ref', '2023-01-20', '46', '2023-01-25 15:37:12', 1),
(32, 1, 1, 3, 1, '0', '0', '2000000', 'Loan disbursement Anulika', 'ref', 'manual_ref', '2023-01-20', '46', '2023-01-25 15:37:12', 1),
(56, 5, 7, 9, 13, '0', '0', '10000', 'Registration fees: GOODLUCK', '1681376137128932', '1681376137128932', '2023-04-13', '45', '2023-04-13 04:55:37', 1),
(57, 1, 1, 3, 18, '0', '10000', '0', 'Registration fees: CHARLSE', '1681377484998751', '1681377484998751', '2023-04-13', '45', '2023-04-13 05:18:04', 1),
(58, 5, 7, 9, 13, '0', '0', '10000', 'Registration fees: CHARLSE', '1681377484998751', '1681377484998751', '2023-04-13', '45', '2023-04-13 05:18:04', 1),
(59, 1, 1, 3, 18, '0', '100000', '0', 'Processing fees: Kenneth', '1681481997270337', '1681481997270337', '2023-04-06', '46', '2023-04-14 10:19:57', 1),
(60, 5, 7, 9, 14, '0', '0', '100000', 'Processing fees: Kenneth', '1681481997270337', '1681481997270337', '2023-04-06', '46', '2023-04-14 10:19:57', 1),
(61, 1, 1, 3, 18, '0', '100000', '0', 'Processing fees: MOHAMMED', '1681482043586598', '1681482043586598', '2023-02-01', '46', '2023-04-14 10:20:43', 1),
(62, 5, 7, 9, 14, '0', '0', '100000', 'Processing fees: MOHAMMED', '1681482043586598', '1681482043586598', '2023-02-01', '46', '2023-04-14 10:20:43', 1),
(63, 1, 1, 3, 18, '0', '100000', '0', 'Processing fees: GLOBAL', '1681482108538851', '1681482108538851', '2023-01-31', '46', '2023-04-14 10:21:48', 1),
(64, 5, 7, 9, 14, '0', '0', '100000', 'Processing fees: GLOBAL', '1681482108538851', '1681482108538851', '2023-01-31', '46', '2023-04-14 10:21:48', 1),
(65, 1, 1, 3, 18, '0', '100000', '0', 'Processing fees: CHIMA', '1681482148729018', '1681482148729018', '2023-04-13', '46', '2023-04-14 10:22:28', 1),
(66, 5, 7, 9, 14, '0', '0', '100000', 'Processing fees: CHIMA', '1681482148729018', '1681482148729018', '2023-04-13', '46', '2023-04-14 10:22:28', 1),
(67, 1, 1, 3, 18, '0', '75000', '0', 'Processing fees: GOODLUCK', '1681482183409546', '1681482183409546', '2023-04-14', '46', '2023-04-14 10:23:03', 1),
(68, 5, 7, 9, 14, '0', '0', '75000', 'Processing fees: GOODLUCK', '1681482183409546', '1681482183409546', '2023-04-14', '46', '2023-04-14 10:23:03', 1),
(69, 1, 1, 3, 18, '0', '100000', '0', 'Processing fees: Nwamaka', '1681482207352983', '1681482207352983', '2023-04-12', '46', '2023-04-14 10:23:27', 1),
(70, 5, 7, 9, 14, '0', '0', '100000', 'Processing fees: Nwamaka', '1681482207352983', '1681482207352983', '2023-04-12', '46', '2023-04-14 10:23:27', 1),
(71, 1, 1, 2, 38, '0', '2000000', '0', 'Loan disbursement Kenneth', 'ref', 'manual_ref', '2023-04-14', '46', '2023-04-14 10:26:18', 1),
(72, 1, 1, 3, 18, '0', '0', '2000000', 'Loan disbursement Kenneth', 'ref', 'manual_ref', '2023-04-14', '46', '2023-04-14 10:26:18', 1),
(73, 1, 1, 2, 33, '0', '2000000', '0', 'Loan disbursement MOHAMMED', 'ref', 'manual_ref', '2023-04-14', '46', '2023-04-14 10:26:58', 1),
(74, 1, 1, 3, 1, '0', '0', '2000000', 'Loan disbursement MOHAMMED', 'ref', 'manual_ref', '2023-04-14', '46', '2023-04-14 10:26:58', 1),
(75, 1, 1, 2, 30, '0', '2000000', '0', 'Loan disbursement GLOBAL', 'ref', 'manual_ref', '2023-04-14', '46', '2023-04-14 10:27:35', 1),
(76, 1, 1, 3, 1, '0', '0', '2000000', 'Loan disbursement GLOBAL', 'ref', 'manual_ref', '2023-04-14', '46', '2023-04-14 10:27:35', 1),
(77, 1, 1, 2, 32, '0', '2000000', '0', 'Loan disbursement CHIMA', 'ref', 'manual_ref', '2023-04-14', '46', '2023-04-14 10:28:08', 1),
(78, 1, 1, 3, 1, '0', '0', '2000000', 'Loan disbursement CHIMA', 'ref', 'manual_ref', '2023-04-14', '46', '2023-04-14 10:28:08', 1),
(79, 1, 1, 2, 31, '0', '1500000', '0', 'Loan disbursement GOODLUCK', 'ref', 'manual_ref', '2023-04-14', '46', '2023-04-14 10:28:34', 1),
(80, 1, 1, 3, 1, '0', '0', '1500000', 'Loan disbursement GOODLUCK', 'ref', 'manual_ref', '2023-04-14', '46', '2023-04-14 10:28:34', 1),
(81, 1, 1, 2, 39, '0', '2000000', '0', 'Loan disbursement Nwamaka', 'ref', 'manual_ref', '2023-04-14', '46', '2023-04-14 10:29:01', 1),
(82, 1, 1, 3, 1, '0', '0', '2000000', 'Loan disbursement Nwamaka', 'ref', 'manual_ref', '2023-04-14', '46', '2023-04-14 10:29:01', 1),
(83, 1, 1, 3, 18, '0', '10000', '0', 'Registration fees: NATURAL', '1681485837323494', '1681485837323494', '2023-04-14', '45', '2023-04-14 11:23:57', 1),
(84, 5, 7, 9, 13, '0', '0', '10000', 'Registration fees: NATURAL', '1681485837323494', '1681485837323494', '2023-04-14', '45', '2023-04-14 11:23:57', 1),
(85, 1, 1, 3, 18, '0', '10000', '0', 'Registration fees: KENNETH', '1681486153649507', '1681486153649507', '2023-04-14', '45', '2023-04-14 11:29:13', 1),
(86, 5, 7, 9, 13, '0', '0', '10000', 'Registration fees: KENNETH', '1681486153649507', '1681486153649507', '2023-04-14', '45', '2023-04-14 11:29:13', 1),
(87, 1, 1, 3, 18, '0', '10000', '0', 'Registration fees: JOSEPHINE', '1681901635115742', '1681901635115742', '2023-04-19', '45', '2023-04-19 06:53:55', 1),
(88, 5, 7, 9, 13, '0', '0', '10000', 'Registration fees: JOSEPHINE', '1681901635115742', '1681901635115742', '2023-04-19', '45', '2023-04-19 06:53:55', 1),
(89, 1, 1, 3, 18, '0', '10000', '0', 'Registration fees: Malachy', '1681908219901609', '1681908219901609', '2023-04-19', '44', '2023-04-19 08:43:39', 1),
(90, 5, 7, 9, 13, '0', '0', '10000', 'Registration fees: Malachy', '1681908219901609', '1681908219901609', '2023-04-19', '44', '2023-04-19 08:43:39', 1),
(91, 1, 1, 3, 18, '0', '10000', '0', 'Registration fees: Ariyibi .', '1681912103832881', '1681912103832881', '2023-04-19', '44', '2023-04-19 09:48:23', 1),
(92, 5, 7, 9, 13, '0', '0', '10000', 'Registration fees: Ariyibi .', '1681912103832881', '1681912103832881', '2023-04-19', '44', '2023-04-19 09:48:23', 1),
(93, 1, 1, 3, 18, '0', '10000', '0', 'Registration fees: Malachy', '1681914003786711', '1681914003786711', '2023-04-19', '44', '2023-04-19 10:20:03', 1),
(94, 5, 7, 9, 13, '0', '0', '10000', 'Registration fees: Malachy', '1681914003786711', '1681914003786711', '2023-04-19', '44', '2023-04-19 10:20:03', 1),
(95, 1, 1, 2, 29, '0', '110250', '0', 'Interest charge: Anulika', '1682441281940880', '1682441281940880', '2023-04-25', '45', '2023-04-25 12:48:01', 1),
(96, 5, 7, 4, 5, '0', '0', '110250', 'Interest charge: Anulika', '1682441281940880', '1682441281940880', '2023-04-25', '45', '2023-04-25 12:48:01', 1),
(97, 1, 1, 3, 18, '0', '10000', '0', 'Registration fees: FROZEN FOODS', '1682510855445669', '1682510855445669', '2023-04-26', '45', '2023-04-26 08:07:35', 1),
(98, 5, 7, 9, 13, '0', '0', '10000', 'Registration fees: FROZEN FOODS', '1682510855445669', '1682510855445669', '2023-04-26', '45', '2023-04-26 08:07:35', 1),
(99, 1, 1, 3, 18, '0', '100000', '0', 'Processing fees: KENNETH', '1682517619865947', '1682517619865947', '2023-04-20', '46', '2023-04-26 10:00:19', 1),
(100, 5, 7, 9, 14, '0', '0', '100000', 'Processing fees: KENNETH', '1682517619865947', '1682517619865947', '2023-04-20', '46', '2023-04-26 10:00:19', 1),
(101, 1, 1, 3, 18, '0', '250000', '0', 'Processing fees: CHARLSE', '1682517658274566', '1682517658274566', '2023-04-20', '46', '2023-04-26 10:00:58', 1),
(102, 5, 7, 9, 14, '0', '0', '250000', 'Processing fees: CHARLSE', '1682517658274566', '1682517658274566', '2023-04-20', '46', '2023-04-26 10:00:58', 1),
(103, 1, 1, 3, 18, '0', '75000', '0', 'Processing fees: Malachy', '1682517731973258', '1682517731973258', '2023-04-20', '46', '2023-04-26 10:02:11', 1),
(104, 5, 7, 9, 14, '0', '0', '75000', 'Processing fees: Malachy', '1682517731973258', '1682517731973258', '2023-04-20', '46', '2023-04-26 10:02:11', 1),
(105, 1, 1, 3, 18, '0', '100000', '0', 'Processing fees: NATURAL', '1682615221517388', '1682615221517388', '2023-04-20', '46', '2023-04-27 13:07:01', 1),
(106, 5, 7, 9, 14, '0', '0', '100000', 'Processing fees: NATURAL', '1682615221517388', '1682615221517388', '2023-04-20', '46', '2023-04-27 13:07:01', 1),
(107, 1, 1, 2, 29, '0', '0', '170000', 'Loan repayment: ACKNOWLEDGED', 'ref', 'manual_ref', '2023-03-12', '46', '2023-04-28 10:32:33', 1),
(108, 1, 1, 3, 18, '0', '170000', '0', 'Loan repayment: ACKNOWLEDGED', 'ref', 'manual_ref', '2023-03-12', '46', '2023-04-28 10:32:33', 1),
(109, 1, 1, 2, 29, '0', '0', '263333', 'Loan repayment: ACKNOWLEDGED', 'ref', 'manual_ref', '2023-03-14', '46', '2023-04-28 10:32:49', 1),
(110, 1, 1, 3, 18, '0', '263333', '0', 'Loan repayment: ACKNOWLEDGED', 'ref', 'manual_ref', '2023-03-14', '46', '2023-04-28 10:32:49', 1),
(111, 1, 1, 2, 29, '0', '0', '200000', 'Loan repayment: ACKNOWLEDGED', 'ref', 'manual_ref', '2023-04-04', '46', '2023-04-28 10:33:16', 1),
(112, 1, 1, 3, 18, '0', '200000', '0', 'Loan repayment: ACKNOWLEDGED', 'ref', 'manual_ref', '2023-04-04', '46', '2023-04-28 10:33:16', 1),
(113, 1, 1, 2, 29, '0', '0', '216666', 'Loan repayment: ACKNOWLEDGED', 'ref', 'manual_ref', '2023-04-14', '46', '2023-04-28 10:33:33', 1),
(114, 1, 1, 3, 18, '0', '216666', '0', 'Loan repayment: ACKNOWLEDGED', 'ref', 'manual_ref', '2023-04-14', '46', '2023-04-28 10:33:33', 1),
(115, 1, 1, 3, 18, '0', '50000', '0', 'Processing fees: JOSEPHINE', '1682692644960237', '1682692644960237', '2023-04-20', '46', '2023-04-28 10:37:24', 1),
(116, 5, 7, 9, 14, '0', '0', '50000', 'Processing fees: JOSEPHINE', '1682692644960237', '1682692644960237', '2023-04-20', '46', '2023-04-28 10:37:24', 1),
(117, 1, 1, 3, 18, '0', '100000', '0', 'Processing fees: FROZEN FOODS', '1682692742766032', '1682692742766032', '2023-04-25', '46', '2023-04-28 10:39:02', 1),
(118, 5, 7, 9, 14, '0', '0', '100000', 'Processing fees: FROZEN FOODS', '1682692742766032', '1682692742766032', '2023-04-25', '46', '2023-04-28 10:39:02', 1),
(119, 1, 1, 2, 35, '0', '2000000', '0', 'Loan disbursement NATURAL', 'ref', 'manual_ref', '2023-04-28', '46', '2023-04-28 10:41:17', 1),
(120, 1, 1, 3, 18, '0', '0', '2000000', 'Loan disbursement NATURAL', 'ref', 'manual_ref', '2023-04-28', '46', '2023-04-28 10:41:17', 1),
(121, 1, 1, 2, 36, '0', '1000000', '0', 'Loan disbursement JOSEPHINE', 'ref', 'manual_ref', '2023-04-28', '46', '2023-04-28 10:42:04', 1),
(122, 1, 1, 3, 18, '0', '0', '1000000', 'Loan disbursement JOSEPHINE', 'ref', 'manual_ref', '2023-04-28', '46', '2023-04-28 10:42:04', 1),
(123, 1, 1, 2, 37, '0', '2000000', '0', 'Loan disbursement KENNETH', 'ref', 'manual_ref', '2023-04-26', '46', '2023-04-28 10:44:09', 1),
(124, 1, 1, 3, 18, '0', '0', '2000000', 'Loan disbursement KENNETH', 'ref', 'manual_ref', '2023-04-26', '46', '2023-04-28 10:44:09', 1),
(125, 1, 1, 2, 42, '0', '2000000', '0', 'Loan disbursement FROZEN FOODS', 'ref', 'manual_ref', '2023-04-28', '46', '2023-04-28 10:44:53', 1),
(126, 1, 1, 3, 18, '0', '0', '2000000', 'Loan disbursement FROZEN FOODS', 'ref', 'manual_ref', '2023-04-28', '46', '2023-04-28 10:44:53', 1),
(127, 1, 1, 2, 41, '0', '1500000', '0', 'Loan disbursement Malachy', 'ref', 'manual_ref', '2023-04-26', '46', '2023-04-28 10:45:37', 1),
(128, 1, 1, 3, 18, '0', '0', '1500000', 'Loan disbursement Malachy', 'ref', 'manual_ref', '2023-04-26', '46', '2023-04-28 10:45:37', 1),
(129, 1, 1, 2, 34, '0', '5000000', '0', 'Loan disbursement CHARLSE', 'ref', 'manual_ref', '2023-04-26', '46', '2023-04-28 10:47:46', 1),
(130, 1, 1, 3, 1, '0', '0', '5000000', 'Loan disbursement CHARLSE', 'ref', 'manual_ref', '2023-04-26', '46', '2023-04-28 10:47:46', 1),
(131, 1, 1, 2, 35, '0', '100000', '0', 'Interest charge: NATURAL', '1683011853941715', '1683011853941715', '2023-04-29', '45', '2023-05-02 03:17:33', 1),
(132, 5, 7, 4, 5, '0', '0', '100000', 'Interest charge: NATURAL', '1683011853941715', '1683011853941715', '2023-04-29', '45', '2023-05-02 03:17:33', 1),
(133, 1, 1, 3, 18, '0', '10000', '0', 'Registration fees: NIMOTA', '1683293855439077', '1683293855439077', '2023-05-05', '45', '2023-05-05 09:37:35', 1),
(134, 5, 7, 9, 13, '0', '0', '10000', 'Registration fees: NIMOTA', '1683293855439077', '1683293855439077', '2023-05-05', '45', '2023-05-05 09:37:35', 1),
(135, 1, 1, 3, 18, '0', '10000', '0', 'Registration fees: SANDRA', '1683294807245638', '1683294807245638', '2023-05-05', '45', '2023-05-05 09:53:27', 1),
(136, 5, 7, 9, 13, '0', '0', '10000', 'Registration fees: SANDRA', '1683294807245638', '1683294807245638', '2023-05-05', '45', '2023-05-05 09:53:27', 1),
(137, 1, 1, 3, 18, '0', '10000', '0', 'Registration fees: ALIYU', '1683294962595056', '1683294962595056', '2023-05-05', '45', '2023-05-05 09:56:02', 1),
(138, 5, 7, 9, 13, '0', '0', '10000', 'Registration fees: ALIYU', '1683294962595056', '1683294962595056', '2023-05-05', '45', '2023-05-05 09:56:02', 1),
(139, 1, 1, 3, 18, '0', '10000', '0', 'Registration fees: FRIDAY', '1683304080335405', '1683304080335405', '2023-05-05', '45', '2023-05-05 12:28:00', 1),
(140, 5, 7, 9, 13, '0', '0', '10000', 'Registration fees: FRIDAY', '1683304080335405', '1683304080335405', '2023-05-05', '45', '2023-05-05 12:28:00', 1),
(141, 1, 1, 3, 18, '0', '100000', '0', 'Processing fees: NIMOTA', '1683720857077598', '1683720857077598', '2023-05-09', '46', '2023-05-10 08:14:17', 1),
(142, 5, 7, 9, 14, '0', '0', '100000', 'Processing fees: NIMOTA', '1683720857077598', '1683720857077598', '2023-05-09', '46', '2023-05-10 08:14:17', 1),
(143, 1, 1, 3, 18, '0', '100000', '0', 'Processing fees: SANDRA', '1683720894041333', '1683720894041333', '2023-05-09', '46', '2023-05-10 08:14:54', 1),
(144, 5, 7, 9, 14, '0', '0', '100000', 'Processing fees: SANDRA', '1683720894041333', '1683720894041333', '2023-05-09', '46', '2023-05-10 08:14:54', 1),
(145, 1, 1, 3, 18, '0', '100000', '0', 'Processing fees: ALIYU', '1683720936818608', '1683720936818608', '2023-05-05', '46', '2023-05-10 08:15:36', 1),
(146, 5, 7, 9, 14, '0', '0', '100000', 'Processing fees: ALIYU', '1683720936818608', '1683720936818608', '2023-05-05', '46', '2023-05-10 08:15:36', 1),
(147, 1, 1, 3, 18, '0', '60000', '0', 'Processing fees: FRIDAY', '1683720962772957', '1683720962772957', '2023-05-05', '46', '2023-05-10 08:16:02', 1),
(148, 5, 7, 9, 14, '0', '0', '60000', 'Processing fees: FRIDAY', '1683720962772957', '1683720962772957', '2023-05-05', '46', '2023-05-10 08:16:02', 1),
(149, 1, 1, 2, 45, '0', '2000000', '0', 'Loan disbursement SANDRA', 'ref', 'manual_ref', '2023-05-10', '46', '2023-05-10 08:16:56', 1),
(150, 1, 1, 3, 18, '0', '0', '2000000', 'Loan disbursement SANDRA', 'ref', 'manual_ref', '2023-05-10', '46', '2023-05-10 08:16:56', 1),
(151, 1, 1, 2, 43, '0', '2000000', '0', 'Loan disbursement NIMOTA', 'ref', 'manual_ref', '2023-05-10', '46', '2023-05-10 08:17:29', 1),
(152, 1, 1, 3, 18, '0', '0', '2000000', 'Loan disbursement NIMOTA', 'ref', 'manual_ref', '2023-05-10', '46', '2023-05-10 08:17:29', 1),
(153, 1, 1, 2, 44, '0', '2000000', '0', 'Loan disbursement ALIYU', 'ref', 'manual_ref', '2023-05-10', '46', '2023-05-10 08:17:57', 1),
(154, 1, 1, 3, 18, '0', '0', '2000000', 'Loan disbursement ALIYU', 'ref', 'manual_ref', '2023-05-10', '46', '2023-05-10 08:17:57', 1),
(155, 1, 1, 2, 46, '0', '1200000', '0', 'Loan disbursement FRIDAY', 'ref', 'manual_ref', '2023-05-10', '46', '2023-05-10 08:18:24', 1),
(156, 1, 1, 3, 18, '0', '0', '1200000', 'Loan disbursement FRIDAY', 'ref', 'manual_ref', '2023-05-10', '46', '2023-05-10 08:18:24', 1),
(157, 1, 1, 3, 18, '0', '10000', '0', 'Registration fees: Global', '1683802781389513', '1683802781389513', '2023-05-11', '44', '2023-05-11 06:59:41', 1),
(158, 5, 7, 9, 13, '0', '0', '10000', 'Registration fees: Global', '1683802781389513', '1683802781389513', '2023-05-11', '44', '2023-05-11 06:59:41', 1),
(159, 1, 1, 3, 18, '0', '10000', '0', 'Registration fees: Cato', '1683820820223627', '1683820820223627', '2023-05-11', '44', '2023-05-11 12:00:20', 1),
(160, 5, 7, 9, 13, '0', '0', '10000', 'Registration fees: Cato', '1683820820223627', '1683820820223627', '2023-05-11', '44', '2023-05-11 12:00:20', 1),
(161, 1, 1, 2, 38, '0', '100000', '0', 'Interest charge: Kenneth', '1684153726648672', '1684153726648672', '2023-05-14', '44', '2023-05-15 08:28:46', 1),
(162, 5, 7, 4, 5, '0', '0', '100000', 'Interest charge: Kenneth', '1684153726648672', '1684153726648672', '2023-05-14', '44', '2023-05-15 08:28:46', 1),
(163, 1, 1, 2, 33, '0', '100000', '0', 'Interest charge: MOHAMMED', '1684153726001495', '1684153726001495', '2023-05-14', '44', '2023-05-15 08:28:46', 1),
(164, 5, 7, 4, 5, '0', '0', '100000', 'Interest charge: MOHAMMED', '1684153726001495', '1684153726001495', '2023-05-14', '44', '2023-05-15 08:28:46', 1),
(165, 1, 1, 2, 30, '0', '100000', '0', 'Interest charge: GLOBAL', '1684153726165286', '1684153726165286', '2023-05-14', '44', '2023-05-15 08:28:46', 1),
(166, 5, 7, 4, 5, '0', '0', '100000', 'Interest charge: GLOBAL', '1684153726165286', '1684153726165286', '2023-05-14', '44', '2023-05-15 08:28:46', 1),
(167, 1, 1, 2, 32, '0', '100000', '0', 'Interest charge: CHIMA', '1684153726717247', '1684153726717247', '2023-05-14', '44', '2023-05-15 08:28:46', 1),
(168, 5, 7, 4, 5, '0', '0', '100000', 'Interest charge: CHIMA', '1684153726717247', '1684153726717247', '2023-05-14', '44', '2023-05-15 08:28:46', 1),
(169, 1, 1, 2, 31, '0', '75000', '0', 'Interest charge: GOODLUCK', '1684153726991261', '1684153726991261', '2023-05-14', '44', '2023-05-15 08:28:46', 1),
(170, 5, 7, 4, 5, '0', '0', '75000', 'Interest charge: GOODLUCK', '1684153726991261', '1684153726991261', '2023-05-14', '44', '2023-05-15 08:28:46', 1),
(171, 1, 1, 2, 39, '0', '100000', '0', 'Interest charge: Nwamaka', '1684153726509441', '1684153726509441', '2023-05-14', '44', '2023-05-15 08:28:46', 1),
(172, 5, 7, 4, 5, '0', '0', '100000', 'Interest charge: Nwamaka', '1684153726509441', '1684153726509441', '2023-05-14', '44', '2023-05-15 08:28:46', 1),
(173, 1, 1, 3, 18, '0', '10000', '0', 'Registration fees: CATO', '1684321403712351', '1684321403712351', '2023-05-17', '38', '2023-05-17 07:03:23', 1),
(174, 5, 7, 9, 13, '0', '0', '10000', 'Registration fees: CATO', '1684321403712351', '1684321403712351', '2023-05-17', '38', '2023-05-17 07:03:23', 1),
(175, 1, 1, 3, 18, '0', '10000', '0', 'Registration fees: Integrated enterprises', '1684405012956029', '1684405012956029', '2023-05-18', '44', '2023-05-18 06:16:52', 1),
(176, 5, 7, 9, 13, '0', '0', '10000', 'Registration fees: Integrated enterprises', '1684405012956029', '1684405012956029', '2023-05-18', '44', '2023-05-18 06:16:52', 1),
(177, 1, 1, 3, 18, '0', '10000', '0', 'Registration fees: VENTURE', '1684426751180541', '1684426751180541', '2023-05-18', '44', '2023-05-18 12:19:11', 1),
(178, 5, 7, 9, 13, '0', '0', '10000', 'Registration fees: VENTURE', '1684426751180541', '1684426751180541', '2023-05-18', '44', '2023-05-18 12:19:11', 1),
(179, 1, 1, 3, 18, '0', '10000', '0', 'Registration fees: VENTURE', '1684426891791828', '1684426891791828', '2023-05-18', '44', '2023-05-18 12:21:31', 1),
(180, 5, 7, 9, 13, '0', '0', '10000', 'Registration fees: VENTURE', '1684426891791828', '1684426891791828', '2023-05-18', '44', '2023-05-18 12:21:31', 1),
(181, 1, 1, 2, 29, '0', '0', '150000', 'Loan repayment: APPROVED', 'ref', 'manual_ref', '2023-05-02', '46', '2023-05-19 11:44:17', 1),
(182, 1, 1, 3, 18, '0', '150000', '0', 'Loan repayment: APPROVED', 'ref', 'manual_ref', '2023-05-02', '46', '2023-05-19 11:44:17', 1),
(183, 1, 1, 2, 29, '0', '0', '250000', 'Loan repayment: APPROVED', 'ref', 'manual_ref', '2023-05-07', '46', '2023-05-19 11:45:08', 1),
(184, 1, 1, 3, 18, '0', '250000', '0', 'Loan repayment: APPROVED', 'ref', 'manual_ref', '2023-05-07', '46', '2023-05-19 11:45:08', 1),
(185, 1, 1, 2, 30, '0', '0', '325000', 'Loan repayment: APPROVED', 'ref', 'manual_ref', '2023-05-15', '46', '2023-05-19 11:46:22', 1),
(186, 1, 1, 3, 18, '0', '325000', '0', 'Loan repayment: APPROVED', 'ref', 'manual_ref', '2023-05-15', '46', '2023-05-19 11:46:22', 1),
(187, 1, 1, 2, 33, '0', '105000', '0', 'Interest charge: MOHAMMED', '1684511205971399', '1684511205971399', '2023-06-14', '46', '2023-05-19 11:46:45', 1),
(188, 5, 7, 4, 5, '0', '0', '105000', 'Interest charge: MOHAMMED', '1684511205971399', '1684511205971399', '2023-06-14', '46', '2023-05-19 11:46:45', 1),
(189, 1, 1, 2, 33, '0', '0', '434000', 'Loan repayment: APPROVED', 'ref', 'manual_ref', '2023-05-16', '46', '2023-05-19 11:46:45', 1),
(190, 1, 1, 3, 18, '0', '434000', '0', 'Loan repayment: APPROVED', 'ref', 'manual_ref', '2023-05-16', '46', '2023-05-19 11:46:45', 1),
(191, 1, 1, 2, 32, '0', '0', '433333.33', 'Loan repayment: APPROVED', 'ref', 'manual_ref', '2023-05-16', '46', '2023-05-19 11:47:22', 1),
(192, 1, 1, 3, 18, '0', '433333.33', '0', 'Loan repayment: APPROVED', 'ref', 'manual_ref', '2023-05-16', '46', '2023-05-19 11:47:22', 1),
(193, 1, 1, 2, 31, '0', '0', '325000', 'Loan repayment: APPROVED', 'ref', 'manual_ref', '2023-05-17', '46', '2023-05-19 11:48:07', 1),
(194, 1, 1, 3, 7, '0', '325000', '0', 'Loan repayment: APPROVED', 'ref', 'manual_ref', '2023-05-17', '46', '2023-05-19 11:48:07', 1),
(195, 1, 1, 2, 38, '0', '0', '433333.33', 'Loan repayment: APPROVED', 'ref', 'manual_ref', '2023-05-17', '46', '2023-05-19 11:48:40', 1),
(196, 1, 1, 3, 18, '0', '433333.33', '0', 'Loan repayment: APPROVED', 'ref', 'manual_ref', '2023-05-17', '46', '2023-05-19 11:48:40', 1),
(197, 1, 1, 2, 39, '0', '0', '433333.33', 'Loan repayment: APPROVED', 'ref', 'manual_ref', '2023-05-18', '46', '2023-05-19 11:48:54', 1),
(198, 1, 1, 3, 18, '0', '433333.33', '0', 'Loan repayment: APPROVED', 'ref', 'manual_ref', '2023-05-18', '46', '2023-05-19 11:48:54', 1),
(199, 1, 1, 3, 18, '0', '100000', '0', 'Processing fees: VENTURE', '1684514047047616', '1684514047047616', '2023-05-17', '46', '2023-05-19 12:34:07', 1),
(200, 5, 7, 9, 14, '0', '0', '100000', 'Processing fees: VENTURE', '1684514047047616', '1684514047047616', '2023-05-17', '46', '2023-05-19 12:34:07', 1),
(201, 1, 1, 3, 18, '0', '100000', '0', 'Processing fees: Integrated enterprises', '1684514078851158', '1684514078851158', '2023-05-18', '46', '2023-05-19 12:34:38', 1),
(202, 5, 7, 9, 14, '0', '0', '100000', 'Processing fees: Integrated enterprises', '1684514078851158', '1684514078851158', '2023-05-18', '46', '2023-05-19 12:34:38', 1),
(203, 1, 1, 3, 18, '0', '25000', '0', 'Processing fees: CATO', '1684514099031158', '1684514099031158', '2023-05-19', '46', '2023-05-19 12:34:59', 1),
(204, 5, 7, 9, 14, '0', '0', '25000', 'Processing fees: CATO', '1684514099031158', '1684514099031158', '2023-05-19', '46', '2023-05-19 12:34:59', 1),
(205, 1, 1, 2, 49, '0', '500000', '0', 'Loan disbursement CATO', 'ref', 'manual_ref', '2023-05-19', '46', '2023-05-19 12:36:00', 1),
(206, 1, 1, 3, 18, '0', '0', '500000', 'Loan disbursement CATO', 'ref', 'manual_ref', '2023-05-19', '46', '2023-05-19 12:36:00', 1),
(207, 1, 1, 2, 50, '0', '2000000', '0', 'Loan disbursement Integrated enterprises', 'ref', 'manual_ref', '2023-05-19', '46', '2023-05-19 12:36:28', 1),
(208, 1, 1, 3, 18, '0', '0', '2000000', 'Loan disbursement Integrated enterprises', 'ref', 'manual_ref', '2023-05-19', '46', '2023-05-19 12:36:28', 1),
(209, 1, 1, 2, 52, '0', '2000000', '0', 'Loan disbursement VENTURE', 'ref', 'manual_ref', '2023-05-19', '46', '2023-05-19 12:36:59', 1),
(210, 1, 1, 3, 18, '0', '0', '2000000', 'Loan disbursement VENTURE', 'ref', 'manual_ref', '2023-05-19', '46', '2023-05-19 12:36:59', 1),
(211, 1, 1, 3, 1, '0', '10000', '0', 'Registration fees: Ifeoma', '1684920390548022', '1684920390548022', '2023-05-24', '44', '2023-05-24 05:26:30', 1),
(212, 5, 7, 9, 13, '0', '0', '10000', 'Registration fees: Ifeoma', '1684920390548022', '1684920390548022', '2023-05-24', '44', '2023-05-24 05:26:30', 1),
(213, 1, 1, 3, 18, '0', '10000', '0', 'Registration fees: Ogochukwu', '1684920595097140', '1684920595097140', '2023-05-24', '44', '2023-05-24 05:29:55', 1),
(214, 5, 7, 9, 13, '0', '0', '10000', 'Registration fees: Ogochukwu', '1684920595097140', '1684920595097140', '2023-05-24', '44', '2023-05-24 05:29:55', 1),
(215, 1, 1, 3, 18, '0', '10000', '0', 'Registration fees: Aniefon', '1684929599031257', '1684929599031257', '2023-05-24', '45', '2023-05-24 07:59:59', 1),
(216, 5, 7, 9, 13, '0', '0', '10000', 'Registration fees: Aniefon', '1684929599031257', '1684929599031257', '2023-05-24', '45', '2023-05-24 07:59:59', 1),
(217, 1, 1, 3, 18, '0', '10000', '0', 'Registration fees: Aniefon', '1684933015970725', '1684933015970725', '2023-05-24', '45', '2023-05-24 08:56:55', 1),
(218, 5, 7, 9, 13, '0', '0', '10000', 'Registration fees: Aniefon', '1684933015970725', '1684933015970725', '2023-05-24', '45', '2023-05-24 08:56:55', 1),
(219, 1, 1, 2, 29, '0', '53262.55', '0', 'Interest charge: Anulika', '1685003708294078', '1685003708294078', '2023-05-25', '44', '2023-05-25 04:35:08', 1),
(220, 5, 7, 4, 5, '0', '0', '53262.55', 'Interest charge: Anulika', '1685003708294078', '1685003708294078', '2023-05-25', '44', '2023-05-25 04:35:08', 1),
(221, 1, 1, 3, 18, '0', '10000', '0', 'Registration fees: Okechukwu', '1685095463490812', '1685095463490812', '2023-05-26', '44', '2023-05-26 06:04:23', 1),
(222, 5, 7, 9, 13, '0', '0', '10000', 'Registration fees: Okechukwu', '1685095463490812', '1685095463490812', '2023-05-26', '44', '2023-05-26 06:04:23', 1),
(223, 1, 1, 2, 35, '0', '105000', '0', 'Interest charge: NATURAL', '1685433822815688', '1685433822815688', '2023-05-29', '45', '2023-05-30 04:03:42', 1),
(224, 5, 7, 4, 5, '0', '0', '105000', 'Interest charge: NATURAL', '1685433822815688', '1685433822815688', '2023-05-29', '45', '2023-05-30 04:03:42', 1),
(225, 1, 1, 2, 36, '0', '50000', '0', 'Interest charge: JOSEPHINE', '1685433822168796', '1685433822168796', '2023-05-29', '45', '2023-05-30 04:03:42', 1),
(226, 5, 7, 4, 5, '0', '0', '50000', 'Interest charge: JOSEPHINE', '1685433822168796', '1685433822168796', '2023-05-29', '45', '2023-05-30 04:03:42', 1),
(227, 1, 1, 2, 37, '0', '100000', '0', 'Interest charge: KENNETH', '1685433822544955', '1685433822544955', '2023-05-27', '45', '2023-05-30 04:03:42', 1),
(228, 5, 7, 4, 5, '0', '0', '100000', 'Interest charge: KENNETH', '1685433822544955', '1685433822544955', '2023-05-27', '45', '2023-05-30 04:03:42', 1),
(229, 1, 1, 2, 34, '0', '250000', '0', 'Interest charge: CHARLSE', '1685433822390008', '1685433822390008', '2023-05-27', '45', '2023-05-30 04:03:42', 1),
(230, 5, 7, 4, 5, '0', '0', '250000', 'Interest charge: CHARLSE', '1685433822390008', '1685433822390008', '2023-05-27', '45', '2023-05-30 04:03:42', 1),
(231, 1, 1, 2, 41, '0', '75000', '0', 'Interest charge: Malachy', '1685433822981371', '1685433822981371', '2023-05-27', '45', '2023-05-30 04:03:42', 1),
(232, 5, 7, 4, 5, '0', '0', '75000', 'Interest charge: Malachy', '1685433822981371', '1685433822981371', '2023-05-27', '45', '2023-05-30 04:03:42', 1),
(233, 1, 1, 2, 42, '0', '100000', '0', 'Interest charge: FROZEN FOODS', '1685433822183340', '1685433822183340', '2023-05-29', '45', '2023-05-30 04:03:42', 1),
(234, 5, 7, 4, 5, '0', '0', '100000', 'Interest charge: FROZEN FOODS', '1685433822183340', '1685433822183340', '2023-05-29', '45', '2023-05-30 04:03:42', 1),
(235, 1, 1, 3, 18, '0', '10000', '0', 'Registration fees: Festus', '1685540901603267', '1685540901603267', '2023-05-31', '44', '2023-05-31 09:48:21', 1),
(236, 5, 7, 9, 13, '0', '0', '10000', 'Registration fees: Festus', '1685540901603267', '1685540901603267', '2023-05-31', '44', '2023-05-31 09:48:21', 1),
(237, 1, 1, 3, 18, '0', '10000', '0', 'Registration fees: CHIMEZIE', '1685607368580577', '1685607368580577', '2023-06-01', '45', '2023-06-01 04:16:08', 1),
(238, 5, 7, 9, 13, '0', '0', '10000', 'Registration fees: CHIMEZIE', '1685607368580577', '1685607368580577', '2023-06-01', '45', '2023-06-01 04:16:08', 1),
(239, 1, 1, 3, 18, '0', '10000', '0', 'Registration fees: SAMUEL', '1685966898885047', '1685966898885047', '2023-06-05', '45', '2023-06-05 08:08:18', 1),
(240, 5, 7, 9, 13, '0', '0', '10000', 'Registration fees: SAMUEL', '1685966898885047', '1685966898885047', '2023-06-05', '45', '2023-06-05 08:08:18', 1),
(241, 1, 1, 3, 18, '0', '50000', '0', 'Processing fees: Ifeoma', '1686064773858908', '1686064773858908', '2023-05-25', '46', '2023-06-06 11:19:33', 1),
(242, 5, 7, 9, 14, '0', '0', '50000', 'Processing fees: Ifeoma', '1686064773858908', '1686064773858908', '2023-05-25', '46', '2023-06-06 11:19:33', 1),
(243, 1, 1, 3, 18, '0', '75000', '0', 'Processing fees: Doris', '1686064815842048', '1686064815842048', '2023-05-26', '46', '2023-06-06 11:20:15', 1),
(244, 5, 7, 9, 14, '0', '0', '75000', 'Processing fees: Doris', '1686064815842048', '1686064815842048', '2023-05-26', '46', '2023-06-06 11:20:15', 1),
(245, 1, 1, 3, 18, '0', '100000', '0', 'Processing fees: Aniefon', '1686064865699301', '1686064865699301', '2023-05-25', '46', '2023-06-06 11:21:05', 1),
(246, 5, 7, 9, 14, '0', '0', '100000', 'Processing fees: Aniefon', '1686064865699301', '1686064865699301', '2023-05-25', '46', '2023-06-06 11:21:05', 1),
(247, 1, 1, 3, 18, '0', '100000', '0', 'Processing fees: Okechukwu', '1686064906762268', '1686064906762268', '2023-05-26', '46', '2023-06-06 11:21:46', 1),
(248, 5, 7, 9, 14, '0', '0', '100000', 'Processing fees: Okechukwu', '1686064906762268', '1686064906762268', '2023-05-26', '46', '2023-06-06 11:21:46', 1),
(249, 1, 1, 3, 1, '0', '100000', '0', 'Processing fees: CHIMEZIE', '1686064972727180', '1686064972727180', '2023-06-01', '46', '2023-06-06 11:22:52', 1),
(250, 5, 7, 9, 14, '0', '0', '100000', 'Processing fees: CHIMEZIE', '1686064972727180', '1686064972727180', '2023-06-01', '46', '2023-06-06 11:22:52', 1),
(251, 1, 1, 2, 54, '0', '1000000', '0', 'Loan disbursement Ifeoma', 'ref', 'manual_ref', '2023-06-06', '46', '2023-06-06 11:58:46', 1),
(252, 1, 1, 3, 18, '0', '0', '1000000', 'Loan disbursement Ifeoma', 'ref', 'manual_ref', '2023-06-06', '46', '2023-06-06 11:58:46', 1),
(253, 1, 1, 2, 55, '0', '1500000', '0', 'Loan disbursement Doris', 'ref', 'manual_ref', '2023-06-06', '46', '2023-06-06 11:59:29', 1),
(254, 1, 1, 3, 18, '0', '0', '1500000', 'Loan disbursement Doris', 'ref', 'manual_ref', '2023-06-06', '46', '2023-06-06 11:59:29', 1),
(255, 1, 1, 2, 56, '0', '2000000', '0', 'Loan disbursement Aniefon', 'ref', 'manual_ref', '2023-06-06', '46', '2023-06-06 12:00:14', 1),
(256, 1, 1, 3, 18, '0', '0', '2000000', 'Loan disbursement Aniefon', 'ref', 'manual_ref', '2023-06-06', '46', '2023-06-06 12:00:14', 1),
(257, 1, 1, 2, 57, '0', '2000000', '0', 'Loan disbursement Okechukwu', 'ref', 'manual_ref', '2023-06-06', '46', '2023-06-06 12:00:47', 1),
(258, 1, 1, 3, 18, '0', '0', '2000000', 'Loan disbursement Okechukwu', 'ref', 'manual_ref', '2023-06-06', '46', '2023-06-06 12:00:47', 1),
(259, 1, 1, 2, 58, '0', '2000000', '0', 'Loan disbursement CHIMEZIE', 'ref', 'manual_ref', '2023-06-06', '46', '2023-06-06 12:01:17', 1),
(260, 1, 1, 3, 18, '0', '0', '2000000', 'Loan disbursement CHIMEZIE', 'ref', 'manual_ref', '2023-06-06', '46', '2023-06-06 12:01:17', 1),
(261, 1, 1, 2, 36, '0', '52500', '0', 'Interest charge: JOSEPHINE', '1686067796704363', '1686067796704363', '2023-06-29', '46', '2023-06-06 12:09:56', 1),
(262, 5, 7, 4, 5, '0', '0', '52500', 'Interest charge: JOSEPHINE', '1686067796704363', '1686067796704363', '2023-06-29', '46', '2023-06-06 12:09:56', 1),
(263, 1, 1, 2, 36, '0', '0', '216667', 'Loan repayment: ACKNOWLEDGED', 'ref', 'manual_ref', '2023-05-31', '46', '2023-06-06 12:09:56', 1),
(264, 1, 1, 3, 18, '0', '216667', '0', 'Loan repayment: ACKNOWLEDGED', 'ref', 'manual_ref', '2023-05-31', '46', '2023-06-06 12:09:56', 1),
(265, 1, 1, 2, 37, '0', '105000', '0', 'Interest charge: KENNETH', '1686067933121612', '1686067933121612', '2023-06-27', '46', '2023-06-06 12:12:13', 1),
(266, 5, 7, 4, 5, '0', '0', '105000', 'Interest charge: KENNETH', '1686067933121612', '1686067933121612', '2023-06-27', '46', '2023-06-06 12:12:13', 1),
(267, 1, 1, 2, 37, '0', '0', '433500', 'Loan repayment: ACKNOWLEDGED', 'ref', 'manual_ref', '2023-05-30', '46', '2023-06-06 12:12:13', 1),
(268, 1, 1, 3, 18, '0', '433500', '0', 'Loan repayment: ACKNOWLEDGED', 'ref', 'manual_ref', '2023-05-30', '46', '2023-06-06 12:12:13', 1),
(269, 1, 1, 2, 34, '0', '0', '1083000', 'Loan repayment: ACKNOWLEDGED', 'ref', 'manual_ref', '2023-05-31', '46', '2023-06-06 12:13:04', 1),
(270, 1, 1, 3, 18, '0', '1083000', '0', 'Loan repayment: ACKNOWLEDGED', 'ref', 'manual_ref', '2023-05-31', '46', '2023-06-06 12:13:04', 1),
(271, 1, 1, 2, 42, '0', '105000', '0', 'Interest charge: FROZEN FOODS', '1686068026708115', '1686068026708115', '2023-06-29', '46', '2023-06-06 12:13:46', 1),
(272, 5, 7, 4, 5, '0', '0', '105000', 'Interest charge: FROZEN FOODS', '1686068026708115', '1686068026708115', '2023-06-29', '46', '2023-06-06 12:13:46', 1),
(273, 1, 1, 2, 42, '0', '0', '433400', 'Loan repayment: ACKNOWLEDGED', 'ref', 'manual_ref', '2023-05-30', '46', '2023-06-06 12:13:46', 1),
(274, 1, 1, 3, 18, '0', '433400', '0', 'Loan repayment: ACKNOWLEDGED', 'ref', 'manual_ref', '2023-05-30', '46', '2023-06-06 12:13:46', 1),
(275, 1, 1, 2, 41, '0', '0', '325000', 'Loan repayment: ACKNOWLEDGED', 'ref', 'manual_ref', '2023-05-31', '46', '2023-06-06 12:14:20', 1),
(276, 1, 1, 3, 18, '0', '325000', '0', 'Loan repayment: ACKNOWLEDGED', 'ref', 'manual_ref', '2023-05-31', '46', '2023-06-06 12:14:20', 1),
(277, 1, 1, 2, 35, '0', '0', '325000', 'Loan repayment: ACKNOWLEDGED', 'ref', 'manual_ref', '2023-06-01', '46', '2023-06-06 12:14:50', 1),
(278, 1, 1, 3, 1, '0', '325000', '0', 'Loan repayment: ACKNOWLEDGED', 'ref', 'manual_ref', '2023-06-01', '46', '2023-06-06 12:14:50', 1),
(279, 1, 1, 2, 35, '0', '0', '108350', 'Loan repayment: ACKNOWLEDGED', 'ref', 'manual_ref', '2023-06-01', '46', '2023-06-06 12:15:15', 1),
(280, 1, 1, 3, 18, '0', '108350', '0', 'Loan repayment: ACKNOWLEDGED', 'ref', 'manual_ref', '2023-06-01', '46', '2023-06-06 12:15:15', 1),
(281, 1, 1, 2, 29, '0', '0', '383333.33', 'Loan repayment: ACKNOWLEDGED', 'ref', 'manual_ref', '2023-06-01', '46', '2023-06-06 12:16:12', 1),
(282, 1, 1, 3, 18, '0', '383333.33', '0', 'Loan repayment: ACKNOWLEDGED', 'ref', 'manual_ref', '2023-06-01', '46', '2023-06-06 12:16:12', 1),
(283, 1, 1, 2, 30, '0', '0', '87500', 'Loan repayment: ACKNOWLEDGED but instalmental payments should be discouraged', 'ref', 'manual_ref', '2023-05-23', '46', '2023-06-06 12:21:33', 1),
(284, 1, 1, 3, 18, '0', '87500', '0', 'Loan repayment: ACKNOWLEDGED but instalmental payments should be discouraged', 'ref', 'manual_ref', '2023-05-23', '46', '2023-06-06 12:21:33', 1),
(285, 1, 1, 3, 18, '0', '100000', '0', 'Processing fees: Festus', '1686068593344141', '1686068593344141', '2023-05-31', '46', '2023-06-06 12:23:13', 1),
(286, 5, 7, 9, 14, '0', '0', '100000', 'Processing fees: Festus', '1686068593344141', '1686068593344141', '2023-05-31', '46', '2023-06-06 12:23:13', 1),
(287, 1, 1, 3, 18, '0', '100000', '0', 'Processing fees: SAMUEL', '1686068616437932', '1686068616437932', '2023-06-05', '46', '2023-06-06 12:23:36', 1),
(288, 5, 7, 9, 14, '0', '0', '100000', 'Processing fees: SAMUEL', '1686068616437932', '1686068616437932', '2023-06-05', '46', '2023-06-06 12:23:36', 1),
(289, 1, 1, 2, 59, '0', '2000000', '0', 'Loan disbursement Festus', 'ref', 'manual_ref', '2023-06-06', '46', '2023-06-06 12:24:53', 1),
(290, 1, 1, 3, 18, '0', '0', '2000000', 'Loan disbursement Festus', 'ref', 'manual_ref', '2023-06-06', '46', '2023-06-06 12:24:53', 1),
(291, 1, 1, 2, 60, '0', '2000000', '0', 'Loan disbursement SAMUEL', 'ref', 'manual_ref', '2023-06-06', '46', '2023-06-06 12:25:22', 1),
(292, 1, 1, 3, 1, '0', '0', '2000000', 'Loan disbursement SAMUEL', 'ref', 'manual_ref', '2023-06-06', '46', '2023-06-06 12:25:22', 1),
(293, 1, 1, 3, 18, '0', '10000', '0', 'Registration fees: Friday', '1686127282382129', '1686127282382129', '2023-06-07', '45', '2023-06-07 04:41:22', 1),
(294, 5, 7, 9, 13, '0', '0', '10000', 'Registration fees: Friday', '1686127282382129', '1686127282382129', '2023-06-07', '45', '2023-06-07 04:41:22', 1),
(295, 1, 1, 2, 43, '0', '100000', '0', 'Interest charge: NIMOTA', '1686642696279925', '1686642696279925', '2023-06-11', '45', '2023-06-13 03:51:36', 1),
(296, 5, 7, 4, 5, '0', '0', '100000', 'Interest charge: NIMOTA', '1686642696279925', '1686642696279925', '2023-06-11', '45', '2023-06-13 03:51:36', 1),
(297, 1, 1, 2, 45, '0', '100000', '0', 'Interest charge: SANDRA', '1686642696589112', '1686642696589112', '2023-06-11', '45', '2023-06-13 03:51:36', 1),
(298, 5, 7, 4, 5, '0', '0', '100000', 'Interest charge: SANDRA', '1686642696589112', '1686642696589112', '2023-06-11', '45', '2023-06-13 03:51:36', 1),
(299, 1, 1, 2, 44, '0', '100000', '0', 'Interest charge: ALIYU', '1686642696302980', '1686642696302980', '2023-06-11', '45', '2023-06-13 03:51:36', 1),
(300, 5, 7, 4, 5, '0', '0', '100000', 'Interest charge: ALIYU', '1686642696302980', '1686642696302980', '2023-06-11', '45', '2023-06-13 03:51:36', 1),
(301, 1, 1, 2, 46, '0', '60000', '0', 'Interest charge: FRIDAY', '1686642696444306', '1686642696444306', '2023-06-11', '45', '2023-06-13 03:51:36', 1),
(302, 5, 7, 4, 5, '0', '0', '60000', 'Interest charge: FRIDAY', '1686642696444306', '1686642696444306', '2023-06-11', '45', '2023-06-13 03:51:36', 1),
(303, 1, 1, 2, 53, '0', '0.00', '0', 'Liquidation: Management fee of 20,000 paid on 5th June 2023 and guarantor form is uploaded Ogochukwu', 'ref', 'manual_ref', '2023-06-13', '44', '2023-06-13 07:52:30', 1),
(304, 5, 7, 4, 5, '0', '0', '0.00', 'Liquidation: Management fee of 20,000 paid on 5th June 2023 and guarantor form is uploaded Ogochukwu', 'ref', 'manual_ref', '2023-06-13', '44', '2023-06-13 07:52:30', 1),
(305, 1, 1, 3, 1, '0', '10000', '0', 'Registration fees: Felicia', '1686659652689686', '1686659652689686', '2023-06-13', '44', '2023-06-13 08:34:12', 1),
(306, 5, 7, 9, 13, '0', '0', '10000', 'Registration fees: Felicia', '1686659652689686', '1686659652689686', '2023-06-13', '44', '2023-06-13 08:34:12', 1),
(307, 1, 1, 2, 38, '0', '83333.3335', '0', 'Interest charge: Kenneth', '1686726225947700', '1686726225947700', '2023-06-14', '44', '2023-06-14 03:03:45', 1),
(308, 5, 7, 4, 5, '0', '0', '83333.3335', 'Interest charge: Kenneth', '1686726225947700', '1686726225947700', '2023-06-14', '44', '2023-06-14 03:03:45', 1),
(309, 1, 1, 2, 30, '0', '84375', '0', 'Interest charge: GLOBAL', '1686726226412139', '1686726226412139', '2023-06-14', '44', '2023-06-14 03:03:46', 1),
(310, 5, 7, 4, 5, '0', '0', '84375', 'Interest charge: GLOBAL', '1686726226412139', '1686726226412139', '2023-06-14', '44', '2023-06-14 03:03:46', 1),
(311, 1, 1, 2, 32, '0', '83333.3335', '0', 'Interest charge: CHIMA', '1686726226829145', '1686726226829145', '2023-06-14', '44', '2023-06-14 03:03:46', 1),
(312, 5, 7, 4, 5, '0', '0', '83333.3335', 'Interest charge: CHIMA', '1686726226829145', '1686726226829145', '2023-06-14', '44', '2023-06-14 03:03:46', 1),
(313, 1, 1, 2, 31, '0', '62500', '0', 'Interest charge: GOODLUCK', '1686726226116259', '1686726226116259', '2023-06-14', '44', '2023-06-14 03:03:46', 1),
(314, 5, 7, 4, 5, '0', '0', '62500', 'Interest charge: GOODLUCK', '1686726226116259', '1686726226116259', '2023-06-14', '44', '2023-06-14 03:03:46', 1),
(315, 1, 1, 2, 39, '0', '83333.3335', '0', 'Interest charge: Nwamaka', '1686726226581969', '1686726226581969', '2023-06-14', '44', '2023-06-14 03:03:46', 1),
(316, 5, 7, 4, 5, '0', '0', '83333.3335', 'Interest charge: Nwamaka', '1686726226581969', '1686726226581969', '2023-06-14', '44', '2023-06-14 03:03:46', 1),
(317, 1, 1, 3, 18, '0', '10000', '0', 'Registration fees: MARK', '1686821580512734', '1686821580512734', '2023-06-15', '45', '2023-06-15 05:33:00', 1),
(318, 5, 7, 9, 13, '0', '0', '10000', 'Registration fees: MARK', '1686821580512734', '1686821580512734', '2023-06-15', '45', '2023-06-15 05:33:00', 1),
(319, 1, 1, 2, 49, '0', '25000', '0', 'Interest charge: CATO', '1687245390396460', '1687245390396460', '2023-06-20', '45', '2023-06-20 03:16:30', 1),
(320, 5, 7, 4, 5, '0', '0', '25000', 'Interest charge: CATO', '1687245390396460', '1687245390396460', '2023-06-20', '45', '2023-06-20 03:16:30', 1),
(321, 1, 1, 2, 50, '0', '100000', '0', 'Interest charge: Integrated enterprises', '1687245390516802', '1687245390516802', '2023-06-20', '45', '2023-06-20 03:16:30', 1),
(322, 5, 7, 4, 5, '0', '0', '100000', 'Interest charge: Integrated enterprises', '1687245390516802', '1687245390516802', '2023-06-20', '45', '2023-06-20 03:16:30', 1),
(323, 1, 1, 2, 52, '0', '100000', '0', 'Interest charge: VENTURE', '1687245390985478', '1687245390985478', '2023-06-20', '45', '2023-06-20 03:16:30', 1),
(324, 5, 7, 4, 5, '0', '0', '100000', 'Interest charge: VENTURE', '1687245390985478', '1687245390985478', '2023-06-20', '45', '2023-06-20 03:16:30', 1),
(325, 1, 1, 3, 18, '0', '10000', '0', 'Registration fees: IBRAHIM', '1687354741347220', '1687354741347220', '2023-06-21', '45', '2023-06-21 09:39:01', 1),
(326, 5, 7, 9, 13, '0', '0', '10000', 'Registration fees: IBRAHIM', '1687354741347220', '1687354741347220', '2023-06-21', '45', '2023-06-21 09:39:01', 1),
(327, 1, 1, 3, 1, '0', '10000', '0', 'Registration fees: Ann', '1687362175698661', '1687362175698661', '2023-06-21', '44', '2023-06-21 11:42:55', 1),
(328, 5, 7, 9, 13, '0', '0', '10000', 'Registration fees: Ann', '1687362175698661', '1687362175698661', '2023-06-21', '44', '2023-06-21 11:42:55', 1),
(329, 1, 1, 3, 1, '0', '10000', '0', 'Registration fees: Okechukwu', '1687429757811000', '1687429757811000', '2023-06-22', '44', '2023-06-22 06:29:17', 1),
(330, 5, 7, 9, 13, '0', '0', '10000', 'Registration fees: Okechukwu', '1687429757811000', '1687429757811000', '2023-06-22', '44', '2023-06-22 06:29:17', 1),
(331, 1, 1, 3, 18, '0', '100000', '0', 'Processing fees: Friday', '1687520424300782', '1687520424300782', '2023-06-16', '46', '2023-06-23 07:40:24', 1),
(332, 5, 7, 9, 14, '0', '0', '100000', 'Processing fees: Friday', '1687520424300782', '1687520424300782', '2023-06-16', '46', '2023-06-23 07:40:24', 1),
(333, 1, 1, 3, 18, '0', '75000', '0', 'Processing fees: MARK', '1687520461958624', '1687520461958624', '2023-06-16', '46', '2023-06-23 07:41:01', 1),
(334, 5, 7, 9, 14, '0', '0', '75000', 'Processing fees: MARK', '1687520461958624', '1687520461958624', '2023-06-16', '46', '2023-06-23 07:41:02', 1),
(335, 1, 1, 3, 18, '0', '100000', '0', 'Processing fees: Okechukwu', '1687520560259708', '1687520560259708', '2023-06-16', '46', '2023-06-23 07:42:40', 1),
(336, 5, 7, 9, 14, '0', '0', '100000', 'Processing fees: Okechukwu', '1687520560259708', '1687520560259708', '2023-06-16', '46', '2023-06-23 07:42:40', 1),
(337, 1, 1, 2, 51, '0', '2000000', '0', 'Loan disbursement Friday', 'ref', 'manual_ref', '2023-06-23', '46', '2023-06-23 07:48:50', 1),
(338, 1, 1, 3, 18, '0', '0', '2000000', 'Loan disbursement Friday', 'ref', 'manual_ref', '2023-06-23', '46', '2023-06-23 07:48:50', 1),
(339, 1, 1, 2, 62, '0', '1500000', '0', 'Loan disbursement MARK', 'ref', 'manual_ref', '2023-06-23', '46', '2023-06-23 07:49:16', 1),
(340, 1, 1, 3, 18, '0', '0', '1500000', 'Loan disbursement MARK', 'ref', 'manual_ref', '2023-06-23', '46', '2023-06-23 07:49:16', 1),
(341, 1, 1, 2, 65, '0', '2000000', '0', 'Loan disbursement Okechukwu', 'ref', 'manual_ref', '2023-06-23', '46', '2023-06-23 07:50:22', 1),
(342, 1, 1, 3, 18, '0', '0', '2000000', 'Loan disbursement Okechukwu', 'ref', 'manual_ref', '2023-06-23', '46', '2023-06-23 07:50:22', 1),
(343, 1, 1, 3, 18, '0', '100000', '0', 'Processing fees: IBRAHIM', '1687522546921655', '1687522546921655', '2023-06-23', '46', '2023-06-23 08:15:46', 1),
(344, 5, 7, 9, 14, '0', '0', '100000', 'Processing fees: IBRAHIM', '1687522546921655', '1687522546921655', '2023-06-23', '46', '2023-06-23 08:15:46', 1),
(345, 1, 1, 2, 63, '0', '2000000', '0', 'Loan disbursement IBRAHIM', 'ref', 'manual_ref', '2023-06-23', '46', '2023-06-23 08:16:38', 1),
(346, 1, 1, 3, 18, '0', '0', '2000000', 'Loan disbursement IBRAHIM', 'ref', 'manual_ref', '2023-06-23', '46', '2023-06-23 08:16:38', 1),
(347, 1, 1, 2, 29, '0', '36759.011', '0', 'Interest charge: Anulika', '1687776260593972', '1687776260593972', '2023-06-25', '44', '2023-06-26 06:44:20', 1),
(348, 5, 7, 4, 5, '0', '0', '36759.011', 'Interest charge: Anulika', '1687776260593972', '1687776260593972', '2023-06-25', '44', '2023-06-26 06:44:20', 1),
(349, 1, 1, 3, 18, '0', '10000', '0', 'Registration fees: EKENE', '1688392866230970', '1688392866230970', '2023-07-03', '45', '2023-07-03 10:01:06', 1),
(350, 5, 7, 9, 13, '0', '0', '10000', 'Registration fees: EKENE', '1688392866230970', '1688392866230970', '2023-07-03', '45', '2023-07-03 10:01:06', 1),
(351, 1, 1, 2, 35, '0', '88582.5', '0', 'Interest charge: NATURAL', '1688393106114780', '1688393106114780', '2023-06-29', '45', '2023-07-03 10:05:06', 1),
(352, 5, 7, 4, 5, '0', '0', '88582.5', 'Interest charge: NATURAL', '1688393106114780', '1688393106114780', '2023-06-29', '45', '2023-07-03 10:05:06', 1),
(353, 1, 1, 2, 34, '0', '208350', '0', 'Interest charge: CHARLSE', '1688393106289375', '1688393106289375', '2023-06-27', '45', '2023-07-03 10:05:06', 1),
(354, 5, 7, 4, 5, '0', '0', '208350', 'Interest charge: CHARLSE', '1688393106289375', '1688393106289375', '2023-06-27', '45', '2023-07-03 10:05:06', 1),
(355, 1, 1, 2, 41, '0', '62500', '0', 'Interest charge: Malachy', '1688393106536322', '1688393106536322', '2023-06-27', '45', '2023-07-03 10:05:06', 1),
(356, 5, 7, 4, 5, '0', '0', '62500', 'Interest charge: Malachy', '1688393106536322', '1688393106536322', '2023-06-27', '45', '2023-07-03 10:05:06', 1),
(357, 1, 1, 2, 54, '0', '50000', '0', 'Interest charge: Ifeoma', '1688720643353535', '1688720643353535', '2023-07-07', '45', '2023-07-07 05:04:03', 1),
(358, 5, 7, 4, 5, '0', '0', '50000', 'Interest charge: Ifeoma', '1688720643353535', '1688720643353535', '2023-07-07', '45', '2023-07-07 05:04:03', 1),
(359, 1, 1, 2, 55, '0', '75000', '0', 'Interest charge: Doris', '1688720643848744', '1688720643848744', '2023-07-07', '45', '2023-07-07 05:04:03', 1),
(360, 5, 7, 4, 5, '0', '0', '75000', 'Interest charge: Doris', '1688720643848744', '1688720643848744', '2023-07-07', '45', '2023-07-07 05:04:03', 1),
(361, 1, 1, 2, 56, '0', '100000', '0', 'Interest charge: Aniefon', '1688720643037369', '1688720643037369', '2023-07-07', '45', '2023-07-07 05:04:03', 1),
(362, 5, 7, 4, 5, '0', '0', '100000', 'Interest charge: Aniefon', '1688720643037369', '1688720643037369', '2023-07-07', '45', '2023-07-07 05:04:03', 1),
(363, 1, 1, 2, 57, '0', '100000', '0', 'Interest charge: Okechukwu', '1688720643782179', '1688720643782179', '2023-07-07', '45', '2023-07-07 05:04:03', 1),
(364, 5, 7, 4, 5, '0', '0', '100000', 'Interest charge: Okechukwu', '1688720643782179', '1688720643782179', '2023-07-07', '45', '2023-07-07 05:04:03', 1),
(365, 1, 1, 2, 59, '0', '100000', '0', 'Interest charge: Festus', '1688720643706944', '1688720643706944', '2023-07-07', '45', '2023-07-07 05:04:03', 1),
(366, 5, 7, 4, 5, '0', '0', '100000', 'Interest charge: Festus', '1688720643706944', '1688720643706944', '2023-07-07', '45', '2023-07-07 05:04:03', 1),
(367, 1, 1, 2, 58, '0', '100000', '0', 'Interest charge: CHIMEZIE', '1688720643652266', '1688720643652266', '2023-07-07', '45', '2023-07-07 05:04:03', 1),
(368, 5, 7, 4, 5, '0', '0', '100000', 'Interest charge: CHIMEZIE', '1688720643652266', '1688720643652266', '2023-07-07', '45', '2023-07-07 05:04:03', 1),
(369, 1, 1, 2, 60, '0', '100000', '0', 'Interest charge: SAMUEL', '1688720643756825', '1688720643756825', '2023-07-07', '45', '2023-07-07 05:04:03', 1);
INSERT INTO `account_transactions` (`id`, `groupid`, `headid`, `subheadid`, `accountid`, `accountcode`, `debit`, `credit`, `remarks`, `ref`, `manual_ref`, `transdate`, `postby`, `createdat`, `is_trial`) VALUES
(370, 5, 7, 4, 5, '0', '0', '100000', 'Interest charge: SAMUEL', '1688720643756825', '1688720643756825', '2023-07-07', '45', '2023-07-07 05:04:03', 1),
(371, 1, 1, 3, 18, '0', '10000', '0', 'Registration fees: VICTORIA', '1690533414103340', '1690533414103340', '2023-07-28', '45', '2023-07-28 04:36:54', 1),
(372, 5, 7, 9, 13, '0', '0', '10000', 'Registration fees: VICTORIA', '1690533414103340', '1690533414103340', '2023-07-28', '45', '2023-07-28 04:36:54', 1),
(373, 1, 1, 2, 38, '0', '87500.000175', '0', 'Interest charge: Kenneth', '1690533804324908', '1690533804324908', '2023-07-14', '45', '2023-07-28 04:43:24', 1),
(374, 5, 7, 4, 5, '0', '0', '87500.000175', 'Interest charge: Kenneth', '1690533804324908', '1690533804324908', '2023-07-14', '45', '2023-07-28 04:43:24', 1),
(375, 1, 1, 2, 33, '0', '88550', '0', 'Interest charge: MOHAMMED', '1690533804719379', '1690533804719379', '2023-07-14', '45', '2023-07-28 04:43:24', 1),
(376, 5, 7, 4, 5, '0', '0', '88550', 'Interest charge: MOHAMMED', '1690533804719379', '1690533804719379', '2023-07-14', '45', '2023-07-28 04:43:24', 1),
(377, 1, 1, 2, 30, '0', '88593.75', '0', 'Interest charge: GLOBAL', '1690533804021036', '1690533804021036', '2023-07-14', '45', '2023-07-28 04:43:24', 1),
(378, 5, 7, 4, 5, '0', '0', '88593.75', 'Interest charge: GLOBAL', '1690533804021036', '1690533804021036', '2023-07-14', '45', '2023-07-28 04:43:24', 1),
(379, 1, 1, 2, 32, '0', '87500.000175', '0', 'Interest charge: CHIMA', '1690533804427490', '1690533804427490', '2023-07-14', '45', '2023-07-28 04:43:24', 1),
(380, 5, 7, 4, 5, '0', '0', '87500.000175', 'Interest charge: CHIMA', '1690533804427490', '1690533804427490', '2023-07-14', '45', '2023-07-28 04:43:24', 1),
(381, 1, 1, 2, 31, '0', '65625', '0', 'Interest charge: GOODLUCK', '1690533804459290', '1690533804459290', '2023-07-14', '45', '2023-07-28 04:43:24', 1),
(382, 5, 7, 4, 5, '0', '0', '65625', 'Interest charge: GOODLUCK', '1690533804459290', '1690533804459290', '2023-07-14', '45', '2023-07-28 04:43:24', 1),
(383, 1, 1, 2, 29, '0', '38596.96155', '0', 'Interest charge: Anulika', '1690533804072830', '1690533804072830', '2023-07-25', '45', '2023-07-28 04:43:24', 1),
(384, 5, 7, 4, 5, '0', '0', '38596.96155', 'Interest charge: Anulika', '1690533804072830', '1690533804072830', '2023-07-25', '45', '2023-07-28 04:43:24', 1),
(385, 1, 1, 2, 39, '0', '87500.000175', '0', 'Interest charge: Nwamaka', '1690533804772598', '1690533804772598', '2023-07-14', '45', '2023-07-28 04:43:24', 1),
(386, 5, 7, 4, 5, '0', '0', '87500.000175', 'Interest charge: Nwamaka', '1690533804772598', '1690533804772598', '2023-07-14', '45', '2023-07-28 04:43:24', 1),
(387, 1, 1, 2, 37, '0', '88575', '0', 'Interest charge: KENNETH', '1690533804360994', '1690533804360994', '2023-07-27', '45', '2023-07-28 04:43:24', 1),
(388, 5, 7, 4, 5, '0', '0', '88575', 'Interest charge: KENNETH', '1690533804360994', '1690533804360994', '2023-07-27', '45', '2023-07-28 04:43:24', 1),
(389, 1, 1, 2, 34, '0', '218767.5', '0', 'Interest charge: CHARLSE', '1690533804378907', '1690533804378907', '2023-07-27', '45', '2023-07-28 04:43:24', 1),
(390, 5, 7, 4, 5, '0', '0', '218767.5', 'Interest charge: CHARLSE', '1690533804378907', '1690533804378907', '2023-07-27', '45', '2023-07-28 04:43:24', 1),
(391, 1, 1, 2, 41, '0', '65625', '0', 'Interest charge: Malachy', '1690533804140769', '1690533804140769', '2023-07-27', '45', '2023-07-28 04:43:24', 1),
(392, 5, 7, 4, 5, '0', '0', '65625', 'Interest charge: Malachy', '1690533804140769', '1690533804140769', '2023-07-27', '45', '2023-07-28 04:43:24', 1),
(393, 1, 1, 2, 43, '0', '105000', '0', 'Interest charge: NIMOTA', '1690533804954400', '1690533804954400', '2023-07-11', '45', '2023-07-28 04:43:24', 1),
(394, 5, 7, 4, 5, '0', '0', '105000', 'Interest charge: NIMOTA', '1690533804954400', '1690533804954400', '2023-07-11', '45', '2023-07-28 04:43:24', 1),
(395, 1, 1, 2, 45, '0', '105000', '0', 'Interest charge: SANDRA', '1690533804151981', '1690533804151981', '2023-07-11', '45', '2023-07-28 04:43:24', 1),
(396, 5, 7, 4, 5, '0', '0', '105000', 'Interest charge: SANDRA', '1690533804151981', '1690533804151981', '2023-07-11', '45', '2023-07-28 04:43:24', 1),
(397, 1, 1, 2, 44, '0', '105000', '0', 'Interest charge: ALIYU', '1690533804463369', '1690533804463369', '2023-07-11', '45', '2023-07-28 04:43:24', 1),
(398, 5, 7, 4, 5, '0', '0', '105000', 'Interest charge: ALIYU', '1690533804463369', '1690533804463369', '2023-07-11', '45', '2023-07-28 04:43:24', 1),
(399, 1, 1, 2, 46, '0', '63000', '0', 'Interest charge: FRIDAY', '1690533804074004', '1690533804074004', '2023-07-11', '45', '2023-07-28 04:43:24', 1),
(400, 5, 7, 4, 5, '0', '0', '63000', 'Interest charge: FRIDAY', '1690533804074004', '1690533804074004', '2023-07-11', '45', '2023-07-28 04:43:24', 1),
(401, 1, 1, 2, 49, '0', '26250', '0', 'Interest charge: CATO', '1690533804561577', '1690533804561577', '2023-07-20', '45', '2023-07-28 04:43:24', 1),
(402, 5, 7, 4, 5, '0', '0', '26250', 'Interest charge: CATO', '1690533804561577', '1690533804561577', '2023-07-20', '45', '2023-07-28 04:43:24', 1),
(403, 1, 1, 2, 50, '0', '105000', '0', 'Interest charge: Integrated enterprises', '1690533804309205', '1690533804309205', '2023-07-20', '45', '2023-07-28 04:43:24', 1),
(404, 5, 7, 4, 5, '0', '0', '105000', 'Interest charge: Integrated enterprises', '1690533804309205', '1690533804309205', '2023-07-20', '45', '2023-07-28 04:43:24', 1),
(405, 1, 1, 2, 52, '0', '105000', '0', 'Interest charge: VENTURE', '1690533804272003', '1690533804272003', '2023-07-20', '45', '2023-07-28 04:43:24', 1),
(406, 5, 7, 4, 5, '0', '0', '105000', 'Interest charge: VENTURE', '1690533804272003', '1690533804272003', '2023-07-20', '45', '2023-07-28 04:43:24', 1),
(407, 1, 1, 2, 51, '0', '140000', '0', 'Interest charge: Friday', '1690533804830515', '1690533804830515', '2023-07-24', '45', '2023-07-28 04:43:24', 1),
(408, 5, 7, 4, 5, '0', '0', '140000', 'Interest charge: Friday', '1690533804830515', '1690533804830515', '2023-07-24', '45', '2023-07-28 04:43:24', 1),
(409, 1, 1, 2, 62, '0', '105000', '0', 'Interest charge: MARK', '1690533804595948', '1690533804595948', '2023-07-24', '45', '2023-07-28 04:43:24', 1),
(410, 5, 7, 4, 5, '0', '0', '105000', 'Interest charge: MARK', '1690533804595948', '1690533804595948', '2023-07-24', '45', '2023-07-28 04:43:24', 1),
(411, 1, 1, 2, 63, '0', '140000', '0', 'Interest charge: IBRAHIM', '1690533804309867', '1690533804309867', '2023-07-24', '45', '2023-07-28 04:43:24', 1),
(412, 5, 7, 4, 5, '0', '0', '140000', 'Interest charge: IBRAHIM', '1690533804309867', '1690533804309867', '2023-07-24', '45', '2023-07-28 04:43:24', 1),
(413, 1, 1, 2, 65, '0', '140000', '0', 'Interest charge: Okechukwu', '1690533804815653', '1690533804815653', '2023-07-24', '45', '2023-07-28 04:43:24', 1),
(414, 5, 7, 4, 5, '0', '0', '140000', 'Interest charge: Okechukwu', '1690533804815653', '1690533804815653', '2023-07-24', '45', '2023-07-28 04:43:24', 1),
(415, 1, 1, 3, 18, '0', '10000', '0', 'Registration fees: Ekene', '1690535115067772', '1690535115067772', '2023-07-28', '44', '2023-07-28 05:05:15', 1),
(416, 5, 7, 9, 13, '0', '0', '10000', 'Registration fees: Ekene', '1690535115067772', '1690535115067772', '2023-07-28', '44', '2023-07-28 05:05:15', 1),
(417, 1, 1, 2, 35, '0', '93011.625', '0', 'Interest charge: NATURAL', '1690876411097279', '1690876411097279', '2023-07-29', '45', '2023-08-01 03:53:31', 1),
(418, 5, 7, 4, 5, '0', '0', '93011.625', 'Interest charge: NATURAL', '1690876411097279', '1690876411097279', '2023-07-29', '45', '2023-08-01 03:53:31', 1),
(419, 1, 1, 2, 36, '0', '44291.65', '0', 'Interest charge: JOSEPHINE', '1690876411766665', '1690876411766665', '2023-07-29', '45', '2023-08-01 03:53:31', 1),
(420, 5, 7, 4, 5, '0', '0', '44291.65', 'Interest charge: JOSEPHINE', '1690876411766665', '1690876411766665', '2023-07-29', '45', '2023-08-01 03:53:31', 1),
(421, 1, 1, 2, 42, '0', '88580', '0', 'Interest charge: FROZEN FOODS', '1690876411252704', '1690876411252704', '2023-07-29', '45', '2023-08-01 03:53:31', 1),
(422, 5, 7, 4, 5, '0', '0', '88580', 'Interest charge: FROZEN FOODS', '1690876411252704', '1690876411252704', '2023-07-29', '45', '2023-08-01 03:53:31', 1),
(423, 1, 1, 2, 54, '0', '52500', '0', 'Interest charge: Ifeoma', '1691483065906438', '1691483065906438', '2023-08-07', '43', '2023-08-08 04:24:25', 1),
(424, 5, 7, 4, 5, '0', '0', '52500', 'Interest charge: Ifeoma', '1691483065906438', '1691483065906438', '2023-08-07', '43', '2023-08-08 04:24:25', 1),
(425, 1, 1, 2, 55, '0', '78750', '0', 'Interest charge: Doris', '1691483065484031', '1691483065484031', '2023-08-07', '43', '2023-08-08 04:24:25', 1),
(426, 5, 7, 4, 5, '0', '0', '78750', 'Interest charge: Doris', '1691483065484031', '1691483065484031', '2023-08-07', '43', '2023-08-08 04:24:25', 1),
(427, 1, 1, 2, 56, '0', '105000', '0', 'Interest charge: Aniefon', '1691483065211614', '1691483065211614', '2023-08-07', '43', '2023-08-08 04:24:25', 1),
(428, 5, 7, 4, 5, '0', '0', '105000', 'Interest charge: Aniefon', '1691483065211614', '1691483065211614', '2023-08-07', '43', '2023-08-08 04:24:25', 1),
(429, 1, 1, 2, 57, '0', '105000', '0', 'Interest charge: Okechukwu', '1691483065178480', '1691483065178480', '2023-08-07', '43', '2023-08-08 04:24:25', 1),
(430, 5, 7, 4, 5, '0', '0', '105000', 'Interest charge: Okechukwu', '1691483065178480', '1691483065178480', '2023-08-07', '43', '2023-08-08 04:24:25', 1),
(431, 1, 1, 2, 59, '0', '105000', '0', 'Interest charge: Festus', '1691483065416160', '1691483065416160', '2023-08-07', '43', '2023-08-08 04:24:25', 1),
(432, 5, 7, 4, 5, '0', '0', '105000', 'Interest charge: Festus', '1691483065416160', '1691483065416160', '2023-08-07', '43', '2023-08-08 04:24:25', 1),
(433, 1, 1, 2, 58, '0', '105000', '0', 'Interest charge: CHIMEZIE', '1691483065515257', '1691483065515257', '2023-08-07', '43', '2023-08-08 04:24:25', 1),
(434, 5, 7, 4, 5, '0', '0', '105000', 'Interest charge: CHIMEZIE', '1691483065515257', '1691483065515257', '2023-08-07', '43', '2023-08-08 04:24:25', 1),
(435, 1, 1, 2, 60, '0', '105000', '0', 'Interest charge: SAMUEL', '1691483065476292', '1691483065476292', '2023-08-07', '43', '2023-08-08 04:24:25', 1),
(436, 5, 7, 4, 5, '0', '0', '105000', 'Interest charge: SAMUEL', '1691483065476292', '1691483065476292', '2023-08-07', '43', '2023-08-08 04:24:25', 1),
(437, 1, 1, 3, 18, '0', '50000', '0', 'Processing fees: VICTORIA', '1691517371662516', '1691517371662516', '2023-08-08', '46', '2023-08-08 13:56:11', 1),
(438, 5, 7, 9, 14, '0', '0', '50000', 'Processing fees: VICTORIA', '1691517371662516', '1691517371662516', '2023-08-08', '46', '2023-08-08 13:56:11', 1),
(439, 1, 1, 2, 67, '0', '1000000', '0', 'Loan disbursement VICTORIA', 'ref', 'manual_ref', '2023-08-09', '46', '2023-08-08 13:57:37', 1),
(440, 1, 1, 3, 1, '0', '0', '1000000', 'Loan disbursement VICTORIA', 'ref', 'manual_ref', '2023-08-09', '46', '2023-08-08 13:57:37', 1),
(441, 1, 1, 3, 18, '0', '25000', '0', 'Processing fees: Ekene', '1691581332591520', '1691581332591520', '2023-08-08', '46', '2023-08-09 07:42:12', 1),
(442, 5, 7, 9, 14, '0', '0', '25000', 'Processing fees: Ekene', '1691581332591520', '1691581332591520', '2023-08-08', '46', '2023-08-09 07:42:12', 1),
(443, 1, 1, 2, 68, '0', '500000', '0', 'Loan disbursement Ekene', 'ref', 'manual_ref', '2023-08-09', '46', '2023-08-09 07:42:41', 1),
(444, 1, 1, 3, 1, '0', '0', '500000', 'Loan disbursement Ekene', 'ref', 'manual_ref', '2023-08-09', '46', '2023-08-09 07:42:41', 1),
(445, 1, 1, 2, 38, '0', '91875.00018375', '0', 'Interest charge: Kenneth', '1692172485582941', '1692172485582941', '2023-08-14', '44', '2023-08-16 03:54:45', 1),
(446, 5, 7, 4, 5, '0', '0', '91875.00018375', 'Interest charge: Kenneth', '1692172485582941', '1692172485582941', '2023-08-14', '44', '2023-08-16 03:54:45', 1),
(447, 1, 1, 2, 33, '0', '92977.5', '0', 'Interest charge: MOHAMMED', '1692172485687766', '1692172485687766', '2023-08-14', '44', '2023-08-16 03:54:45', 1),
(448, 5, 7, 4, 5, '0', '0', '92977.5', 'Interest charge: MOHAMMED', '1692172485687766', '1692172485687766', '2023-08-14', '44', '2023-08-16 03:54:45', 1),
(449, 1, 1, 2, 30, '0', '93023.4375', '0', 'Interest charge: GLOBAL', '1692172485346611', '1692172485346611', '2023-08-14', '44', '2023-08-16 03:54:45', 1),
(450, 5, 7, 4, 5, '0', '0', '93023.4375', 'Interest charge: GLOBAL', '1692172485346611', '1692172485346611', '2023-08-14', '44', '2023-08-16 03:54:45', 1),
(451, 1, 1, 2, 32, '0', '91875.00018375', '0', 'Interest charge: CHIMA', '1692172485643182', '1692172485643182', '2023-08-14', '44', '2023-08-16 03:54:45', 1),
(452, 5, 7, 4, 5, '0', '0', '91875.00018375', 'Interest charge: CHIMA', '1692172485643182', '1692172485643182', '2023-08-14', '44', '2023-08-16 03:54:45', 1),
(453, 1, 1, 2, 31, '0', '68906.25', '0', 'Interest charge: GOODLUCK', '1692172485143901', '1692172485143901', '2023-08-14', '44', '2023-08-16 03:54:45', 1),
(454, 5, 7, 4, 5, '0', '0', '68906.25', 'Interest charge: GOODLUCK', '1692172485143901', '1692172485143901', '2023-08-14', '44', '2023-08-16 03:54:45', 1),
(455, 1, 1, 2, 39, '0', '91875.00018375', '0', 'Interest charge: Nwamaka', '1692172485767745', '1692172485767745', '2023-08-14', '44', '2023-08-16 03:54:45', 1),
(456, 5, 7, 4, 5, '0', '0', '91875.00018375', 'Interest charge: Nwamaka', '1692172485767745', '1692172485767745', '2023-08-14', '44', '2023-08-16 03:54:45', 1),
(457, 1, 1, 2, 43, '0', '110250', '0', 'Interest charge: NIMOTA', '1692172485387181', '1692172485387181', '2023-08-11', '44', '2023-08-16 03:54:45', 1),
(458, 5, 7, 4, 5, '0', '0', '110250', 'Interest charge: NIMOTA', '1692172485387181', '1692172485387181', '2023-08-11', '44', '2023-08-16 03:54:45', 1),
(459, 1, 1, 2, 45, '0', '110250', '0', 'Interest charge: SANDRA', '1692172485585575', '1692172485585575', '2023-08-11', '44', '2023-08-16 03:54:45', 1),
(460, 5, 7, 4, 5, '0', '0', '110250', 'Interest charge: SANDRA', '1692172485585575', '1692172485585575', '2023-08-11', '44', '2023-08-16 03:54:45', 1),
(461, 1, 1, 2, 44, '0', '110250', '0', 'Interest charge: ALIYU', '1692172485730884', '1692172485730884', '2023-08-11', '44', '2023-08-16 03:54:45', 1),
(462, 5, 7, 4, 5, '0', '0', '110250', 'Interest charge: ALIYU', '1692172485730884', '1692172485730884', '2023-08-11', '44', '2023-08-16 03:54:45', 1),
(463, 1, 1, 2, 46, '0', '66150', '0', 'Interest charge: FRIDAY', '1692172485865610', '1692172485865610', '2023-08-11', '44', '2023-08-16 03:54:45', 1),
(464, 5, 7, 4, 5, '0', '0', '66150', 'Interest charge: FRIDAY', '1692172485865610', '1692172485865610', '2023-08-11', '44', '2023-08-16 03:54:45', 1),
(465, 1, 1, 3, 18, '0', '10000', '0', 'Registration fees: Osi', '1692174497725862', '1692174497725862', '2023-08-16', '44', '2023-08-16 04:28:17', 1),
(466, 5, 7, 9, 13, '0', '0', '10000', 'Registration fees: Osi', '1692174497725862', '1692174497725862', '2023-08-16', '44', '2023-08-16 04:28:17', 1),
(467, 1, 1, 2, 49, '0', '27562.5', '0', 'Interest charge: CATO', '1692603518500756', '1692603518500756', '2023-08-20', '45', '2023-08-21 03:38:38', 1),
(468, 5, 7, 4, 5, '0', '0', '27562.5', 'Interest charge: CATO', '1692603518500756', '1692603518500756', '2023-08-20', '45', '2023-08-21 03:38:38', 1),
(469, 1, 1, 2, 50, '0', '110250', '0', 'Interest charge: Integrated enterprises', '1692603518704511', '1692603518704511', '2023-08-20', '45', '2023-08-21 03:38:38', 1),
(470, 5, 7, 4, 5, '0', '0', '110250', 'Interest charge: Integrated enterprises', '1692603518704511', '1692603518704511', '2023-08-20', '45', '2023-08-21 03:38:38', 1),
(471, 1, 1, 2, 52, '0', '110250', '0', 'Interest charge: VENTURE', '1692603518112158', '1692603518112158', '2023-08-20', '45', '2023-08-21 03:38:38', 1),
(472, 5, 7, 4, 5, '0', '0', '110250', 'Interest charge: VENTURE', '1692603518112158', '1692603518112158', '2023-08-20', '45', '2023-08-21 03:38:38', 1),
(473, 1, 1, 2, 51, '0', '149800', '0', 'Interest charge: Friday', '1692864003433772', '1692864003433772', '2023-08-24', '45', '2023-08-24 04:00:03', 1),
(474, 5, 7, 4, 5, '0', '0', '149800', 'Interest charge: Friday', '1692864003433772', '1692864003433772', '2023-08-24', '45', '2023-08-24 04:00:03', 1),
(475, 1, 1, 2, 62, '0', '112350', '0', 'Interest charge: MARK', '1692864003037149', '1692864003037149', '2023-08-24', '45', '2023-08-24 04:00:03', 1),
(476, 5, 7, 4, 5, '0', '0', '112350', 'Interest charge: MARK', '1692864003037149', '1692864003037149', '2023-08-24', '45', '2023-08-24 04:00:03', 1),
(477, 1, 1, 2, 63, '0', '149800', '0', 'Interest charge: IBRAHIM', '1692864003902337', '1692864003902337', '2023-08-24', '45', '2023-08-24 04:00:03', 1),
(478, 5, 7, 4, 5, '0', '0', '149800', 'Interest charge: IBRAHIM', '1692864003902337', '1692864003902337', '2023-08-24', '45', '2023-08-24 04:00:03', 1),
(479, 1, 1, 2, 65, '0', '149800', '0', 'Interest charge: Okechukwu', '1692864003016445', '1692864003016445', '2023-08-24', '45', '2023-08-24 04:00:03', 1),
(480, 5, 7, 4, 5, '0', '0', '149800', 'Interest charge: Okechukwu', '1692864003016445', '1692864003016445', '2023-08-24', '45', '2023-08-24 04:00:03', 1),
(481, 1, 1, 3, 1, '0', '10000', '0', 'Registration fees: golden fashions business', '1692896240521850', '1692896240521850', '2023-08-24', '44', '2023-08-24 12:57:20', 1),
(482, 5, 7, 9, 13, '0', '0', '10000', 'Registration fees: golden fashions business', '1692896240521850', '1692896240521850', '2023-08-24', '44', '2023-08-24 12:57:20', 1),
(483, 1, 1, 2, 29, '0', '40526.8096275', '0', 'Interest charge: Anulika', '1693211283379609', '1693211283379609', '2023-08-25', '45', '2023-08-28 04:28:03', 1),
(484, 5, 7, 4, 5, '0', '0', '40526.8096275', 'Interest charge: Anulika', '1693211283379609', '1693211283379609', '2023-08-25', '45', '2023-08-28 04:28:03', 1),
(485, 1, 1, 2, 37, '0', '93003.75', '0', 'Interest charge: KENNETH', '1693211283444466', '1693211283444466', '2023-08-27', '45', '2023-08-28 04:28:03', 1),
(486, 5, 7, 4, 5, '0', '0', '93003.75', 'Interest charge: KENNETH', '1693211283444466', '1693211283444466', '2023-08-27', '45', '2023-08-28 04:28:03', 1),
(487, 1, 1, 2, 34, '0', '229705.875', '0', 'Interest charge: CHARLSE', '1693211283729015', '1693211283729015', '2023-08-27', '45', '2023-08-28 04:28:03', 1),
(488, 5, 7, 4, 5, '0', '0', '229705.875', 'Interest charge: CHARLSE', '1693211283729015', '1693211283729015', '2023-08-27', '45', '2023-08-28 04:28:03', 1),
(489, 1, 1, 2, 41, '0', '68906.25', '0', 'Interest charge: Malachy', '1693211283995575', '1693211283995575', '2023-08-27', '45', '2023-08-28 04:28:03', 1),
(490, 5, 7, 4, 5, '0', '0', '68906.25', 'Interest charge: Malachy', '1693211283995575', '1693211283995575', '2023-08-27', '45', '2023-08-28 04:28:03', 1),
(491, 1, 1, 3, 18, '0', '10000', '0', 'Registration fees: Ephraim', '1693222712778531', '1693222712778531', '2023-08-28', '45', '2023-08-28 07:38:32', 1),
(492, 5, 7, 9, 13, '0', '0', '10000', 'Registration fees: Ephraim', '1693222712778531', '1693222712778531', '2023-08-28', '45', '2023-08-28 07:38:32', 1),
(493, 1, 1, 3, 18, '0', '10000', '0', 'Registration fees: INTEGRATED SERVICES', '1693223144967649', '1693223144967649', '2023-08-28', '45', '2023-08-28 07:45:44', 1),
(494, 5, 7, 9, 13, '0', '0', '10000', 'Registration fees: INTEGRATED SERVICES', '1693223144967649', '1693223144967649', '2023-08-28', '45', '2023-08-28 07:45:44', 1),
(495, 1, 1, 3, 18, '0', '10000', '0', 'Registration fees: PAUL', '1693238376852751', '1693238376852751', '2023-08-28', '45', '2023-08-28 11:59:36', 1),
(496, 5, 7, 9, 13, '0', '0', '10000', 'Registration fees: PAUL', '1693238376852751', '1693238376852751', '2023-08-28', '45', '2023-08-28 11:59:36', 1),
(497, 1, 1, 2, 35, '0', '97662.20625', '0', 'Interest charge: NATURAL', '1693293649562476', '1693293649562476', '2023-08-29', '45', '2023-08-29 03:20:49', 1),
(498, 5, 7, 4, 5, '0', '0', '97662.20625', 'Interest charge: NATURAL', '1693293649562476', '1693293649562476', '2023-08-29', '45', '2023-08-29 03:20:49', 1),
(499, 1, 1, 2, 36, '0', '46506.2325', '0', 'Interest charge: JOSEPHINE', '1693293649833590', '1693293649833590', '2023-08-29', '45', '2023-08-29 03:20:49', 1),
(500, 5, 7, 4, 5, '0', '0', '46506.2325', 'Interest charge: JOSEPHINE', '1693293649833590', '1693293649833590', '2023-08-29', '45', '2023-08-29 03:20:49', 1),
(501, 1, 1, 2, 42, '0', '93009', '0', 'Interest charge: FROZEN FOODS', '1693293649946748', '1693293649946748', '2023-08-29', '45', '2023-08-29 03:20:49', 1),
(502, 5, 7, 4, 5, '0', '0', '93009', 'Interest charge: FROZEN FOODS', '1693293649946748', '1693293649946748', '2023-08-29', '45', '2023-08-29 03:20:49', 1),
(503, 1, 1, 3, 18, '0', '10000', '0', 'Registration fees: COMPANY', '1693317996731148', '1693317996731148', '2023-08-29', '44', '2023-08-29 10:06:36', 1),
(504, 5, 7, 9, 13, '0', '0', '10000', 'Registration fees: COMPANY', '1693317996731148', '1693317996731148', '2023-08-29', '44', '2023-08-29 10:06:36', 1),
(505, 1, 1, 3, 18, '0', '10000', '0', 'Registration fees: WILSON', '1693320083592119', '1693320083592119', '2023-08-29', '45', '2023-08-29 10:41:23', 1),
(506, 5, 7, 9, 13, '0', '0', '10000', 'Registration fees: WILSON', '1693320083592119', '1693320083592119', '2023-08-29', '45', '2023-08-29 10:41:23', 1),
(507, 1, 1, 3, 1, '0', '25000', '0', 'Processing fees: Osi', '1693795410543409', '1693795410543409', '2023-08-22', '46', '2023-09-03 22:43:30', 1),
(508, 5, 7, 9, 14, '0', '0', '25000', 'Processing fees: Osi', '1693795410543409', '1693795410543409', '2023-08-22', '46', '2023-09-03 22:43:30', 1),
(509, 1, 1, 3, 18, '0', '100000', '0', 'Processing fees: WILSON', '1693795553335182', '1693795553335182', '2023-08-29', '46', '2023-09-03 22:45:53', 1),
(510, 5, 7, 9, 14, '0', '0', '100000', 'Processing fees: WILSON', '1693795553335182', '1693795553335182', '2023-08-29', '46', '2023-09-03 22:45:53', 1),
(511, 1, 1, 2, 69, '0', '500000', '0', 'Loan disbursement Osi', 'ref', 'manual_ref', '2023-08-30', '46', '2023-09-03 22:47:35', 1),
(512, 1, 1, 3, 18, '0', '0', '500000', 'Loan disbursement Osi', 'ref', 'manual_ref', '2023-08-30', '46', '2023-09-03 22:47:35', 1),
(513, 1, 1, 2, 75, '0', '2000000', '0', 'Loan disbursement WILSON', 'ref', 'manual_ref', '2023-08-30', '46', '2023-09-03 22:48:10', 1),
(514, 1, 1, 3, 18, '0', '0', '2000000', 'Loan disbursement WILSON', 'ref', 'manual_ref', '2023-08-30', '46', '2023-09-03 22:48:10', 1),
(515, 1, 1, 3, 18, '0', '50000', '0', 'Processing fees: Ephraim', '1693795793046744', '1693795793046744', '2023-08-30', '46', '2023-09-03 22:49:53', 1),
(516, 5, 7, 9, 14, '0', '0', '50000', 'Processing fees: Ephraim', '1693795793046744', '1693795793046744', '2023-08-30', '46', '2023-09-03 22:49:53', 1),
(517, 1, 1, 2, 70, '0', '1000000', '0', 'Loan disbursement Ephraim', 'ref', 'manual_ref', '2023-08-30', '46', '2023-09-03 22:50:29', 1),
(518, 1, 1, 3, 1, '0', '0', '1000000', 'Loan disbursement Ephraim', 'ref', 'manual_ref', '2023-08-30', '46', '2023-09-03 22:50:29', 1),
(519, 1, 1, 3, 18, '0', '10000', '0', 'Registration fees: AMOBI', '1694016994353929', '1694016994353929', '2023-09-06', '45', '2023-09-06 12:16:34', 1),
(520, 5, 7, 9, 13, '0', '0', '10000', 'Registration fees: AMOBI', '1694016994353929', '1694016994353929', '2023-09-06', '45', '2023-09-06 12:16:35', 1),
(521, 1, 1, 2, 54, '0', '55125', '0', 'Interest charge: Ifeoma', '1694076774208145', '1694076774208145', '2023-09-07', '44', '2023-09-07 04:52:54', 1),
(522, 5, 7, 4, 5, '0', '0', '55125', 'Interest charge: Ifeoma', '1694076774208145', '1694076774208145', '2023-09-07', '44', '2023-09-07 04:52:54', 1),
(523, 1, 1, 2, 55, '0', '82687.5', '0', 'Interest charge: Doris', '1694076774257898', '1694076774257898', '2023-09-07', '44', '2023-09-07 04:52:54', 1),
(524, 5, 7, 4, 5, '0', '0', '82687.5', 'Interest charge: Doris', '1694076774257898', '1694076774257898', '2023-09-07', '44', '2023-09-07 04:52:54', 1),
(525, 1, 1, 2, 56, '0', '110250', '0', 'Interest charge: Aniefon', '1694076774171705', '1694076774171705', '2023-09-07', '44', '2023-09-07 04:52:54', 1),
(526, 5, 7, 4, 5, '0', '0', '110250', 'Interest charge: Aniefon', '1694076774171705', '1694076774171705', '2023-09-07', '44', '2023-09-07 04:52:54', 1),
(527, 1, 1, 2, 57, '0', '110250', '0', 'Interest charge: Okechukwu', '1694076774770019', '1694076774770019', '2023-09-07', '44', '2023-09-07 04:52:54', 1),
(528, 5, 7, 4, 5, '0', '0', '110250', 'Interest charge: Okechukwu', '1694076774770019', '1694076774770019', '2023-09-07', '44', '2023-09-07 04:52:54', 1),
(529, 1, 1, 2, 59, '0', '110250', '0', 'Interest charge: Festus', '1694076774872083', '1694076774872083', '2023-09-07', '44', '2023-09-07 04:52:54', 1),
(530, 5, 7, 4, 5, '0', '0', '110250', 'Interest charge: Festus', '1694076774872083', '1694076774872083', '2023-09-07', '44', '2023-09-07 04:52:54', 1),
(531, 1, 1, 2, 58, '0', '110250', '0', 'Interest charge: CHIMEZIE', '1694076774114335', '1694076774114335', '2023-09-07', '44', '2023-09-07 04:52:54', 1),
(532, 5, 7, 4, 5, '0', '0', '110250', 'Interest charge: CHIMEZIE', '1694076774114335', '1694076774114335', '2023-09-07', '44', '2023-09-07 04:52:54', 1),
(533, 1, 1, 2, 60, '0', '110250', '0', 'Interest charge: SAMUEL', '1694076774186356', '1694076774186356', '2023-09-07', '44', '2023-09-07 04:52:54', 1),
(534, 5, 7, 4, 5, '0', '0', '110250', 'Interest charge: SAMUEL', '1694076774186356', '1694076774186356', '2023-09-07', '44', '2023-09-07 04:52:54', 1),
(535, 1, 1, 2, 43, '0', '115762.5', '0', 'Interest charge: NIMOTA', '1694423676756424', '1694423676756424', '2023-09-11', '45', '2023-09-11 05:14:36', 1),
(536, 5, 7, 4, 5, '0', '0', '115762.5', 'Interest charge: NIMOTA', '1694423676756424', '1694423676756424', '2023-09-11', '45', '2023-09-11 05:14:36', 1),
(537, 1, 1, 2, 45, '0', '115762.5', '0', 'Interest charge: SANDRA', '1694423676418095', '1694423676418095', '2023-09-11', '45', '2023-09-11 05:14:36', 1),
(538, 5, 7, 4, 5, '0', '0', '115762.5', 'Interest charge: SANDRA', '1694423676418095', '1694423676418095', '2023-09-11', '45', '2023-09-11 05:14:36', 1),
(539, 1, 1, 2, 44, '0', '115762.5', '0', 'Interest charge: ALIYU', '1694423676815792', '1694423676815792', '2023-09-11', '45', '2023-09-11 05:14:36', 1),
(540, 5, 7, 4, 5, '0', '0', '115762.5', 'Interest charge: ALIYU', '1694423676815792', '1694423676815792', '2023-09-11', '45', '2023-09-11 05:14:36', 1),
(541, 1, 1, 2, 46, '0', '69457.5', '0', 'Interest charge: FRIDAY', '1694423676303053', '1694423676303053', '2023-09-11', '45', '2023-09-11 05:14:36', 1),
(542, 5, 7, 4, 5, '0', '0', '69457.5', 'Interest charge: FRIDAY', '1694423676303053', '1694423676303053', '2023-09-11', '45', '2023-09-11 05:14:36', 1),
(543, 1, 1, 2, 67, '0', '70000', '0', 'Interest charge: VICTORIA', '1694423676283211', '1694423676283211', '2023-09-09', '45', '2023-09-11 05:14:36', 1),
(544, 5, 7, 4, 5, '0', '0', '70000', 'Interest charge: VICTORIA', '1694423676283211', '1694423676283211', '2023-09-09', '45', '2023-09-11 05:14:36', 1),
(545, 1, 1, 2, 68, '0', '0', '0', 'Interest charge: Ekene', '1694423676360282', '1694423676360282', '2023-09-09', '45', '2023-09-11 05:14:36', 1),
(546, 5, 7, 4, 5, '0', '0', '0', 'Interest charge: Ekene', '1694423676360282', '1694423676360282', '2023-09-09', '45', '2023-09-11 05:14:36', 1),
(547, 1, 1, 3, 18, '0', '100000', '0', 'Processing fees: golden fashions business', '1694456787649554', '1694456787649554', '2023-08-28', '46', '2023-09-11 14:26:27', 1),
(548, 5, 7, 9, 14, '0', '0', '100000', 'Processing fees: golden fashions business', '1694456787649554', '1694456787649554', '2023-08-28', '46', '2023-09-11 14:26:27', 1),
(549, 1, 1, 3, 18, '0', '100000', '0', 'Processing fees: INTEGRATED SERVICES', '1694464394959790', '1694464394959790', '2023-08-30', '46', '2023-09-11 16:33:14', 1),
(550, 5, 7, 9, 14, '0', '0', '100000', 'Processing fees: INTEGRATED SERVICES', '1694464394959790', '1694464394959790', '2023-08-30', '46', '2023-09-11 16:33:14', 1),
(551, 1, 1, 3, 18, '0', '100000', '0', 'Processing fees: PAUL', '1694464626502666', '1694464626502666', '2023-08-28', '46', '2023-09-11 16:37:06', 1),
(552, 5, 7, 9, 14, '0', '0', '100000', 'Processing fees: PAUL', '1694464626502666', '1694464626502666', '2023-08-28', '46', '2023-09-11 16:37:06', 1),
(553, 1, 1, 2, 38, '0', '96468.750192937', '0', 'Interest charge: Kenneth', '1694677615256557', '1694677615256557', '2023-09-14', '45', '2023-09-14 03:46:55', 1),
(554, 5, 7, 4, 5, '0', '0', '96468.750192937', 'Interest charge: Kenneth', '1694677615256557', '1694677615256557', '2023-09-14', '45', '2023-09-14 03:46:55', 1),
(555, 1, 1, 2, 33, '0', '97626.375', '0', 'Interest charge: MOHAMMED', '1694677615473968', '1694677615473968', '2023-09-14', '45', '2023-09-14 03:46:55', 1),
(556, 5, 7, 4, 5, '0', '0', '97626.375', 'Interest charge: MOHAMMED', '1694677615473968', '1694677615473968', '2023-09-14', '45', '2023-09-14 03:46:55', 1),
(557, 1, 1, 2, 30, '0', '97674.609375', '0', 'Interest charge: GLOBAL', '1694677615816654', '1694677615816654', '2023-09-14', '45', '2023-09-14 03:46:55', 1),
(558, 5, 7, 4, 5, '0', '0', '97674.609375', 'Interest charge: GLOBAL', '1694677615816654', '1694677615816654', '2023-09-14', '45', '2023-09-14 03:46:55', 1),
(559, 1, 1, 2, 32, '0', '96468.750192937', '0', 'Interest charge: CHIMA', '1694677615643517', '1694677615643517', '2023-09-14', '45', '2023-09-14 03:46:55', 1),
(560, 5, 7, 4, 5, '0', '0', '96468.750192937', 'Interest charge: CHIMA', '1694677615643517', '1694677615643517', '2023-09-14', '45', '2023-09-14 03:46:55', 1),
(561, 1, 1, 2, 31, '0', '72351.5625', '0', 'Interest charge: GOODLUCK', '1694677615755624', '1694677615755624', '2023-09-14', '45', '2023-09-14 03:46:55', 1),
(562, 5, 7, 4, 5, '0', '0', '72351.5625', 'Interest charge: GOODLUCK', '1694677615755624', '1694677615755624', '2023-09-14', '45', '2023-09-14 03:46:55', 1),
(563, 1, 1, 2, 39, '0', '96468.750192937', '0', 'Interest charge: Nwamaka', '1694677615678988', '1694677615678988', '2023-09-14', '45', '2023-09-14 03:46:55', 1),
(564, 5, 7, 4, 5, '0', '0', '96468.750192937', 'Interest charge: Nwamaka', '1694677615678988', '1694677615678988', '2023-09-14', '45', '2023-09-14 03:46:55', 1),
(565, 1, 1, 3, 18, '0', '10000', '0', 'Registration fees: AMOBI', '1694678854826036', '1694678854826036', '2023-09-14', '45', '2023-09-14 04:07:34', 1),
(566, 5, 7, 9, 13, '0', '0', '10000', 'Registration fees: AMOBI', '1694678854826036', '1694678854826036', '2023-09-14', '45', '2023-09-14 04:07:34', 1),
(567, 1, 1, 2, 49, '0', '28940.625', '0', 'Interest charge: CATO', '1695195227530773', '1695195227530773', '2023-09-20', '45', '2023-09-20 08:33:47', 1),
(568, 5, 7, 4, 5, '0', '0', '28940.625', 'Interest charge: CATO', '1695195227530773', '1695195227530773', '2023-09-20', '45', '2023-09-20 08:33:47', 1),
(569, 1, 1, 2, 50, '0', '115762.5', '0', 'Interest charge: Integrated enterprises', '1695195227927753', '1695195227927753', '2023-09-20', '45', '2023-09-20 08:33:47', 1),
(570, 5, 7, 4, 5, '0', '0', '115762.5', 'Interest charge: Integrated enterprises', '1695195227927753', '1695195227927753', '2023-09-20', '45', '2023-09-20 08:33:47', 1),
(571, 1, 1, 2, 52, '0', '115762.5', '0', 'Interest charge: VENTURE', '1695195227087666', '1695195227087666', '2023-09-20', '45', '2023-09-20 08:33:47', 1),
(572, 5, 7, 4, 5, '0', '0', '115762.5', 'Interest charge: VENTURE', '1695195227087666', '1695195227087666', '2023-09-20', '45', '2023-09-20 08:33:47', 1),
(573, 1, 1, 3, 18, '0', '10000', '0', 'Registration fees: Martha', '1695223819923432', '1695223819923432', '2023-09-20', '45', '2023-09-20 16:30:19', 1),
(574, 5, 7, 9, 13, '0', '0', '10000', 'Registration fees: Martha', '1695223819923432', '1695223819923432', '2023-09-20', '45', '2023-09-20 16:30:19', 1),
(575, 1, 1, 3, 18, '0', '10000', '0', 'Registration fees: Martha', '1695283138072947', '1695283138072947', '2023-09-21', '45', '2023-09-21 08:58:58', 1),
(576, 5, 7, 9, 13, '0', '0', '10000', 'Registration fees: Martha', '1695283138072947', '1695283138072947', '2023-09-21', '45', '2023-09-21 08:58:58', 1),
(577, 1, 1, 2, 29, '0', '42553.150108875', '0', 'Interest charge: Anulika', '1695628904229081', '1695628904229081', '2023-09-25', '45', '2023-09-25 09:01:44', 1),
(578, 5, 7, 4, 5, '0', '0', '42553.150108875', 'Interest charge: Anulika', '1695628904229081', '1695628904229081', '2023-09-25', '45', '2023-09-25 09:01:44', 1),
(579, 1, 1, 2, 51, '0', '160286', '0', 'Interest charge: Friday', '1695628904603272', '1695628904603272', '2023-09-24', '45', '2023-09-25 09:01:44', 1),
(580, 5, 7, 4, 5, '0', '0', '160286', 'Interest charge: Friday', '1695628904603272', '1695628904603272', '2023-09-24', '45', '2023-09-25 09:01:44', 1),
(581, 1, 1, 2, 62, '0', '120214.5', '0', 'Interest charge: MARK', '1695628904567587', '1695628904567587', '2023-09-24', '45', '2023-09-25 09:01:44', 1),
(582, 5, 7, 4, 5, '0', '0', '120214.5', 'Interest charge: MARK', '1695628904567587', '1695628904567587', '2023-09-24', '45', '2023-09-25 09:01:44', 1),
(583, 1, 1, 2, 63, '0', '160286', '0', 'Interest charge: IBRAHIM', '1695628904953694', '1695628904953694', '2023-09-24', '45', '2023-09-25 09:01:44', 1),
(584, 5, 7, 4, 5, '0', '0', '160286', 'Interest charge: IBRAHIM', '1695628904953694', '1695628904953694', '2023-09-24', '45', '2023-09-25 09:01:45', 1),
(585, 1, 1, 2, 65, '0', '160286', '0', 'Interest charge: Okechukwu', '1695628905401026', '1695628905401026', '2023-09-24', '45', '2023-09-25 09:01:45', 1),
(586, 5, 7, 4, 5, '0', '0', '160286', 'Interest charge: Okechukwu', '1695628905401026', '1695628905401026', '2023-09-24', '45', '2023-09-25 09:01:45', 1),
(587, 1, 1, 2, 37, '0', '97653.9375', '0', 'Interest charge: KENNETH', '1695886687695145', '1695886687695145', '2023-09-27', '45', '2023-09-28 08:38:07', 1),
(588, 5, 7, 4, 5, '0', '0', '97653.9375', 'Interest charge: KENNETH', '1695886687695145', '1695886687695145', '2023-09-27', '45', '2023-09-28 08:38:07', 1),
(589, 1, 1, 2, 34, '0', '241191.16875', '0', 'Interest charge: CHARLSE', '1695886687418221', '1695886687418221', '2023-09-27', '45', '2023-09-28 08:38:07', 1),
(590, 5, 7, 4, 5, '0', '0', '241191.16875', 'Interest charge: CHARLSE', '1695886687418221', '1695886687418221', '2023-09-27', '45', '2023-09-28 08:38:07', 1),
(591, 1, 1, 2, 41, '0', '72351.5625', '0', 'Interest charge: Malachy', '1695886687945281', '1695886687945281', '2023-09-27', '45', '2023-09-28 08:38:07', 1),
(592, 5, 7, 4, 5, '0', '0', '72351.5625', 'Interest charge: Malachy', '1695886687945281', '1695886687945281', '2023-09-27', '45', '2023-09-28 08:38:07', 1),
(593, 1, 1, 2, 35, '0', '102545.3165625', '0', 'Interest charge: NATURAL', '1696320166768893', '1696320166768893', '2023-09-29', '45', '2023-10-03 09:02:46', 1),
(594, 5, 7, 4, 5, '0', '0', '102545.3165625', 'Interest charge: NATURAL', '1696320166768893', '1696320166768893', '2023-09-29', '45', '2023-10-03 09:02:46', 1),
(595, 1, 1, 2, 36, '0', '48831.544125', '0', 'Interest charge: JOSEPHINE', '1696320166263800', '1696320166263800', '2023-09-29', '45', '2023-10-03 09:02:46', 1),
(596, 5, 7, 4, 5, '0', '0', '48831.544125', 'Interest charge: JOSEPHINE', '1696320166263800', '1696320166263800', '2023-09-29', '45', '2023-10-03 09:02:46', 1),
(597, 1, 1, 2, 42, '0', '97659.45', '0', 'Interest charge: FROZEN FOODS', '1696320166240590', '1696320166240590', '2023-09-29', '45', '2023-10-03 09:02:46', 1),
(598, 5, 7, 4, 5, '0', '0', '97659.45', 'Interest charge: FROZEN FOODS', '1696320166240590', '1696320166240590', '2023-09-29', '45', '2023-10-03 09:02:46', 1),
(599, 1, 1, 2, 69, '0', '35000', '0', 'Interest charge: Osi', '1696320166640253', '1696320166640253', '2023-09-30', '45', '2023-10-03 09:02:46', 1),
(600, 5, 7, 4, 5, '0', '0', '35000', 'Interest charge: Osi', '1696320166640253', '1696320166640253', '2023-09-30', '45', '2023-10-03 09:02:46', 1),
(601, 1, 1, 2, 70, '0', '70000', '0', 'Interest charge: Ephraim', '1696320166511512', '1696320166511512', '2023-09-30', '45', '2023-10-03 09:02:46', 1),
(602, 5, 7, 4, 5, '0', '0', '70000', 'Interest charge: Ephraim', '1696320166511512', '1696320166511512', '2023-09-30', '45', '2023-10-03 09:02:46', 1),
(603, 1, 1, 2, 75, '0', '140000', '0', 'Interest charge: WILSON', '1696320166596394', '1696320166596394', '2023-09-30', '45', '2023-10-03 09:02:46', 1),
(604, 5, 7, 4, 5, '0', '0', '140000', 'Interest charge: WILSON', '1696320166596394', '1696320166596394', '2023-09-30', '45', '2023-10-03 09:02:46', 1),
(605, 1, 1, 3, 18, '0', '100000', '0', 'Processing fees: COMPANY', '1696341388992879', '1696341388992879', '2023-08-29', '46', '2023-10-03 14:56:28', 1),
(606, 5, 7, 9, 14, '0', '0', '100000', 'Processing fees: COMPANY', '1696341388992879', '1696341388992879', '2023-08-29', '46', '2023-10-03 14:56:28', 1),
(607, 1, 1, 3, 18, '0', '100000', '0', 'Processing fees: Aji', '1696341466777212', '1696341466777212', '2023-09-21', '46', '2023-10-03 14:57:46', 1),
(608, 5, 7, 9, 14, '0', '0', '100000', 'Processing fees: Aji', '1696341466777212', '1696341466777212', '2023-09-21', '46', '2023-10-03 14:57:46', 1),
(609, 1, 1, 3, 1, '0', '100000', '0', 'Processing fees: Martha', '1696341495855193', '1696341495855193', '2023-09-22', '46', '2023-10-03 14:58:15', 1),
(610, 5, 7, 9, 14, '0', '0', '100000', 'Processing fees: Martha', '1696341495855193', '1696341495855193', '2023-09-22', '46', '2023-10-03 14:58:15', 1),
(611, 1, 1, 2, 74, '0', '2000000', '0', 'Loan disbursement PAUL', 'ref', 'manual_ref', '2023-08-30', '46', '2023-10-03 15:10:28', 1),
(612, 1, 1, 3, 18, '0', '0', '2000000', 'Loan disbursement PAUL', 'ref', 'manual_ref', '2023-08-30', '46', '2023-10-03 15:10:28', 1),
(613, 1, 1, 2, 74, '0', '2000000', '0', 'Loan disbursement PAUL', 'ref', 'manual_ref', '2023-08-30', '46', '2023-10-03 15:12:04', 1),
(614, 1, 1, 3, 18, '0', '0', '2000000', 'Loan disbursement PAUL', 'ref', 'manual_ref', '2023-08-30', '46', '2023-10-03 15:12:04', 1),
(615, 1, 1, 2, 73, '0', '2000000', '0', 'Loan disbursement golden fashions business', 'ref', 'manual_ref', '2023-09-03', '46', '2023-10-03 15:17:35', 1),
(616, 1, 1, 3, 18, '0', '0', '2000000', 'Loan disbursement golden fashions business', 'ref', 'manual_ref', '2023-09-03', '46', '2023-10-03 15:17:35', 1),
(617, 1, 1, 2, 71, '0', '2000000', '0', 'Loan disbursement INTEGRATED SERVICES', 'ref', 'manual_ref', '2023-09-11', '46', '2023-10-03 15:20:59', 1),
(618, 1, 1, 3, 18, '0', '0', '2000000', 'Loan disbursement INTEGRATED SERVICES', 'ref', 'manual_ref', '2023-09-11', '46', '2023-10-03 15:20:59', 1),
(619, 1, 1, 2, 79, '0', '2000000', '0', 'Loan disbursement Martha', 'ref', 'manual_ref', '2023-09-29', '46', '2023-10-03 15:47:18', 1),
(620, 1, 1, 3, 18, '0', '0', '2000000', 'Loan disbursement Martha', 'ref', 'manual_ref', '2023-09-29', '46', '2023-10-03 15:47:18', 1),
(621, 1, 1, 2, 72, '0', '2000000', '0', 'Loan disbursement COMPANY', 'ref', 'manual_ref', '2023-09-29', '46', '2023-10-03 15:48:06', 1),
(622, 1, 1, 3, 18, '0', '0', '2000000', 'Loan disbursement COMPANY', 'ref', 'manual_ref', '2023-09-29', '46', '2023-10-03 15:48:06', 1),
(623, 1, 1, 2, 78, '0', '2000000', '0', 'Loan disbursement Aji', 'ref', 'manual_ref', '2023-09-29', '46', '2023-10-03 15:49:59', 1),
(624, 1, 1, 3, 18, '0', '0', '2000000', 'Loan disbursement Aji', 'ref', 'manual_ref', '2023-09-29', '46', '2023-10-03 15:49:59', 1),
(625, 1, 1, 2, 78, '0', '2000000', '0', 'Loan disbursement Aji', 'ref', 'manual_ref', '2023-09-29', '46', '2023-10-03 15:51:16', 1),
(626, 1, 1, 3, 18, '0', '0', '2000000', 'Loan disbursement Aji', 'ref', 'manual_ref', '2023-09-29', '46', '2023-10-03 15:51:16', 1),
(627, 1, 1, 2, 43, '0', '0', '450000', 'Loan repayment: ACKNOWLEDGED', 'ref', 'manual_ref', '2023-06-12', '46', '2023-10-03 15:54:02', 1),
(628, 1, 1, 3, 18, '0', '450000', '0', 'Loan repayment: ACKNOWLEDGED', 'ref', 'manual_ref', '2023-06-12', '46', '2023-10-03 15:54:02', 1),
(629, 1, 1, 2, 45, '0', '0', '434000', 'Loan repayment: ACKNOWLEDGED', 'ref', 'manual_ref', '2023-06-13', '46', '2023-10-03 15:55:26', 1),
(630, 1, 1, 3, 18, '0', '434000', '0', 'Loan repayment: ACKNOWLEDGED', 'ref', 'manual_ref', '2023-06-13', '46', '2023-10-03 15:55:26', 1),
(631, 1, 1, 2, 44, '0', '0', '433333.33', 'Loan repayment: ACKNOWLEDGED', 'ref', 'manual_ref', '2023-06-13', '46', '2023-10-03 15:57:25', 1),
(632, 1, 1, 3, 18, '0', '433333.33', '0', 'Loan repayment: ACKNOWLEDGED', 'ref', 'manual_ref', '2023-06-13', '46', '2023-10-03 15:57:25', 1),
(633, 1, 1, 2, 30, '0', '0', '200000', 'Loan repayment: ACKNOWLEDGED', 'ref', 'manual_ref', '2023-06-15', '46', '2023-10-03 16:14:11', 1),
(634, 1, 1, 3, 18, '0', '200000', '0', 'Loan repayment: ACKNOWLEDGED', 'ref', 'manual_ref', '2023-06-15', '46', '2023-10-03 16:14:11', 1),
(635, 1, 1, 2, 30, '0', '0', '112500', 'Loan repayment: ACKNOWLEDGED', 'ref', 'manual_ref', '2023-06-16', '46', '2023-10-03 16:15:20', 1),
(636, 1, 1, 3, 18, '0', '112500', '0', 'Loan repayment: ACKNOWLEDGED', 'ref', 'manual_ref', '2023-06-16', '46', '2023-10-03 16:15:20', 1),
(637, 1, 1, 2, 38, '0', '0', '416666.67', 'Loan repayment: ACKNOWLEDGED', 'ref', 'manual_ref', '2023-06-16', '46', '2023-10-03 16:17:27', 1),
(638, 1, 1, 3, 18, '0', '416666.67', '0', 'Loan repayment: ACKNOWLEDGED', 'ref', 'manual_ref', '2023-06-16', '46', '2023-10-03 16:17:27', 1),
(639, 1, 1, 2, 37, '0', '0', '417000', 'Loan repayment: ACKNOWLEDGED', 'ref', 'manual_ref', '2023-06-30', '46', '2023-10-03 16:18:10', 1),
(640, 1, 1, 3, 18, '0', '417000', '0', 'Loan repayment: ACKNOWLEDGED', 'ref', 'manual_ref', '2023-06-30', '46', '2023-10-03 16:18:10', 1),
(641, 1, 1, 2, 31, '0', '0', '208000', 'Loan repayment: ACKNOWLEDGED', 'ref', 'manual_ref', '2023-06-24', '46', '2023-10-03 16:19:28', 1),
(642, 1, 1, 3, 18, '0', '208000', '0', 'Loan repayment: ACKNOWLEDGED', 'ref', 'manual_ref', '2023-06-24', '46', '2023-10-03 16:19:28', 1),
(643, 1, 1, 2, 31, '0', '0', '104500', 'Loan repayment: ACKNOWLEDGED', 'ref', 'manual_ref', '2023-06-26', '46', '2023-10-03 16:20:21', 1),
(644, 1, 1, 3, 18, '0', '104500', '0', 'Loan repayment: ACKNOWLEDGED', 'ref', 'manual_ref', '2023-06-26', '46', '2023-10-03 16:20:21', 1),
(645, 1, 1, 2, 52, '0', '0', '433333.33', 'Loan repayment: ACKNOWLEDGED', 'ref', 'manual_ref', '2023-06-20', '46', '2023-10-03 16:21:00', 1),
(646, 1, 1, 3, 18, '0', '433333.33', '0', 'Loan repayment: ACKNOWLEDGED', 'ref', 'manual_ref', '2023-06-20', '46', '2023-10-03 16:21:00', 1),
(647, 1, 1, 2, 42, '0', '0', '416000', 'Loan repayment: ACKNOWLEDGED', 'ref', 'manual_ref', '2023-06-28', '46', '2023-10-03 16:22:45', 1),
(648, 1, 1, 3, 18, '0', '416000', '0', 'Loan repayment: ACKNOWLEDGED', 'ref', 'manual_ref', '2023-06-28', '46', '2023-10-03 16:22:45', 1),
(649, 1, 1, 2, 30, '0', '0', '110000', 'Loan repayment: ACKNOWLEDGED', 'ref', 'manual_ref', '2023-06-30', '46', '2023-10-03 16:28:08', 1),
(650, 1, 1, 3, 18, '0', '110000', '0', 'Loan repayment: ACKNOWLEDGED', 'ref', 'manual_ref', '2023-06-30', '46', '2023-10-03 16:28:08', 1),
(651, 1, 1, 2, 32, '0', '0', '416700', 'Loan repayment: APPROVED', 'ref', 'manual_ref', '2023-06-16', '46', '2023-10-03 16:28:54', 1),
(652, 1, 1, 3, 18, '0', '416700', '0', 'Loan repayment: APPROVED', 'ref', 'manual_ref', '2023-06-16', '46', '2023-10-03 16:28:54', 1),
(653, 1, 1, 2, 50, '0', '0', '300000', 'Loan repayment: ACKNOWLEDGED', 'ref', 'manual_ref', '2023-06-24', '46', '2023-10-03 16:30:47', 1),
(654, 1, 1, 3, 18, '0', '300000', '0', 'Loan repayment: ACKNOWLEDGED', 'ref', 'manual_ref', '2023-06-24', '46', '2023-10-03 16:30:47', 1),
(655, 1, 1, 2, 50, '0', '0', '133353', 'Loan repayment: ACKNOWLEDGED', 'ref', 'manual_ref', '2023-06-26', '46', '2023-10-03 16:31:01', 1),
(656, 1, 1, 3, 18, '0', '133353', '0', 'Loan repayment: ACKNOWLEDGED', 'ref', 'manual_ref', '2023-06-26', '46', '2023-10-03 16:31:01', 1),
(657, 1, 1, 2, 39, '0', '0', '416666.67', 'Loan repayment: ACKNOWLEDGED', 'ref', 'manual_ref', '2023-06-19', '46', '2023-10-03 16:32:21', 1),
(658, 1, 1, 3, 18, '0', '416666.67', '0', 'Loan repayment: ACKNOWLEDGED', 'ref', 'manual_ref', '2023-06-19', '46', '2023-10-03 16:32:21', 1),
(659, 1, 1, 2, 36, '0', '0', '180000', 'Loan repayment: ACKNOWLEDGED', 'ref', 'manual_ref', '2023-07-03', '46', '2023-10-03 16:33:02', 1),
(660, 1, 1, 3, 18, '0', '180000', '0', 'Loan repayment: ACKNOWLEDGED', 'ref', 'manual_ref', '2023-07-03', '46', '2023-10-03 16:33:02', 1),
(661, 1, 1, 2, 35, '0', '0', '416000', 'Loan repayment: ACKNOWLEDGED', 'ref', 'manual_ref', '2023-07-03', '46', '2023-10-03 16:35:03', 1),
(662, 1, 1, 3, 18, '0', '416000', '0', 'Loan repayment: ACKNOWLEDGED', 'ref', 'manual_ref', '2023-07-03', '46', '2023-10-03 16:35:03', 1),
(663, 1, 1, 2, 34, '0', '0', '1040000', 'Loan repayment: ACKNOWLEDGED', 'ref', 'manual_ref', '2023-07-01', '46', '2023-10-03 16:36:15', 1),
(664, 1, 1, 3, 18, '0', '1040000', '0', 'Loan repayment: ACKNOWLEDGED', 'ref', 'manual_ref', '2023-07-01', '46', '2023-10-03 16:36:15', 1),
(665, 1, 1, 2, 55, '0', '0', '350000', 'Loan repayment: ACKNOWLEDGED', 'ref', 'manual_ref', '2023-07-03', '46', '2023-10-03 16:39:04', 1),
(666, 1, 1, 3, 18, '0', '350000', '0', 'Loan repayment: ACKNOWLEDGED', 'ref', 'manual_ref', '2023-07-03', '46', '2023-10-03 16:39:04', 1),
(667, 1, 1, 2, 58, '0', '0', '433400', 'Loan repayment: ACKNOWLEDGED', 'ref', 'manual_ref', '2023-07-06', '46', '2023-10-03 16:40:04', 1),
(668, 1, 1, 3, 18, '0', '433400', '0', 'Loan repayment: ACKNOWLEDGED', 'ref', 'manual_ref', '2023-07-06', '46', '2023-10-03 16:40:04', 1),
(669, 1, 1, 2, 29, '0', '0', '200000', 'Loan repayment: ACKNOWLEDGED', 'ref', 'manual_ref', '2023-07-02', '46', '2023-10-03 16:41:12', 1),
(670, 1, 1, 3, 18, '0', '200000', '0', 'Loan repayment: ACKNOWLEDGED', 'ref', 'manual_ref', '2023-07-02', '46', '2023-10-03 16:41:12', 1),
(671, 1, 1, 2, 36, '0', '0', '28400', 'Loan repayment: ACKNOWLEDGED', 'ref', 'manual_ref', '2023-07-06', '46', '2023-10-03 16:43:12', 1),
(672, 1, 1, 3, 18, '0', '28400', '0', 'Loan repayment: ACKNOWLEDGED', 'ref', 'manual_ref', '2023-07-06', '46', '2023-10-03 16:43:12', 1),
(673, 1, 1, 2, 56, '0', '0', '300000', 'Loan repayment: ACKNOWLEDGED', 'ref', 'manual_ref', '2023-07-09', '46', '2023-10-03 17:49:52', 1),
(674, 1, 1, 3, 18, '0', '300000', '0', 'Loan repayment: ACKNOWLEDGED', 'ref', 'manual_ref', '2023-07-09', '46', '2023-10-03 17:49:52', 1),
(675, 1, 1, 2, 60, '0', '0', '400000', 'Loan repayment: ACKNOWLEDGED', 'ref', 'manual_ref', '2023-07-09', '46', '2023-10-03 17:50:28', 1),
(676, 1, 1, 3, 18, '0', '400000', '0', 'Loan repayment: ACKNOWLEDGED', 'ref', 'manual_ref', '2023-07-09', '46', '2023-10-03 17:50:28', 1),
(677, 1, 1, 2, 29, '0', '0', '166666.67', 'Loan repayment: ACKNOWLEDGED', 'ref', 'manual_ref', '2023-07-10', '46', '2023-10-03 17:50:41', 1),
(678, 1, 1, 3, 18, '0', '166666.67', '0', 'Loan repayment: ACKNOWLEDGED', 'ref', 'manual_ref', '2023-07-10', '46', '2023-10-03 17:50:41', 1),
(679, 1, 1, 2, 43, '0', '0', '300000', 'Loan repayment: ACKNOWLEDGED', 'ref', 'manual_ref', '2023-07-10', '46', '2023-10-03 17:51:39', 1),
(680, 1, 1, 3, 18, '0', '300000', '0', 'Loan repayment: ACKNOWLEDGED', 'ref', 'manual_ref', '2023-07-10', '46', '2023-10-03 17:51:39', 1),
(681, 1, 1, 2, 44, '0', '0', '416666.67', 'Loan repayment: ACKNOWLEDGED', 'ref', 'manual_ref', '2023-07-11', '46', '2023-10-03 17:51:59', 1),
(682, 1, 1, 3, 18, '0', '416666.67', '0', 'Loan repayment: ACKNOWLEDGED', 'ref', 'manual_ref', '2023-07-11', '46', '2023-10-03 17:51:59', 1),
(683, 1, 1, 2, 43, '0', '0', '120000', 'Loan repayment: ACKNOWLEDGED', 'ref', 'manual_ref', '2023-07-11', '46', '2023-10-03 17:52:24', 1),
(684, 1, 1, 3, 18, '0', '120000', '0', 'Loan repayment: ACKNOWLEDGED', 'ref', 'manual_ref', '2023-07-11', '46', '2023-10-03 17:52:24', 1),
(685, 1, 1, 2, 57, '0', '0', '433333.33', 'Loan repayment: ACKNOWLEDGED', 'ref', 'manual_ref', '2023-07-12', '46', '2023-10-03 17:53:18', 1),
(686, 1, 1, 3, 18, '0', '433333.33', '0', 'Loan repayment: ACKNOWLEDGED', 'ref', 'manual_ref', '2023-07-12', '46', '2023-10-03 17:53:18', 1),
(687, 1, 1, 2, 59, '0', '0', '433333.33', 'Loan repayment: ACKNOWLEDGED', 'ref', 'manual_ref', '2023-07-13', '46', '2023-10-03 17:54:03', 1),
(688, 1, 1, 3, 18, '0', '433333.33', '0', 'Loan repayment: ACKNOWLEDGED', 'ref', 'manual_ref', '2023-07-13', '46', '2023-10-03 17:54:03', 1),
(689, 1, 1, 2, 59, '0', '0', '433333.33', 'Loan repayment: ACKNOWLEDGED', 'ref', 'manual_ref', '2023-07-12', '46', '2023-10-03 17:54:26', 1),
(690, 1, 1, 3, 18, '0', '433333.33', '0', 'Loan repayment: ACKNOWLEDGED', 'ref', 'manual_ref', '2023-07-12', '46', '2023-10-03 17:54:26', 1),
(691, 1, 1, 2, 54, '0', '0', '216666.67', 'Loan repayment: ACKNOWLEDGED', 'ref', 'manual_ref', '2023-07-09', '46', '2023-10-03 17:54:50', 1),
(692, 1, 1, 3, 18, '0', '216666.67', '0', 'Loan repayment: ACKNOWLEDGED', 'ref', 'manual_ref', '2023-07-09', '46', '2023-10-03 17:54:50', 1),
(693, 1, 1, 2, 52, '0', '0', '416666', 'Loan repayment: ACKNOWLEDGED', 'ref', 'manual_ref', '2023-07-18', '46', '2023-10-03 17:55:28', 1),
(694, 1, 1, 3, 18, '0', '416666', '0', 'Loan repayment: ACKNOWLEDGED', 'ref', 'manual_ref', '2023-07-18', '46', '2023-10-03 17:55:28', 1),
(695, 1, 1, 2, 38, '0', '0', '400000', 'Loan repayment: ACKNOWLEDGED', 'ref', 'manual_ref', '2023-07-17', '46', '2023-10-03 18:06:47', 1),
(696, 1, 1, 3, 18, '0', '400000', '0', 'Loan repayment: ACKNOWLEDGED', 'ref', 'manual_ref', '2023-07-17', '46', '2023-10-03 18:06:47', 1),
(697, 1, 1, 2, 59, '0', '0', '433333.33', 'Loan repayment: ACKNOWLEDGED', 'ref', 'manual_ref', '2023-07-12', '46', '2023-10-03 18:08:34', 1),
(698, 1, 1, 3, 18, '0', '433333.33', '0', 'Loan repayment: ACKNOWLEDGED', 'ref', 'manual_ref', '2023-07-12', '46', '2023-10-03 18:08:34', 1),
(699, 1, 1, 2, 65, '0', '0', '810000', 'Loan repayment: ACKNOWLEDGED', 'ref', 'manual_ref', '2023-07-23', '46', '2023-10-03 18:09:10', 1),
(700, 1, 1, 3, 18, '0', '810000', '0', 'Loan repayment: ACKNOWLEDGED', 'ref', 'manual_ref', '2023-07-23', '46', '2023-10-03 18:09:10', 1),
(701, 1, 1, 2, 60, '0', '0', '43400', 'Loan repayment: APPROVED', 'ref', 'manual_ref', '2023-07-24', '46', '2023-10-03 18:10:52', 1),
(702, 1, 1, 3, 18, '0', '43400', '0', 'Loan repayment: APPROVED', 'ref', 'manual_ref', '2023-07-24', '46', '2023-10-03 18:10:52', 1),
(703, 1, 1, 2, 60, '0', '0', '43400', 'Loan repayment: APPROVED', 'ref', 'manual_ref', '2023-07-24', '46', '2023-10-03 18:10:53', 1),
(704, 1, 1, 3, 18, '0', '43400', '0', 'Loan repayment: APPROVED', 'ref', 'manual_ref', '2023-07-24', '46', '2023-10-03 18:10:53', 1);
INSERT INTO `account_transactions` (`id`, `groupid`, `headid`, `subheadid`, `accountid`, `accountcode`, `debit`, `credit`, `remarks`, `ref`, `manual_ref`, `transdate`, `postby`, `createdat`, `is_trial`) VALUES
(705, 1, 1, 2, 60, '0', '0', '43400', 'Loan repayment: APPROVED', 'ref', 'manual_ref', '2023-07-24', '46', '2023-10-03 18:10:53', 1),
(706, 1, 1, 3, 18, '0', '43400', '0', 'Loan repayment: APPROVED', 'ref', 'manual_ref', '2023-07-24', '46', '2023-10-03 18:10:53', 1),
(707, 1, 1, 2, 60, '0', '0', '43400', 'Loan repayment: APPROVED', 'ref', 'manual_ref', '2023-07-24', '46', '2023-10-03 18:10:53', 1),
(708, 1, 1, 3, 18, '0', '43400', '0', 'Loan repayment: APPROVED', 'ref', 'manual_ref', '2023-07-24', '46', '2023-10-03 18:10:53', 1),
(709, 1, 1, 2, 60, '0', '0', '43400', 'Loan repayment: APPROVED', 'ref', 'manual_ref', '2023-07-24', '46', '2023-10-03 18:10:53', 1),
(710, 1, 1, 3, 18, '0', '43400', '0', 'Loan repayment: APPROVED', 'ref', 'manual_ref', '2023-07-24', '46', '2023-10-03 18:10:53', 1),
(711, 1, 1, 2, 60, '0', '0', '43400', 'Loan repayment: APPROVED', 'ref', 'manual_ref', '2023-07-24', '46', '2023-10-03 18:10:53', 1),
(712, 1, 1, 3, 18, '0', '43400', '0', 'Loan repayment: APPROVED', 'ref', 'manual_ref', '2023-07-24', '46', '2023-10-03 18:10:53', 1),
(713, 1, 1, 2, 60, '0', '0', '43400', 'Loan repayment: APPROVED', 'ref', 'manual_ref', '2023-07-24', '46', '2023-10-03 18:10:53', 1),
(714, 1, 1, 3, 18, '0', '43400', '0', 'Loan repayment: APPROVED', 'ref', 'manual_ref', '2023-07-24', '46', '2023-10-03 18:10:53', 1),
(715, 1, 1, 2, 60, '0', '0', '43400', 'Loan repayment: APPROVED', 'ref', 'manual_ref', '2023-07-24', '46', '2023-10-03 18:10:53', 1),
(716, 1, 1, 3, 18, '0', '43400', '0', 'Loan repayment: APPROVED', 'ref', 'manual_ref', '2023-07-24', '46', '2023-10-03 18:10:53', 1),
(717, 1, 1, 2, 60, '0', '0', '43400', 'Loan repayment: APPROVED', 'ref', 'manual_ref', '2023-07-24', '46', '2023-10-03 18:10:53', 1),
(718, 1, 1, 3, 18, '0', '43400', '0', 'Loan repayment: APPROVED', 'ref', 'manual_ref', '2023-07-24', '46', '2023-10-03 18:10:53', 1),
(719, 1, 1, 2, 60, '0', '0', '43400', 'Loan repayment: APPROVED', 'ref', 'manual_ref', '2023-07-24', '46', '2023-10-03 18:10:53', 1),
(720, 1, 1, 3, 18, '0', '43400', '0', 'Loan repayment: APPROVED', 'ref', 'manual_ref', '2023-07-24', '46', '2023-10-03 18:10:53', 1),
(721, 1, 1, 2, 60, '0', '0', '43400', 'Loan repayment: APPROVED', 'ref', 'manual_ref', '2023-07-24', '46', '2023-10-03 18:10:53', 1),
(722, 1, 1, 3, 18, '0', '43400', '0', 'Loan repayment: APPROVED', 'ref', 'manual_ref', '2023-07-24', '46', '2023-10-03 18:10:53', 1),
(723, 1, 1, 2, 29, '0', '0', '150000', 'Loan repayment: ACKNOWLEDGED', 'ref', 'manual_ref', '2023-07-28', '46', '2023-10-03 18:12:23', 1),
(724, 1, 1, 3, 18, '0', '150000', '0', 'Loan repayment: ACKNOWLEDGED', 'ref', 'manual_ref', '2023-07-28', '46', '2023-10-03 18:12:23', 1),
(725, 1, 1, 2, 46, '0', '0', '185000', 'Loan repayment: ACKNOWLEDGED', 'ref', 'manual_ref', '2023-07-18', '46', '2023-10-03 18:14:10', 1),
(726, 1, 1, 3, 18, '0', '185000', '0', 'Loan repayment: ACKNOWLEDGED', 'ref', 'manual_ref', '2023-07-18', '46', '2023-10-03 18:14:10', 1),
(727, 1, 1, 2, 45, '0', '0', '434000', 'Loan repayment: ACKNOWLEDGED', 'ref', 'manual_ref', '2023-07-10', '46', '2023-10-03 18:14:46', 1),
(728, 1, 1, 3, 18, '0', '434000', '0', 'Loan repayment: ACKNOWLEDGED', 'ref', 'manual_ref', '2023-07-10', '46', '2023-10-03 18:14:46', 1),
(729, 1, 1, 2, 31, '0', '0', '100000', 'Loan repayment: ACKNOWLEDGED', 'ref', 'manual_ref', '2023-07-19', '46', '2023-10-03 18:16:00', 1),
(730, 1, 1, 3, 18, '0', '100000', '0', 'Loan repayment: ACKNOWLEDGED', 'ref', 'manual_ref', '2023-07-19', '46', '2023-10-03 18:16:00', 1),
(731, 1, 1, 2, 30, '0', '0', '150000', 'Loan repayment: ACKNOWLEDGED', 'ref', 'manual_ref', '2023-07-17', '46', '2023-10-03 18:16:29', 1),
(732, 1, 1, 3, 18, '0', '150000', '0', 'Loan repayment: ACKNOWLEDGED', 'ref', 'manual_ref', '2023-07-17', '46', '2023-10-03 18:16:29', 1),
(733, 1, 1, 2, 30, '0', '0', '150000', 'Loan repayment: ACKNOWLEDGED', 'ref', 'manual_ref', '2023-07-19', '46', '2023-10-03 18:17:29', 1),
(734, 1, 1, 3, 18, '0', '150000', '0', 'Loan repayment: ACKNOWLEDGED', 'ref', 'manual_ref', '2023-07-19', '46', '2023-10-03 18:17:29', 1),
(735, 1, 1, 2, 32, '0', '0', '406666.66', 'Loan repayment: ACKNOWLEDGED', 'ref', 'manual_ref', '2023-07-19', '46', '2023-10-03 18:17:53', 1),
(736, 1, 1, 3, 18, '0', '406666.66', '0', 'Loan repayment: ACKNOWLEDGED', 'ref', 'manual_ref', '2023-07-19', '46', '2023-10-03 18:17:53', 1),
(737, 1, 1, 2, 56, '0', '0', '133000', 'Loan repayment: ACKNOWLEDGED', 'ref', 'manual_ref', '2023-07-20', '46', '2023-10-03 18:18:19', 1),
(738, 1, 1, 3, 18, '0', '133000', '0', 'Loan repayment: ACKNOWLEDGED', 'ref', 'manual_ref', '2023-07-20', '46', '2023-10-03 18:18:19', 1),
(739, 1, 1, 2, 50, '0', '0', '200000', 'Loan repayment: ACKNOWLEDGED', 'ref', 'manual_ref', '2023-07-20', '46', '2023-10-03 18:18:52', 1),
(740, 1, 1, 3, 18, '0', '200000', '0', 'Loan repayment: ACKNOWLEDGED', 'ref', 'manual_ref', '2023-07-20', '46', '2023-10-03 18:18:52', 1),
(741, 1, 1, 2, 63, '0', '0', '473333.33', 'Loan repayment: ACKNOWLEDGED', 'ref', 'manual_ref', '2023-07-23', '46', '2023-10-03 18:19:37', 1),
(742, 1, 1, 3, 18, '0', '473333.33', '0', 'Loan repayment: ACKNOWLEDGED', 'ref', 'manual_ref', '2023-07-23', '46', '2023-10-03 18:19:37', 1),
(743, 1, 1, 2, 31, '0', '0', '200000', 'Loan repayment: ACKNOWLEDGED', 'ref', 'manual_ref', '2023-07-25', '46', '2023-10-03 18:21:02', 1),
(744, 1, 1, 3, 18, '0', '200000', '0', 'Loan repayment: ACKNOWLEDGED', 'ref', 'manual_ref', '2023-07-25', '46', '2023-10-03 18:21:02', 1),
(745, 1, 1, 2, 29, '0', '0', '200000', 'Loan repayment: ACKNOWLEDGED', 'ref', 'manual_ref', '2023-07-25', '46', '2023-10-03 18:21:53', 1),
(746, 1, 1, 3, 18, '0', '200000', '0', 'Loan repayment: ACKNOWLEDGED', 'ref', 'manual_ref', '2023-07-25', '46', '2023-10-03 18:21:53', 1),
(747, 1, 1, 2, 50, '0', '0', '116687', 'Loan repayment: ACKNOWLEDGED', 'ref', 'manual_ref', '2023-07-25', '46', '2023-10-03 18:22:27', 1),
(748, 1, 1, 3, 18, '0', '116687', '0', 'Loan repayment: ACKNOWLEDGED', 'ref', 'manual_ref', '2023-07-25', '46', '2023-10-03 18:22:27', 1),
(749, 1, 1, 2, 62, '0', '0', '123350', 'Loan repayment: ACKNOWLEDGED', 'ref', 'manual_ref', '2023-07-24', '46', '2023-10-03 18:23:01', 1),
(750, 1, 1, 3, 18, '0', '123350', '0', 'Loan repayment: ACKNOWLEDGED', 'ref', 'manual_ref', '2023-07-24', '46', '2023-10-03 18:23:01', 1),
(751, 1, 1, 2, 62, '0', '0', '100000', 'Loan repayment: ACKNOWLEDGED', 'ref', 'manual_ref', '2023-07-26', '46', '2023-10-03 18:23:48', 1),
(752, 1, 1, 3, 18, '0', '100000', '0', 'Loan repayment: ACKNOWLEDGED', 'ref', 'manual_ref', '2023-07-26', '46', '2023-10-03 18:23:48', 1),
(753, 1, 1, 2, 46, '0', '0', '65000', 'Loan repayment: ACKNOWLEDGED', 'ref', 'manual_ref', '2023-07-28', '46', '2023-10-03 18:25:23', 1),
(754, 1, 1, 3, 18, '0', '65000', '0', 'Loan repayment: ACKNOWLEDGED', 'ref', 'manual_ref', '2023-07-28', '46', '2023-10-03 18:25:23', 1),
(755, 1, 1, 2, 50, '0', '0', '100000', 'Loan repayment: ACKNOWLEDGED', 'ref', 'manual_ref', '2023-07-22', '46', '2023-10-03 18:25:49', 1),
(756, 1, 1, 3, 18, '0', '100000', '0', 'Loan repayment: ACKNOWLEDGED', 'ref', 'manual_ref', '2023-07-22', '46', '2023-10-03 18:25:49', 1),
(757, 1, 1, 2, 39, '0', '0', '400000', 'Loan repayment: ACKNOWLEDGED', 'ref', 'manual_ref', '2023-07-28', '46', '2023-10-04 00:02:47', 1),
(758, 1, 1, 3, 18, '0', '400000', '0', 'Loan repayment: ACKNOWLEDGED', 'ref', 'manual_ref', '2023-07-28', '46', '2023-10-04 00:02:47', 1),
(759, 1, 1, 2, 59, '0', '50762.5005', '0', 'Interest charge: Festus', '1696374227260014', '1696374227260014', '2023-10-07', '46', '2023-10-04 00:03:47', 1),
(760, 5, 7, 4, 5, '0', '0', '50762.5005', 'Interest charge: Festus', '1696374227260014', '1696374227260014', '2023-10-07', '46', '2023-10-04 00:03:47', 1),
(761, 1, 1, 2, 59, '0', '0', '216666', 'Loan repayment: ACKNOWLEDGED', 'ref', 'manual_ref', '2023-08-14', '46', '2023-10-04 00:03:47', 1),
(762, 1, 1, 3, 18, '0', '216666', '0', 'Loan repayment: ACKNOWLEDGED', 'ref', 'manual_ref', '2023-08-14', '46', '2023-10-04 00:03:47', 1),
(763, 1, 1, 2, 41, '0', '0', '100000', 'Loan repayment: ACKNOWLEDGED', 'ref', 'manual_ref', '2023-08-03', '46', '2023-10-04 00:04:48', 1),
(764, 1, 1, 3, 18, '0', '100000', '0', 'Loan repayment: ACKNOWLEDGED', 'ref', 'manual_ref', '2023-08-03', '46', '2023-10-04 00:04:48', 1),
(765, 1, 1, 2, 37, '0', '0', '400000', 'Loan repayment: ACKNOWLEDGED', 'ref', 'manual_ref', '2023-08-01', '46', '2023-10-04 00:07:42', 1),
(766, 1, 1, 3, 18, '0', '400000', '0', 'Loan repayment: ACKNOWLEDGED', 'ref', 'manual_ref', '2023-08-01', '46', '2023-10-04 00:07:42', 1),
(767, 1, 1, 2, 51, '0', '0', '210000', 'Loan repayment: ACKNOWLEDGED', 'ref', 'manual_ref', '2023-08-01', '46', '2023-10-04 00:13:49', 1),
(768, 1, 1, 3, 18, '0', '210000', '0', 'Loan repayment: ACKNOWLEDGED', 'ref', 'manual_ref', '2023-08-01', '46', '2023-10-04 00:13:49', 1),
(769, 1, 1, 2, 30, '0', '0', '100000', 'Loan repayment: ACKNOWLEDGED', 'ref', 'manual_ref', '2023-08-15', '46', '2023-10-04 00:15:42', 1),
(770, 1, 1, 3, 18, '0', '100000', '0', 'Loan repayment: ACKNOWLEDGED', 'ref', 'manual_ref', '2023-08-15', '46', '2023-10-04 00:15:42', 1),
(771, 1, 1, 2, 60, '0', '0', '100000', 'Loan repayment: ACKNOWLEDGED', 'ref', 'manual_ref', '2023-08-14', '46', '2023-10-04 00:19:38', 1),
(772, 1, 1, 3, 18, '0', '100000', '0', 'Loan repayment: ACKNOWLEDGED', 'ref', 'manual_ref', '2023-08-14', '46', '2023-10-04 00:19:38', 1),
(773, 1, 1, 2, 51, '0', '0', '185000', 'Loan repayment: ACKNOWLEDGED', 'ref', 'manual_ref', '2023-08-15', '46', '2023-10-04 00:20:56', 1),
(774, 1, 1, 3, 18, '0', '185000', '0', 'Loan repayment: ACKNOWLEDGED', 'ref', 'manual_ref', '2023-08-15', '46', '2023-10-04 00:20:56', 1),
(775, 1, 1, 2, 51, '0', '0', '78400', 'Loan repayment: ACKNOWLEDGED', 'ref', 'manual_ref', '2023-08-16', '46', '2023-10-04 00:23:08', 1),
(776, 1, 1, 3, 18, '0', '78400', '0', 'Loan repayment: ACKNOWLEDGED', 'ref', 'manual_ref', '2023-08-16', '46', '2023-10-04 00:23:08', 1),
(777, 1, 1, 2, 34, '0', '0', '1000000', 'Loan repayment: ACKNOWLEDGED', 'ref', 'manual_ref', '2023-08-02', '46', '2023-10-04 00:23:57', 1),
(778, 1, 1, 3, 18, '0', '1000000', '0', 'Loan repayment: ACKNOWLEDGED', 'ref', 'manual_ref', '2023-08-02', '46', '2023-10-04 00:23:57', 1),
(779, 1, 1, 2, 44, '0', '0', '400000', 'Loan repayment: ACKNOWLEDGED', 'ref', 'manual_ref', '2023-08-14', '46', '2023-10-04 00:28:49', 1),
(780, 1, 1, 3, 18, '0', '400000', '0', 'Loan repayment: ACKNOWLEDGED', 'ref', 'manual_ref', '2023-08-14', '46', '2023-10-04 00:28:49', 1),
(781, 1, 1, 2, 57, '0', '0', '416000', 'Loan repayment: ACKNOWLEDGED', 'ref', 'manual_ref', '2023-08-08', '46', '2023-10-04 00:30:23', 1),
(782, 1, 1, 3, 18, '0', '416000', '0', 'Loan repayment: ACKNOWLEDGED', 'ref', 'manual_ref', '2023-08-08', '46', '2023-10-04 00:30:23', 1),
(783, 1, 1, 2, 36, '0', '0', '100000', 'Loan repayment: ACKNOWLEDGED', 'ref', 'manual_ref', '2023-07-31', '46', '2023-10-04 00:31:21', 1),
(784, 1, 1, 3, 18, '0', '100000', '0', 'Loan repayment: ACKNOWLEDGED', 'ref', 'manual_ref', '2023-07-31', '46', '2023-10-04 00:31:21', 1),
(785, 1, 1, 2, 35, '0', '0', '100000', 'Loan repayment: ACKNOWLEDGED', 'ref', 'manual_ref', '2023-08-07', '46', '2023-10-04 00:37:01', 1),
(786, 1, 1, 3, 18, '0', '100000', '0', 'Loan repayment: ACKNOWLEDGED', 'ref', 'manual_ref', '2023-08-07', '46', '2023-10-04 00:37:01', 1),
(787, 1, 1, 2, 35, '0', '0', '300000', 'Loan repayment: ACKNOWLEDGED', 'ref', 'manual_ref', '2023-08-03', '46', '2023-10-04 00:37:11', 1),
(788, 1, 1, 3, 18, '0', '300000', '0', 'Loan repayment: ACKNOWLEDGED', 'ref', 'manual_ref', '2023-08-03', '46', '2023-10-04 00:37:11', 1),
(789, 1, 1, 2, 36, '0', '0', '50000', 'Loan repayment: ACKNOWLEDGED', 'ref', 'manual_ref', '2023-08-28', '46', '2023-10-04 00:37:59', 1),
(790, 1, 1, 3, 18, '0', '50000', '0', 'Loan repayment: ACKNOWLEDGED', 'ref', 'manual_ref', '2023-08-28', '46', '2023-10-04 00:37:59', 1),
(791, 1, 1, 2, 36, '0', '0', '80000', 'Loan repayment: ACKNOWLEDGED', 'ref', 'manual_ref', '2023-08-14', '46', '2023-10-04 00:38:09', 1),
(792, 1, 1, 3, 18, '0', '80000', '0', 'Loan repayment: ACKNOWLEDGED', 'ref', 'manual_ref', '2023-08-14', '46', '2023-10-04 00:38:09', 1),
(793, 1, 1, 2, 45, '0', '0', '434000', 'Loan repayment: ACKNOWLEDGED', 'ref', 'manual_ref', '2023-08-10', '46', '2023-10-04 00:40:37', 1),
(794, 1, 1, 3, 18, '0', '434000', '0', 'Loan repayment: ACKNOWLEDGED', 'ref', 'manual_ref', '2023-08-10', '46', '2023-10-04 00:40:37', 1),
(795, 1, 1, 2, 58, '0', '0', '416700', 'Loan repayment: ACKNOWLEDGED', 'ref', 'manual_ref', '2023-08-09', '46', '2023-10-04 00:43:07', 1),
(796, 1, 1, 3, 18, '0', '416700', '0', 'Loan repayment: ACKNOWLEDGED', 'ref', 'manual_ref', '2023-08-09', '46', '2023-10-04 00:43:07', 1),
(797, 1, 1, 2, 62, '0', '0', '131650', 'Loan repayment: ACKNOWLEDGED', 'ref', 'manual_ref', '2023-08-09', '46', '2023-10-04 00:43:56', 1),
(798, 1, 1, 3, 18, '0', '131650', '0', 'Loan repayment: ACKNOWLEDGED', 'ref', 'manual_ref', '2023-08-09', '46', '2023-10-04 00:43:56', 1),
(799, 1, 1, 2, 38, '0', '0', '414000', 'Loan repayment: ACKNOWLEDGED', 'ref', 'manual_ref', '2023-08-21', '46', '2023-10-04 00:45:50', 1),
(800, 1, 1, 3, 18, '0', '414000', '0', 'Loan repayment: ACKNOWLEDGED', 'ref', 'manual_ref', '2023-08-21', '46', '2023-10-04 00:45:50', 1),
(801, 1, 1, 2, 46, '0', '0', '100000', 'Loan repayment: ACKNOWLEDGED', 'ref', 'manual_ref', '2023-08-21', '46', '2023-10-04 00:46:45', 1),
(802, 1, 1, 3, 18, '0', '100000', '0', 'Loan repayment: ACKNOWLEDGED', 'ref', 'manual_ref', '2023-08-21', '46', '2023-10-04 00:46:45', 1),
(803, 1, 1, 2, 63, '0', '0', '449999.99', 'Loan repayment: ACKNOWLEDGED', 'ref', 'manual_ref', '2023-08-22', '46', '2023-10-04 00:47:29', 1),
(804, 1, 1, 3, 18, '0', '449999.99', '0', 'Loan repayment: ACKNOWLEDGED', 'ref', 'manual_ref', '2023-08-22', '46', '2023-10-04 00:47:29', 1),
(805, 1, 1, 2, 60, '0', '0', '99000', 'Loan repayment: ACKNOWLEDGED', 'ref', 'manual_ref', '2023-08-21', '46', '2023-10-04 00:48:11', 1),
(806, 1, 1, 3, 18, '0', '99000', '0', 'Loan repayment: ACKNOWLEDGED', 'ref', 'manual_ref', '2023-08-21', '46', '2023-10-04 00:48:11', 1),
(807, 1, 1, 2, 34, '0', '0', '950000', 'Loan repayment: ACKNOWLEDGED', 'ref', 'manual_ref', '2023-08-29', '46', '2023-10-04 00:52:38', 1),
(808, 1, 1, 3, 18, '0', '950000', '0', 'Loan repayment: ACKNOWLEDGED', 'ref', 'manual_ref', '2023-08-29', '46', '2023-10-04 00:52:38', 1),
(809, 1, 1, 2, 62, '0', '0', '180000', 'Loan repayment: ACKNOWLEDGED', 'ref', 'manual_ref', '2023-08-29', '46', '2023-10-04 00:53:20', 1),
(810, 1, 1, 3, 18, '0', '180000', '0', 'Loan repayment: ACKNOWLEDGED', 'ref', 'manual_ref', '2023-08-29', '46', '2023-10-04 00:53:20', 1),
(811, 1, 1, 2, 56, '0', '0', '200000', 'Loan repayment: ACKNOWLEDGED', 'ref', 'manual_ref', '2023-08-30', '46', '2023-10-04 00:54:15', 1),
(812, 1, 1, 3, 18, '0', '200000', '0', 'Loan repayment: ACKNOWLEDGED', 'ref', 'manual_ref', '2023-08-30', '46', '2023-10-04 00:54:15', 1),
(813, 1, 1, 2, 55, '0', '0', '300000', 'Loan repayment: ACKNOWLEDGED', 'ref', 'manual_ref', '2023-08-31', '46', '2023-10-04 00:54:57', 1),
(814, 1, 1, 3, 18, '0', '300000', '0', 'Loan repayment: ACKNOWLEDGED', 'ref', 'manual_ref', '2023-08-31', '46', '2023-10-04 00:54:57', 1),
(815, 1, 1, 2, 31, '0', '0', '191700', 'Loan repayment: ACKNOWLEDGED', 'ref', 'manual_ref', '2023-08-23', '46', '2023-10-04 00:59:39', 1),
(816, 1, 1, 3, 18, '0', '191700', '0', 'Loan repayment: ACKNOWLEDGED', 'ref', 'manual_ref', '2023-08-23', '46', '2023-10-04 00:59:39', 1),
(817, 1, 1, 2, 42, '0', '0', '383000', 'Loan repayment: ACKNOWLEDGED', 'ref', 'manual_ref', '2023-09-03', '46', '2023-10-04 01:02:59', 1),
(818, 1, 1, 3, 18, '0', '383000', '0', 'Loan repayment: ACKNOWLEDGED', 'ref', 'manual_ref', '2023-09-03', '46', '2023-10-04 01:02:59', 1),
(819, 1, 1, 2, 35, '0', '0', '285000', 'Loan repayment: ACKNOWLEDGED', 'ref', 'manual_ref', '2023-09-03', '46', '2023-10-04 01:04:22', 1),
(820, 1, 1, 3, 18, '0', '285000', '0', 'Loan repayment: ACKNOWLEDGED', 'ref', 'manual_ref', '2023-09-03', '46', '2023-10-04 01:04:22', 1),
(821, 1, 1, 2, 35, '0', '0', '2000', 'Loan repayment: APPROVED', 'ref', 'manual_ref', '2023-09-04', '46', '2023-10-04 01:04:36', 1),
(822, 1, 1, 3, 18, '0', '2000', '0', 'Loan repayment: APPROVED', 'ref', 'manual_ref', '2023-09-04', '46', '2023-10-04 01:04:36', 1),
(823, 1, 1, 2, 35, '0', '0', '96000', 'Loan repayment: ACKNOWLEDGED', 'ref', 'manual_ref', '2023-09-05', '46', '2023-10-04 01:04:54', 1),
(824, 1, 1, 3, 18, '0', '96000', '0', 'Loan repayment: ACKNOWLEDGED', 'ref', 'manual_ref', '2023-09-05', '46', '2023-10-04 01:04:54', 1),
(825, 1, 1, 2, 32, '0', '0', '400000', 'Loan repayment: ACKNOWLEDGED', 'ref', 'manual_ref', '2023-09-01', '46', '2023-10-04 01:05:30', 1),
(826, 1, 1, 3, 18, '0', '400000', '0', 'Loan repayment: ACKNOWLEDGED', 'ref', 'manual_ref', '2023-09-01', '46', '2023-10-04 01:05:30', 1),
(827, 1, 1, 2, 62, '0', '0', '40000', 'Loan repayment: ACKNOWLEDGED', 'ref', 'manual_ref', '2023-09-05', '46', '2023-10-04 01:08:04', 1),
(828, 1, 1, 3, 18, '0', '40000', '0', 'Loan repayment: ACKNOWLEDGED', 'ref', 'manual_ref', '2023-09-05', '46', '2023-10-04 01:08:04', 1),
(829, 1, 1, 2, 51, '0', '0', '120000', 'Loan repayment: ACKNOWLEDGED', 'ref', 'manual_ref', '2023-09-05', '46', '2023-10-04 01:08:33', 1),
(830, 1, 1, 3, 18, '0', '120000', '0', 'Loan repayment: ACKNOWLEDGED', 'ref', 'manual_ref', '2023-09-05', '46', '2023-10-04 01:08:33', 1),
(831, 1, 1, 2, 60, '0', '0', '150000', 'Loan repayment: ACKNOWLEDGED', 'ref', 'manual_ref', '2023-08-10', '46', '2023-10-04 01:13:17', 1),
(832, 1, 1, 3, 18, '0', '150000', '0', 'Loan repayment: ACKNOWLEDGED', 'ref', 'manual_ref', '2023-08-10', '46', '2023-10-04 01:13:17', 1),
(833, 1, 1, 2, 55, '0', '0', '300000', 'Loan repayment: ACKNOWLEDGED', 'ref', 'manual_ref', '2023-08-05', '46', '2023-10-04 01:14:39', 1),
(834, 1, 1, 3, 18, '0', '300000', '0', 'Loan repayment: ACKNOWLEDGED', 'ref', 'manual_ref', '2023-08-05', '46', '2023-10-04 01:14:39', 1),
(835, 1, 1, 2, 52, '0', '0', '400107', 'Loan repayment: ACKNOWLEDGED', 'ref', 'manual_ref', '2023-08-18', '46', '2023-10-04 01:33:20', 1),
(836, 1, 1, 3, 18, '0', '400107', '0', 'Loan repayment: ACKNOWLEDGED', 'ref', 'manual_ref', '2023-08-18', '46', '2023-10-04 01:33:20', 1),
(837, 1, 1, 2, 62, '0', '0', '117500', 'Loan repayment: ACKNOWLEDGED', 'ref', 'manual_ref', '2023-08-25', '46', '2023-10-04 01:34:19', 1),
(838, 1, 1, 3, 18, '0', '117500', '0', 'Loan repayment: ACKNOWLEDGED', 'ref', 'manual_ref', '2023-08-25', '46', '2023-10-04 01:34:19', 1),
(839, 1, 1, 2, 42, '0', '0', '400000', 'Loan repayment: ACKNOWLEDGED', 'ref', 'manual_ref', '2023-08-01', '46', '2023-10-04 01:37:16', 1),
(840, 1, 1, 3, 18, '0', '400000', '0', 'Loan repayment: ACKNOWLEDGED', 'ref', 'manual_ref', '2023-08-01', '46', '2023-10-04 01:37:16', 1),
(841, 1, 1, 2, 30, '0', '0', '100000', 'Loan repayment: ACKNOWLEDGED', 'ref', 'manual_ref', '2023-08-16', '46', '2023-10-04 01:40:03', 1),
(842, 1, 1, 3, 18, '0', '100000', '0', 'Loan repayment: ACKNOWLEDGED', 'ref', 'manual_ref', '2023-08-16', '46', '2023-10-04 01:40:03', 1),
(843, 1, 1, 3, 18, '0', '10000', '0', 'Registration fees: Folake', '1696433211929637', '1696433211929637', '2023-10-04', '45', '2023-10-04 16:26:51', 1),
(844, 5, 7, 9, 13, '0', '0', '10000', 'Registration fees: Folake', '1696433211929637', '1696433211929637', '2023-10-04', '45', '2023-10-04 16:26:51', 1),
(845, 1, 1, 2, 73, '0', '140000', '0', 'Interest charge: golden fashions business', '1696433336720191', '1696433336720191', '2023-10-03', '45', '2023-10-04 16:28:56', 1),
(846, 5, 7, 4, 5, '0', '0', '140000', 'Interest charge: golden fashions business', '1696433336720191', '1696433336720191', '2023-10-03', '45', '2023-10-04 16:28:56', 1),
(847, 1, 1, 2, 74, '0', '280000', '0', 'Interest charge: PAUL', '1696433336063311', '1696433336063311', '2023-09-30', '45', '2023-10-04 16:28:56', 1),
(848, 5, 7, 4, 5, '0', '0', '280000', 'Interest charge: PAUL', '1696433336063311', '1696433336063311', '2023-09-30', '45', '2023-10-04 16:28:56', 1),
(849, 1, 1, 2, 56, '0', '0', '116000', 'Loan repayment: ACKNOWLEDGED', 'ref', 'manual_ref', '2023-09-11', '46', '2023-10-04 20:06:19', 1),
(850, 1, 1, 3, 18, '0', '116000', '0', 'Loan repayment: ACKNOWLEDGED', 'ref', 'manual_ref', '2023-09-11', '46', '2023-10-04 20:06:19', 1),
(851, 1, 1, 2, 58, '0', '0', '400000', 'Loan repayment: ACKNOWLEDGED', 'ref', 'manual_ref', '2023-09-08', '46', '2023-10-04 20:07:16', 1),
(852, 1, 1, 3, 18, '0', '400000', '0', 'Loan repayment: ACKNOWLEDGED', 'ref', 'manual_ref', '2023-09-08', '46', '2023-10-04 20:07:16', 1),
(853, 1, 1, 2, 43, '0', '0', '130000', 'Loan repayment: ACKNOWLEDGED', 'ref', 'manual_ref', '2023-10-01', '46', '2023-10-04 20:08:41', 1),
(854, 1, 1, 3, 18, '0', '130000', '0', 'Loan repayment: ACKNOWLEDGED', 'ref', 'manual_ref', '2023-10-01', '46', '2023-10-04 20:08:41', 1),
(855, 1, 1, 2, 43, '0', '0', '100000', 'Loan repayment: ACKNOWLEDGED', 'ref', 'manual_ref', '2023-09-12', '46', '2023-10-04 20:09:19', 1),
(856, 1, 1, 3, 18, '0', '100000', '0', 'Loan repayment: ACKNOWLEDGED', 'ref', 'manual_ref', '2023-09-12', '46', '2023-10-04 20:09:19', 1),
(857, 1, 1, 2, 44, '0', '0', '383400', 'Loan repayment: ACKNOWLEDGED', 'ref', 'manual_ref', '2023-09-12', '46', '2023-10-04 20:09:46', 1),
(858, 1, 1, 3, 18, '0', '383400', '0', 'Loan repayment: ACKNOWLEDGED', 'ref', 'manual_ref', '2023-09-12', '46', '2023-10-04 20:09:46', 1),
(859, 1, 1, 2, 45, '0', '0', '349000', 'Loan repayment: ACKNOWLEDGED', 'ref', 'manual_ref', '2023-09-11', '46', '2023-10-04 20:12:02', 1),
(860, 1, 1, 3, 18, '0', '349000', '0', 'Loan repayment: ACKNOWLEDGED', 'ref', 'manual_ref', '2023-09-11', '46', '2023-10-04 20:12:02', 1),
(861, 1, 1, 2, 30, '0', '0', '90000', 'Loan repayment: ACKNOWLEDGED', 'ref', 'manual_ref', '2023-09-19', '46', '2023-10-04 20:14:46', 1),
(862, 1, 1, 3, 18, '0', '90000', '0', 'Loan repayment: ACKNOWLEDGED', 'ref', 'manual_ref', '2023-09-19', '46', '2023-10-04 20:14:46', 1),
(863, 1, 1, 2, 33, '0', '0', '418000', 'Loan repayment: ACKNOWLEDGED', 'ref', 'manual_ref', '2023-09-25', '46', '2023-10-04 20:15:39', 1),
(864, 1, 1, 3, 18, '0', '418000', '0', 'Loan repayment: ACKNOWLEDGED', 'ref', 'manual_ref', '2023-09-25', '46', '2023-10-04 20:15:39', 1),
(865, 1, 1, 2, 34, '0', '0', '916700', 'Loan repayment: ACKNOWLEDGED', 'ref', 'manual_ref', '2023-09-28', '46', '2023-10-04 20:19:48', 1),
(866, 1, 1, 3, 18, '0', '916700', '0', 'Loan repayment: ACKNOWLEDGED', 'ref', 'manual_ref', '2023-09-28', '46', '2023-10-04 20:19:48', 1),
(867, 1, 1, 2, 31, '0', '0', '95800', 'Loan repayment: ACKNOWLEDGED', 'ref', 'manual_ref', '2023-09-19', '46', '2023-10-04 20:20:50', 1),
(868, 1, 1, 3, 18, '0', '95800', '0', 'Loan repayment: ACKNOWLEDGED', 'ref', 'manual_ref', '2023-09-19', '46', '2023-10-04 20:20:50', 1),
(869, 1, 1, 2, 35, '0', '0', '275000', 'Loan repayment: ', 'ref', 'manual_ref', '2023-09-28', '46', '2023-10-04 20:29:53', 1),
(870, 1, 1, 3, 18, '0', '275000', '0', 'Loan repayment: ', 'ref', 'manual_ref', '2023-09-28', '46', '2023-10-04 20:29:53', 1),
(871, 1, 1, 2, 43, '0', '0', '100000', 'Loan repayment: ACKNOWLEDGED', 'ref', 'manual_ref', '2023-09-23', '46', '2023-10-04 20:31:21', 1),
(872, 1, 1, 3, 18, '0', '100000', '0', 'Loan repayment: ACKNOWLEDGED', 'ref', 'manual_ref', '2023-09-23', '46', '2023-10-04 20:31:21', 1),
(873, 1, 1, 2, 30, '0', '0', '100000', 'Loan repayment: ACKNOWLEDGED', 'ref', 'manual_ref', '2023-09-05', '46', '2023-10-04 20:34:24', 1),
(874, 1, 1, 3, 18, '0', '100000', '0', 'Loan repayment: ACKNOWLEDGED', 'ref', 'manual_ref', '2023-09-05', '46', '2023-10-04 20:34:24', 1),
(875, 1, 1, 2, 36, '0', '0', '100000', 'Loan repayment: ACKNOWLEDGED', 'ref', 'manual_ref', '2023-09-22', '46', '2023-10-04 20:35:46', 1),
(876, 1, 1, 3, 18, '0', '100000', '0', 'Loan repayment: ACKNOWLEDGED', 'ref', 'manual_ref', '2023-09-22', '46', '2023-10-04 20:35:46', 1),
(877, 1, 1, 2, 42, '0', '0', '366000', 'Loan repayment: ACKNOWLEDGED', 'ref', 'manual_ref', '2023-10-04', '46', '2023-10-04 20:37:42', 1),
(878, 1, 1, 3, 18, '0', '366000', '0', 'Loan repayment: ACKNOWLEDGED', 'ref', 'manual_ref', '2023-10-04', '46', '2023-10-04 20:37:42', 1),
(879, 1, 1, 2, 35, '0', '0', '91700', 'Loan repayment: ACKNOWLEDGED', 'ref', 'manual_ref', '2023-10-03', '46', '2023-10-04 20:39:56', 1),
(880, 1, 1, 3, 18, '0', '91700', '0', 'Loan repayment: ACKNOWLEDGED', 'ref', 'manual_ref', '2023-10-03', '46', '2023-10-04 20:39:56', 1),
(881, 1, 1, 2, 43, '0', '0', '200000', 'Loan repayment: ACKNOWLEDGED', 'ref', 'manual_ref', '2023-09-08', '46', '2023-10-04 20:41:58', 1),
(882, 1, 1, 3, 18, '0', '200000', '0', 'Loan repayment: ACKNOWLEDGED', 'ref', 'manual_ref', '2023-09-08', '46', '2023-10-04 20:41:58', 1),
(883, 1, 1, 2, 70, '0', '74900', '0', 'Interest charge: Ephraim', '1696602373855628', '1696602373855628', '2023-10-30', '46', '2023-10-06 15:26:13', 1),
(884, 5, 7, 4, 5, '0', '0', '74900', 'Interest charge: Ephraim', '1696602373855628', '1696602373855628', '2023-10-30', '46', '2023-10-06 15:26:13', 1),
(885, 1, 1, 2, 70, '0', '0', '236700', 'Loan repayment: ACKNOWLEDGED', 'ref', 'manual_ref', '2023-10-04', '46', '2023-10-06 15:26:13', 1),
(886, 1, 1, 3, 18, '0', '236700', '0', 'Loan repayment: ACKNOWLEDGED', 'ref', 'manual_ref', '2023-10-04', '46', '2023-10-06 15:26:13', 1),
(887, 1, 1, 2, 51, '0', '0', '50000', 'Loan repayment: ACKNOWLEDGED', 'ref', 'manual_ref', '2023-10-02', '46', '2023-10-06 15:28:33', 1),
(888, 1, 1, 3, 18, '0', '50000', '0', 'Loan repayment: ACKNOWLEDGED', 'ref', 'manual_ref', '2023-10-02', '46', '2023-10-06 15:28:33', 1),
(889, 1, 1, 2, 60, '0', '54442.5', '0', 'Interest charge: SAMUEL', '1696602583768961', '1696602583768961', '2023-10-07', '46', '2023-10-06 15:29:43', 1),
(890, 5, 7, 4, 5, '0', '0', '54442.5', 'Interest charge: SAMUEL', '1696602583768961', '1696602583768961', '2023-10-07', '46', '2023-10-06 15:29:43', 1),
(891, 1, 1, 2, 60, '0', '0', '200000', 'Loan repayment: ACKNOWLEDGED', 'ref', 'manual_ref', '2023-09-11', '46', '2023-10-06 15:29:43', 1),
(892, 1, 1, 3, 18, '0', '200000', '0', 'Loan repayment: ACKNOWLEDGED', 'ref', 'manual_ref', '2023-09-11', '46', '2023-10-06 15:29:43', 1),
(893, 1, 1, 2, 60, '0', '0', '50000', 'Loan repayment: ACKNOWLEDGED', 'ref', 'manual_ref', '2023-09-13', '46', '2023-10-06 15:29:57', 1),
(894, 1, 1, 3, 18, '0', '50000', '0', 'Loan repayment: ACKNOWLEDGED', 'ref', 'manual_ref', '2023-09-13', '46', '2023-10-06 15:29:57', 1),
(895, 1, 1, 2, 51, '0', '0', '160000', 'Loan repayment: ACKNOWLEDGED', 'ref', 'manual_ref', '2023-09-20', '46', '2023-10-06 15:31:30', 1),
(896, 1, 1, 3, 7, '0', '160000', '0', 'Loan repayment: ACKNOWLEDGED', 'ref', 'manual_ref', '2023-09-20', '46', '2023-10-06 15:31:30', 1),
(897, 1, 1, 2, 51, '0', '0', '100000', 'Loan repayment: ACKNOWLEDGED', 'ref', 'manual_ref', '2023-09-26', '46', '2023-10-06 15:31:45', 1),
(898, 1, 1, 3, 18, '0', '100000', '0', 'Loan repayment: ACKNOWLEDGED', 'ref', 'manual_ref', '2023-09-26', '46', '2023-10-06 15:31:45', 1),
(899, 1, 1, 2, 51, '0', '0', '50000', 'Loan repayment: ACKNOWLEDGED', 'ref', 'manual_ref', '2023-09-27', '46', '2023-10-06 15:32:24', 1),
(900, 1, 1, 3, 18, '0', '50000', '0', 'Loan repayment: ACKNOWLEDGED', 'ref', 'manual_ref', '2023-09-27', '46', '2023-10-06 15:32:24', 1),
(901, 1, 1, 2, 74, '0', '0', '473353.33', 'Loan repayment: ACKNOWLEDGED', 'ref', 'manual_ref', '2023-09-27', '46', '2023-10-06 15:33:16', 1),
(902, 1, 1, 3, 18, '0', '473353.33', '0', 'Loan repayment: ACKNOWLEDGED', 'ref', 'manual_ref', '2023-09-27', '46', '2023-10-06 15:33:16', 1),
(903, 1, 1, 2, 75, '0', '0', '473333.33', 'Loan repayment: ACKNOWLEDGED', 'ref', 'manual_ref', '2023-09-28', '46', '2023-10-06 15:34:36', 1),
(904, 1, 1, 3, 18, '0', '473333.33', '0', 'Loan repayment: ACKNOWLEDGED', 'ref', 'manual_ref', '2023-09-28', '46', '2023-10-06 15:34:36', 1),
(905, 1, 1, 2, 63, '0', '0', '426666', 'Loan repayment: ACKNOWLEDGED', 'ref', 'manual_ref', '2023-09-25', '46', '2023-10-06 15:37:28', 1),
(906, 1, 1, 3, 18, '0', '426666', '0', 'Loan repayment: ACKNOWLEDGED', 'ref', 'manual_ref', '2023-09-25', '46', '2023-10-06 15:37:28', 1),
(907, 1, 1, 2, 62, '0', '0', '111700', 'Loan repayment: ACKNOWLEDGED', 'ref', 'manual_ref', '2023-09-25', '46', '2023-10-06 15:38:41', 1),
(908, 1, 1, 3, 18, '0', '111700', '0', 'Loan repayment: ACKNOWLEDGED', 'ref', 'manual_ref', '2023-09-25', '46', '2023-10-06 15:38:41', 1),
(909, 1, 1, 2, 67, '0', '0', '236666.67', 'Loan repayment: ACKNOWLEDGED', 'ref', 'manual_ref', '2023-09-11', '46', '2023-10-06 15:41:08', 1),
(910, 1, 1, 3, 18, '0', '236666.67', '0', 'Loan repayment: ACKNOWLEDGED', 'ref', 'manual_ref', '2023-09-11', '46', '2023-10-06 15:41:08', 1),
(911, 1, 1, 3, 18, '0', '10000', '0', 'Registration fees: KENNETH', '1696608524603945', '1696608524603945', '2023-10-06', '45', '2023-10-06 17:08:44', 1),
(912, 5, 7, 9, 13, '0', '0', '10000', 'Registration fees: KENNETH', '1696608524603945', '1696608524603945', '2023-10-06', '45', '2023-10-06 17:08:44', 1),
(913, 1, 1, 3, 18, '0', '10000', '0', 'Registration fees: MARY', '1696608548545724', '1696608548545724', '2023-10-06', '45', '2023-10-06 17:09:08', 1),
(914, 5, 7, 9, 13, '0', '0', '10000', 'Registration fees: MARY', '1696608548545724', '1696608548545724', '2023-10-06', '45', '2023-10-06 17:09:08', 1),
(915, 1, 1, 2, 54, '0', '47047.9165', '0', 'Interest charge: Ifeoma', '1696844975481698', '1696844975481698', '2023-10-07', '45', '2023-10-09 10:49:35', 1),
(916, 5, 7, 4, 5, '0', '0', '47047.9165', 'Interest charge: Ifeoma', '1696844975481698', '1696844975481698', '2023-10-07', '45', '2023-10-09 10:49:35', 1),
(917, 1, 1, 2, 55, '0', '39321.875', '0', 'Interest charge: Doris', '1696844975900000', '1696844975900000', '2023-10-07', '45', '2023-10-09 10:49:35', 1),
(918, 5, 7, 4, 5, '0', '0', '39321.875', 'Interest charge: Doris', '1696844975900000', '1696844975900000', '2023-10-07', '45', '2023-10-09 10:49:35', 1),
(919, 1, 1, 2, 56, '0', '78312.5', '0', 'Interest charge: Aniefon', '1696844975002020', '1696844975002020', '2023-10-07', '45', '2023-10-09 10:49:35', 1),
(920, 5, 7, 4, 5, '0', '0', '78312.5', 'Interest charge: Aniefon', '1696844975002020', '1696844975002020', '2023-10-07', '45', '2023-10-09 10:49:35', 1),
(921, 1, 1, 2, 57, '0', '73295.8335', '0', 'Interest charge: Okechukwu', '1696844975359891', '1696844975359891', '2023-10-07', '45', '2023-10-09 10:49:35', 1),
(922, 5, 7, 4, 5, '0', '0', '73295.8335', 'Interest charge: Okechukwu', '1696844975359891', '1696844975359891', '2023-10-07', '45', '2023-10-09 10:49:35', 1),
(923, 1, 1, 2, 58, '0', '53257.5', '0', 'Interest charge: CHIMEZIE', '1696844975538826', '1696844975538826', '2023-10-07', '45', '2023-10-09 10:49:35', 1),
(924, 5, 7, 4, 5, '0', '0', '53257.5', 'Interest charge: CHIMEZIE', '1696844975538826', '1696844975538826', '2023-10-07', '45', '2023-10-09 10:49:35', 1),
(925, 1, 1, 2, 67, '0', '58333.3331', '0', 'Interest charge: VICTORIA', '1696844975481724', '1696844975481724', '2023-10-09', '45', '2023-10-09 10:49:35', 1),
(926, 5, 7, 4, 5, '0', '0', '58333.3331', 'Interest charge: VICTORIA', '1696844975481724', '1696844975481724', '2023-10-09', '45', '2023-10-09 10:49:35', 1),
(927, 1, 1, 2, 68, '0', '0', '0', 'Interest charge: Ekene', '1696844975580740', '1696844975580740', '2023-10-09', '45', '2023-10-09 10:49:35', 1),
(928, 5, 7, 4, 5, '0', '0', '0', 'Interest charge: Ekene', '1696844975580740', '1696844975580740', '2023-10-09', '45', '2023-10-09 10:49:35', 1),
(929, 1, 1, 2, 43, '0', '51550.625', '0', 'Interest charge: NIMOTA', '1697008775770844', '1697008775770844', '2023-10-11', '45', '2023-10-11 08:19:35', 1),
(930, 5, 7, 4, 5, '0', '0', '51550.625', 'Interest charge: NIMOTA', '1697008775770844', '1697008775770844', '2023-10-11', '45', '2023-10-11 08:19:35', 1),
(931, 1, 1, 2, 45, '0', '39000.625', '0', 'Interest charge: SANDRA', '1697008775304722', '1697008775304722', '2023-10-11', '45', '2023-10-11 08:19:35', 1),
(932, 5, 7, 4, 5, '0', '0', '39000.625', 'Interest charge: SANDRA', '1697008775304722', '1697008775304722', '2023-10-11', '45', '2023-10-11 08:19:35', 1),
(933, 1, 1, 2, 44, '0', '39880.625', '0', 'Interest charge: ALIYU', '1697008775205244', '1697008775205244', '2023-10-11', '45', '2023-10-11 08:19:35', 1),
(934, 5, 7, 4, 5, '0', '0', '39880.625', 'Interest charge: ALIYU', '1697008775205244', '1697008775205244', '2023-10-11', '45', '2023-10-11 08:19:35', 1),
(935, 1, 1, 2, 46, '0', '55430.375', '0', 'Interest charge: FRIDAY', '1697008775262250', '1697008775262250', '2023-10-11', '45', '2023-10-11 08:19:35', 1),
(936, 5, 7, 4, 5, '0', '0', '55430.375', 'Interest charge: FRIDAY', '1697008775262250', '1697008775262250', '2023-10-11', '45', '2023-10-11 08:19:35', 1),
(937, 1, 1, 2, 71, '0', '140000', '0', 'Interest charge: INTEGRATED SERVICES', '1697008775988943', '1697008775988943', '2023-10-11', '45', '2023-10-11 08:19:35', 1),
(938, 5, 7, 4, 5, '0', '0', '140000', 'Interest charge: INTEGRATED SERVICES', '1697008775988943', '1697008775988943', '2023-10-11', '45', '2023-10-11 08:19:35', 1),
(939, 1, 1, 3, 18, '0', '10000', '0', 'Registration fees: Chima', '1697015692961333', '1697015692961333', '2023-10-11', '45', '2023-10-11 10:14:52', 1),
(940, 5, 7, 9, 13, '0', '0', '10000', 'Registration fees: Chima', '1697015692961333', '1697015692961333', '2023-10-11', '45', '2023-10-11 10:14:52', 1),
(941, 1, 1, 2, 38, '0', '39758.854202584', '0', 'Interest charge: Kenneth', '1697443994573261', '1697443994573261', '2023-10-14', '45', '2023-10-16 09:13:14', 1),
(942, 5, 7, 4, 5, '0', '0', '39758.854202584', 'Interest charge: Kenneth', '1697443994573261', '1697443994573261', '2023-10-14', '45', '2023-10-16 09:13:14', 1),
(943, 1, 1, 2, 33, '0', '81607.69375', '0', 'Interest charge: MOHAMMED', '1697443994280733', '1697443994280733', '2023-10-14', '45', '2023-10-16 09:13:14', 1),
(944, 5, 7, 4, 5, '0', '0', '81607.69375', 'Interest charge: MOHAMMED', '1697443994280733', '1697443994280733', '2023-10-14', '45', '2023-10-16 09:13:14', 1),
(945, 1, 1, 2, 30, '0', '46933.33984375', '0', 'Interest charge: GLOBAL', '1697443995806781', '1697443995806781', '2023-10-14', '45', '2023-10-16 09:13:15', 1),
(946, 5, 7, 4, 5, '0', '0', '46933.33984375', 'Interest charge: GLOBAL', '1697443995806781', '1697443995806781', '2023-10-14', '45', '2023-10-16 09:13:15', 1),
(947, 1, 1, 2, 32, '0', '40123.854702584', '0', 'Interest charge: CHIMA', '1697443995790023', '1697443995790023', '2023-10-14', '45', '2023-10-16 09:13:15', 1),
(948, 5, 7, 4, 5, '0', '0', '40123.854702584', 'Interest charge: CHIMA', '1697443995790023', '1697443995790023', '2023-10-14', '45', '2023-10-16 09:13:15', 1),
(949, 1, 1, 2, 31, '0', '30969.140625', '0', 'Interest charge: GOODLUCK', '1697443995069175', '1697443995069175', '2023-10-14', '45', '2023-10-16 09:13:15', 1),
(950, 5, 7, 4, 5, '0', '0', '30969.140625', 'Interest charge: GOODLUCK', '1697443995069175', '1697443995069175', '2023-10-14', '45', '2023-10-16 09:13:15', 1),
(951, 1, 1, 2, 39, '0', '60458.854202584', '0', 'Interest charge: Nwamaka', '1697443995552642', '1697443995552642', '2023-10-14', '45', '2023-10-16 09:13:15', 1),
(952, 5, 7, 4, 5, '0', '0', '60458.854202584', 'Interest charge: Nwamaka', '1697443995552642', '1697443995552642', '2023-10-14', '45', '2023-10-16 09:13:15', 1),
(953, 1, 1, 3, 18, '0', '100000', '0', 'Processing fees: KENNETH', '1697638838654134', '1697638838654134', '2023-10-11', '46', '2023-10-18 15:20:38', 1),
(954, 5, 7, 9, 14, '0', '0', '100000', 'Processing fees: KENNETH', '1697638838654134', '1697638838654134', '2023-10-11', '46', '2023-10-18 15:20:38', 1),
(955, 1, 1, 3, 18, '0', '100000', '0', 'Processing fees: MARY', '1697638882526865', '1697638882526865', '2023-10-12', '46', '2023-10-18 15:21:22', 1),
(956, 5, 7, 9, 14, '0', '0', '100000', 'Processing fees: MARY', '1697638882526865', '1697638882526865', '2023-10-12', '46', '2023-10-18 15:21:22', 1),
(957, 1, 1, 3, 18, '0', '100000', '0', 'Processing fees: Chima', '1697639183230780', '1697639183230780', '2023-10-12', '46', '2023-10-18 15:26:23', 1),
(958, 5, 7, 9, 14, '0', '0', '100000', 'Processing fees: Chima', '1697639183230780', '1697639183230780', '2023-10-12', '46', '2023-10-18 15:26:23', 1),
(959, 1, 1, 2, 82, '0', '2000000', '0', 'Loan disbursement KENNETH', 'ref', 'manual_ref', '2023-10-18', '46', '2023-10-18 15:28:48', 1),
(960, 1, 1, 3, 18, '0', '0', '2000000', 'Loan disbursement KENNETH', 'ref', 'manual_ref', '2023-10-18', '46', '2023-10-18 15:28:48', 1),
(961, 1, 1, 2, 81, '0', '2000000', '0', 'Loan disbursement MARY', 'ref', 'manual_ref', '2023-10-18', '46', '2023-10-18 15:29:29', 1),
(962, 1, 1, 3, 18, '0', '0', '2000000', 'Loan disbursement MARY', 'ref', 'manual_ref', '2023-10-18', '46', '2023-10-18 15:29:29', 1),
(963, 1, 1, 2, 83, '0', '2000000', '0', 'Loan disbursement Chima', 'ref', 'manual_ref', '2023-10-18', '46', '2023-10-18 15:29:56', 1),
(964, 1, 1, 3, 18, '0', '0', '2000000', 'Loan disbursement Chima', 'ref', 'manual_ref', '2023-10-18', '46', '2023-10-18 15:29:56', 1),
(965, 1, 1, 2, 55, '0', '0', '300000', 'Loan repayment: ACKNOWLEDGED', 'ref', 'manual_ref', '2023-10-03', '46', '2023-10-23 12:36:33', 1),
(966, 1, 1, 3, 18, '0', '300000', '0', 'Loan repayment: ACKNOWLEDGED', 'ref', 'manual_ref', '2023-10-03', '46', '2023-10-23 12:36:33', 1),
(967, 1, 1, 2, 71, '0', '0', '73330', 'Loan repayment: ACKNOWLEDGED', 'ref', 'manual_ref', '2023-10-17', '46', '2023-10-23 12:36:59', 1),
(968, 1, 1, 3, 18, '0', '73330', '0', 'Loan repayment: ACKNOWLEDGED', 'ref', 'manual_ref', '2023-10-17', '46', '2023-10-23 12:36:59', 1),
(969, 1, 1, 2, 71, '0', '0', '400000', 'Loan repayment: ACKNOWLEDGED', 'ref', 'manual_ref', '2023-10-13', '46', '2023-10-23 12:37:22', 1),
(970, 1, 1, 3, 18, '0', '400000', '0', 'Loan repayment: ACKNOWLEDGED', 'ref', 'manual_ref', '2023-10-13', '46', '2023-10-23 12:37:22', 1),
(971, 1, 1, 2, 32, '0', '0', '366000', 'Loan repayment: ACKNOWLEDGED', 'ref', 'manual_ref', '2023-10-10', '46', '2023-10-23 12:39:10', 1),
(972, 1, 1, 3, 18, '0', '366000', '0', 'Loan repayment: ACKNOWLEDGED', 'ref', 'manual_ref', '2023-10-10', '46', '2023-10-23 12:39:10', 1),
(973, 1, 1, 2, 32, '0', '0', '383700', 'Loan repayment: ACKNOWLEDGED', 'ref', 'manual_ref', '2023-09-21', '46', '2023-10-23 12:40:47', 1),
(974, 1, 1, 3, 18, '0', '383700', '0', 'Loan repayment: ACKNOWLEDGED', 'ref', 'manual_ref', '2023-09-21', '46', '2023-10-23 12:40:47', 1),
(975, 1, 1, 2, 44, '0', '0', '366666.67', 'Loan repayment: ACKNOWLEDGED', 'ref', 'manual_ref', '2023-10-11', '46', '2023-10-23 12:41:38', 1),
(976, 1, 1, 3, 18, '0', '366666.67', '0', 'Loan repayment: ACKNOWLEDGED', 'ref', 'manual_ref', '2023-10-11', '46', '2023-10-23 12:41:38', 1),
(977, 1, 1, 2, 51, '0', '0', '50000', 'Loan repayment: ACKNOWLEDGED', 'ref', 'manual_ref', '2023-10-06', '46', '2023-10-23 12:43:01', 1),
(978, 1, 1, 3, 18, '0', '50000', '0', 'Loan repayment: ACKNOWLEDGED', 'ref', 'manual_ref', '2023-10-06', '46', '2023-10-23 12:43:01', 1),
(979, 1, 1, 2, 51, '0', '0', '50000', 'Loan repayment: ACKNOWLEDGED', 'ref', 'manual_ref', '2023-10-05', '46', '2023-10-23 12:46:25', 1),
(980, 1, 1, 3, 18, '0', '50000', '0', 'Loan repayment: ACKNOWLEDGED', 'ref', 'manual_ref', '2023-10-05', '46', '2023-10-23 12:46:25', 1),
(981, 1, 1, 2, 30, '0', '0', '200000', 'Loan repayment: ACKNOWLEDGED', 'ref', 'manual_ref', '2023-10-05', '46', '2023-10-23 12:48:43', 1),
(982, 1, 1, 3, 18, '0', '200000', '0', 'Loan repayment: ACKNOWLEDGED', 'ref', 'manual_ref', '2023-10-05', '46', '2023-10-23 12:48:43', 1),
(983, 1, 1, 2, 30, '0', '0', '200000', 'Loan repayment: ACKNOWLEDGED', 'ref', 'manual_ref', '2023-10-06', '46', '2023-10-23 12:48:55', 1),
(984, 1, 1, 3, 18, '0', '200000', '0', 'Loan repayment: ACKNOWLEDGED', 'ref', 'manual_ref', '2023-10-06', '46', '2023-10-23 12:48:55', 1),
(985, 1, 1, 2, 31, '0', '0', '183000', 'Loan repayment: ACKNOWLEDGED', 'ref', 'manual_ref', '2023-09-28', '46', '2023-10-23 12:50:10', 1),
(986, 1, 1, 3, 18, '0', '183000', '0', 'Loan repayment: ACKNOWLEDGED', 'ref', 'manual_ref', '2023-09-28', '46', '2023-10-23 12:50:10', 1),
(987, 1, 1, 2, 60, '0', '44664.625', '0', 'Interest charge: SAMUEL', '1698062080079756', '1698062080079756', '2023-11-07', '46', '2023-10-23 12:54:40', 1),
(988, 5, 7, 4, 5, '0', '0', '44664.625', 'Interest charge: SAMUEL', '1698062080079756', '1698062080079756', '2023-11-07', '46', '2023-10-23 12:54:40', 1),
(989, 1, 1, 2, 60, '0', '0', '285000', 'Loan repayment: ACKNOWLEDGED', 'ref', 'manual_ref', '2023-10-10', '46', '2023-10-23 12:54:40', 1),
(990, 1, 1, 3, 18, '0', '285000', '0', 'Loan repayment: ACKNOWLEDGED', 'ref', 'manual_ref', '2023-10-10', '46', '2023-10-23 12:54:40', 1),
(991, 1, 1, 2, 58, '0', '0', '383400', 'Loan repayment: ACKNOWLEDGED', 'ref', 'manual_ref', '2023-10-11', '46', '2023-10-23 12:59:01', 1),
(992, 1, 1, 3, 18, '0', '383400', '0', 'Loan repayment: ACKNOWLEDGED', 'ref', 'manual_ref', '2023-10-11', '46', '2023-10-23 12:59:01', 1),
(993, 1, 1, 2, 45, '0', '0', '349400', 'Loan repayment: ACKNOWLEDGED', 'ref', 'manual_ref', '2023-10-13', '46', '2023-10-23 13:06:46', 1),
(994, 1, 1, 3, 18, '0', '349400', '0', 'Loan repayment: ACKNOWLEDGED', 'ref', 'manual_ref', '2023-10-13', '46', '2023-10-23 13:06:46', 1),
(995, 1, 1, 2, 51, '0', '0', '50000', 'Loan repayment: ACKNOWLEDGED', 'ref', 'manual_ref', '2023-10-09', '46', '2023-10-23 13:27:33', 1),
(996, 1, 1, 3, 18, '0', '50000', '0', 'Loan repayment: ACKNOWLEDGED', 'ref', 'manual_ref', '2023-10-09', '46', '2023-10-23 13:27:34', 1),
(997, 1, 1, 3, 18, '0', '50000', '0', 'Processing fees: Folake', '1698861898136258', '1698861898136258', '2023-10-24', '46', '2023-11-01 19:04:58', 1),
(998, 5, 7, 9, 14, '0', '0', '50000', 'Processing fees: Folake', '1698861898136258', '1698861898136258', '2023-10-24', '46', '2023-11-01 19:04:58', 1),
(999, 1, 1, 2, 80, '0', '1000000', '0', 'Loan disbursement Folake', 'ref', 'manual_ref', '2023-11-01', '46', '2023-11-01 19:05:40', 1),
(1000, 1, 1, 3, 18, '0', '0', '1000000', 'Loan disbursement Folake', 'ref', 'manual_ref', '2023-11-01', '46', '2023-11-01 19:05:40', 1),
(1001, 1, 1, 3, 18, '0', '10000', '0', 'Registration fees: CHARLES', '1699262616077228', '1699262616077228', '2023-11-06', '45', '2023-11-06 10:23:36', 1),
(1002, 5, 7, 9, 13, '0', '0', '10000', 'Registration fees: CHARLES', '1699262616077228', '1699262616077228', '2023-11-06', '45', '2023-11-06 10:23:36', 1),
(1003, 1, 1, 2, 29, '0', '8847.4741143187', '0', 'Interest charge: Anulika', '1699262712396820', '1699262712396820', '2023-10-25', '45', '2023-11-06 10:25:12', 1),
(1004, 5, 7, 4, 5, '0', '0', '8847.4741143187', 'Interest charge: Anulika', '1699262712396820', '1699262712396820', '2023-10-25', '45', '2023-11-06 10:25:12', 1),
(1005, 1, 1, 2, 35, '0', '29387.582390625', '0', 'Interest charge: NATURAL', '1699262712317982', '1699262712317982', '2023-10-29', '45', '2023-11-06 10:25:12', 1),
(1006, 5, 7, 4, 5, '0', '0', '29387.582390625', 'Interest charge: NATURAL', '1699262712317982', '1699262712317982', '2023-10-29', '45', '2023-11-06 10:25:12', 1),
(1007, 1, 1, 2, 36, '0', '24353.12133125', '0', 'Interest charge: JOSEPHINE', '1699262712380103', '1699262712380103', '2023-10-29', '45', '2023-11-06 10:25:12', 1),
(1008, 5, 7, 4, 5, '0', '0', '24353.12133125', 'Interest charge: JOSEPHINE', '1699262712380103', '1699262712380103', '2023-10-29', '45', '2023-11-06 10:25:12', 1),
(1009, 1, 1, 2, 37, '0', '61686.634375', '0', 'Interest charge: KENNETH', '1699262712076734', '1699262712076734', '2023-10-27', '45', '2023-11-06 10:25:12', 1),
(1010, 5, 7, 4, 5, '0', '0', '61686.634375', 'Interest charge: KENNETH', '1699262712076734', '1699262712076734', '2023-10-27', '45', '2023-11-06 10:25:12', 1),
(1011, 1, 1, 2, 34, '0', '57915.7271875', '0', 'Interest charge: CHARLSE', '1699262712647769', '1699262712647769', '2023-10-27', '45', '2023-11-06 10:25:12', 1),
(1012, 5, 7, 4, 5, '0', '0', '57915.7271875', 'Interest charge: CHARLSE', '1699262712647769', '1699262712647769', '2023-10-27', '45', '2023-11-06 10:25:12', 1),
(1013, 1, 1, 2, 41, '0', '70969.140625', '0', 'Interest charge: Malachy', '1699262712234561', '1699262712234561', '2023-10-27', '45', '2023-11-06 10:25:12', 1),
(1014, 5, 7, 4, 5, '0', '0', '70969.140625', 'Interest charge: Malachy', '1699262712234561', '1699262712234561', '2023-10-27', '45', '2023-11-06 10:25:12', 1),
(1015, 1, 1, 2, 42, '0', '24292.4225', '0', 'Interest charge: FROZEN FOODS', '1699262712928192', '1699262712928192', '2023-10-29', '45', '2023-11-06 10:25:12', 1),
(1016, 5, 7, 4, 5, '0', '0', '24292.4225', 'Interest charge: FROZEN FOODS', '1699262712928192', '1699262712928192', '2023-10-29', '45', '2023-11-06 10:25:12', 1),
(1017, 1, 1, 2, 49, '0', '30387.65625', '0', 'Interest charge: CATO', '1699262712516785', '1699262712516785', '2023-10-20', '45', '2023-11-06 10:25:12', 1),
(1018, 5, 7, 4, 5, '0', '0', '30387.65625', 'Interest charge: CATO', '1699262712516785', '1699262712516785', '2023-10-20', '45', '2023-11-06 10:25:12', 1),
(1019, 1, 1, 2, 50, '0', '79048.625', '0', 'Interest charge: Integrated enterprises', '1699262712769512', '1699262712769512', '2023-10-20', '45', '2023-11-06 10:25:12', 1),
(1020, 5, 7, 4, 5, '0', '0', '79048.625', 'Interest charge: Integrated enterprises', '1699262712769512', '1699262712769512', '2023-10-20', '45', '2023-11-06 10:25:12', 1),
(1021, 1, 1, 2, 52, '0', '59045.3085', '0', 'Interest charge: VENTURE', '1699262712445259', '1699262712445259', '2023-10-20', '45', '2023-11-06 10:25:12', 1),
(1022, 5, 7, 4, 5, '0', '0', '59045.3085', 'Interest charge: VENTURE', '1699262712445259', '1699262712445259', '2023-10-20', '45', '2023-11-06 10:25:12', 1),
(1023, 1, 1, 2, 51, '0', '94268.02', '0', 'Interest charge: Friday', '1699262712964425', '1699262712964425', '2023-10-24', '45', '2023-11-06 10:25:12', 1),
(1024, 5, 7, 4, 5, '0', '0', '94268.02', 'Interest charge: Friday', '1699262712964425', '1699262712964425', '2023-10-24', '45', '2023-11-06 10:25:12', 1),
(1025, 1, 1, 2, 62, '0', '72335.515', '0', 'Interest charge: MARK', '1699262712502969', '1699262712502969', '2023-10-24', '45', '2023-11-06 10:25:12', 1),
(1026, 5, 7, 4, 5, '0', '0', '72335.515', 'Interest charge: MARK', '1699262712502969', '1699262712502969', '2023-10-24', '45', '2023-11-06 10:25:12', 1),
(1027, 1, 1, 2, 63, '0', '77006.0676', '0', 'Interest charge: IBRAHIM', '1699262712041212', '1699262712041212', '2023-10-24', '45', '2023-11-06 10:25:12', 1),
(1028, 5, 7, 4, 5, '0', '0', '77006.0676', 'Interest charge: IBRAHIM', '1699262712041212', '1699262712041212', '2023-10-24', '45', '2023-11-06 10:25:12', 1),
(1029, 1, 1, 2, 65, '0', '114806.02', '0', 'Interest charge: Okechukwu', '1699262712634944', '1699262712634944', '2023-10-24', '45', '2023-11-06 10:25:12', 1),
(1030, 5, 7, 4, 5, '0', '0', '114806.02', 'Interest charge: Okechukwu', '1699262712634944', '1699262712634944', '2023-10-24', '45', '2023-11-06 10:25:12', 1),
(1031, 1, 1, 2, 69, '0', '37450', '0', 'Interest charge: Osi', '1699262712428126', '1699262712428126', '2023-10-30', '45', '2023-11-06 10:25:12', 1),
(1032, 5, 7, 4, 5, '0', '0', '37450', 'Interest charge: Osi', '1699262712428126', '1699262712428126', '2023-10-30', '45', '2023-11-06 10:25:12', 1),
(1033, 1, 1, 2, 73, '0', '149800', '0', 'Interest charge: golden fashions business', '1699262712138699', '1699262712138699', '2023-11-03', '45', '2023-11-06 10:25:12', 1),
(1034, 5, 7, 4, 5, '0', '0', '149800', 'Interest charge: golden fashions business', '1699262712138699', '1699262712138699', '2023-11-03', '45', '2023-11-06 10:25:12', 1),
(1035, 1, 1, 2, 74, '0', '266465.2669', '0', 'Interest charge: PAUL', '1699262712179484', '1699262712179484', '2023-10-30', '45', '2023-11-06 10:25:12', 1),
(1036, 5, 7, 4, 5, '0', '0', '266465.2669', 'Interest charge: PAUL', '1699262712179484', '1699262712179484', '2023-10-30', '45', '2023-11-06 10:25:12', 1),
(1037, 1, 1, 2, 72, '0', '140000', '0', 'Interest charge: COMPANY', '1699262712815225', '1699262712815225', '2023-10-29', '45', '2023-11-06 10:25:12', 1),
(1038, 5, 7, 4, 5, '0', '0', '140000', 'Interest charge: COMPANY', '1699262712815225', '1699262712815225', '2023-10-29', '45', '2023-11-06 10:25:12', 1),
(1039, 1, 1, 2, 75, '0', '116666.6669', '0', 'Interest charge: WILSON', '1699262712423627', '1699262712423627', '2023-10-30', '45', '2023-11-06 10:25:12', 1),
(1040, 5, 7, 4, 5, '0', '0', '116666.6669', 'Interest charge: WILSON', '1699262712423627', '1699262712423627', '2023-10-30', '45', '2023-11-06 10:25:12', 1),
(1041, 1, 1, 2, 78, '0', '280000', '0', 'Interest charge: Aji', '1699262713264992', '1699262713264992', '2023-10-29', '45', '2023-11-06 10:25:13', 1),
(1042, 5, 7, 4, 5, '0', '0', '280000', 'Interest charge: Aji', '1699262713264992', '1699262713264992', '2023-10-29', '45', '2023-11-06 10:25:13', 1),
(1043, 1, 1, 2, 79, '0', '140000', '0', 'Interest charge: Martha', '1699262713879732', '1699262713879732', '2023-10-29', '45', '2023-11-06 10:25:13', 1),
(1044, 5, 7, 4, 5, '0', '0', '140000', 'Interest charge: Martha', '1699262713879732', '1699262713879732', '2023-10-29', '45', '2023-11-06 10:25:13', 1),
(1045, 1, 1, 3, 18, '0', '10000', '0', 'Registration fees: OSHOGWE FROZEN', '1699262930367504', '1699262930367504', '2023-11-06', '45', '2023-11-06 10:28:50', 1),
(1046, 5, 7, 9, 13, '0', '0', '10000', 'Registration fees: OSHOGWE FROZEN', '1699262930367504', '1699262930367504', '2023-11-06', '45', '2023-11-06 10:28:50', 1),
(1047, 1, 1, 3, 18, '0', '10000', '0', 'Registration fees: SANDRA', '1699263375062316', '1699263375062316', '2023-11-06', '45', '2023-11-06 10:36:15', 1),
(1048, 5, 7, 9, 13, '0', '0', '10000', 'Registration fees: SANDRA', '1699263375062316', '1699263375062316', '2023-11-06', '45', '2023-11-06 10:36:15', 1),
(1049, 1, 1, 2, 54, '0', '49400.312325', '0', 'Interest charge: Ifeoma', '1699350038710621', '1699350038710621', '2023-11-07', '45', '2023-11-07 10:40:38', 1),
(1050, 5, 7, 4, 5, '0', '0', '49400.312325', 'Interest charge: Ifeoma', '1699350038710621', '1699350038710621', '2023-11-07', '45', '2023-11-07 10:40:38', 1),
(1051, 1, 1, 2, 55, '0', '26287.96875', '0', 'Interest charge: Doris', '1699350038561432', '1699350038561432', '2023-11-07', '45', '2023-11-07 10:40:38', 1),
(1052, 5, 7, 4, 5, '0', '0', '26287.96875', 'Interest charge: Doris', '1699350038561432', '1699350038561432', '2023-11-07', '45', '2023-11-07 10:40:38', 1);
INSERT INTO `account_transactions` (`id`, `groupid`, `headid`, `subheadid`, `accountid`, `accountcode`, `debit`, `credit`, `remarks`, `ref`, `manual_ref`, `transdate`, `postby`, `createdat`, `is_trial`) VALUES
(1053, 1, 1, 2, 56, '0', '82228.125', '0', 'Interest charge: Aniefon', '1699350039946218', '1699350039946218', '2023-11-07', '45', '2023-11-07 10:40:39', 1),
(1054, 5, 7, 4, 5, '0', '0', '82228.125', 'Interest charge: Aniefon', '1699350039946218', '1699350039946218', '2023-11-07', '45', '2023-11-07 10:40:39', 1),
(1055, 1, 1, 2, 57, '0', '76960.625175', '0', 'Interest charge: Okechukwu', '1699350039682460', '1699350039682460', '2023-11-07', '45', '2023-11-07 10:40:39', 1),
(1056, 5, 7, 4, 5, '0', '0', '76960.625175', 'Interest charge: Okechukwu', '1699350039682460', '1699350039682460', '2023-11-07', '45', '2023-11-07 10:40:39', 1),
(1057, 1, 1, 2, 59, '0', '42467.325525', '0', 'Interest charge: Festus', '1699350040133462', '1699350040133462', '2023-11-07', '45', '2023-11-07 10:40:40', 1),
(1058, 5, 7, 4, 5, '0', '0', '42467.325525', 'Interest charge: Festus', '1699350040133462', '1699350040133462', '2023-11-07', '45', '2023-11-07 10:40:40', 1),
(1059, 1, 1, 2, 58, '0', '36750.375', '0', 'Interest charge: CHIMEZIE', '1699350040694520', '1699350040694520', '2023-11-07', '45', '2023-11-07 10:40:40', 1),
(1060, 5, 7, 4, 5, '0', '0', '36750.375', 'Interest charge: CHIMEZIE', '1699350040694520', '1699350040694520', '2023-11-07', '45', '2023-11-07 10:40:40', 1),
(1061, 1, 1, 3, 18, '0', '250000', '0', 'Processing fees: CHARLSE', '1699485520954187', '1699485520954187', '2023-11-08', '46', '2023-11-09 00:18:40', 1),
(1062, 5, 7, 9, 14, '0', '0', '250000', 'Processing fees: CHARLSE', '1699485520954187', '1699485520954187', '2023-11-08', '46', '2023-11-09 00:18:40', 1),
(1063, 1, 1, 3, 18, '0', '100000', '0', 'Processing fees: FROZEN FOODS', '1699485598309501', '1699485598309501', '2023-11-08', '46', '2023-11-09 00:19:58', 1),
(1064, 5, 7, 9, 14, '0', '0', '100000', 'Processing fees: FROZEN FOODS', '1699485598309501', '1699485598309501', '2023-11-08', '46', '2023-11-09 00:19:58', 1),
(1065, 1, 1, 3, 18, '0', '100000', '0', 'Processing fees: SANDRA', '1699485638548373', '1699485638548373', '2023-11-08', '46', '2023-11-09 00:20:38', 1),
(1066, 5, 7, 9, 14, '0', '0', '100000', 'Processing fees: SANDRA', '1699485638548373', '1699485638548373', '2023-11-08', '46', '2023-11-09 00:20:38', 1),
(1067, 1, 1, 3, 18, '0', '100000', '0', 'Processing fees: SANDRA', '1699485639029260', '1699485639029260', '2023-11-08', '46', '2023-11-09 00:20:39', 1),
(1068, 5, 7, 9, 14, '0', '0', '100000', 'Processing fees: SANDRA', '1699485639029260', '1699485639029260', '2023-11-08', '46', '2023-11-09 00:20:39', 1),
(1069, 1, 1, 2, 45, '0', '2000000', '0', 'Loan disbursement SANDRA', 'ref', 'manual_ref', '2023-11-09', '46', '2023-11-09 00:23:34', 1),
(1070, 1, 1, 3, 1, '0', '0', '2000000', 'Loan disbursement SANDRA', 'ref', 'manual_ref', '2023-11-09', '46', '2023-11-09 00:23:34', 1),
(1071, 1, 1, 2, 42, '0', '2000000', '0', 'Loan disbursement FROZEN FOODS', 'ref', 'manual_ref', '2023-11-09', '46', '2023-11-09 00:24:17', 1),
(1072, 1, 1, 3, 18, '0', '0', '2000000', 'Loan disbursement FROZEN FOODS', 'ref', 'manual_ref', '2023-11-09', '46', '2023-11-09 00:24:17', 1),
(1073, 1, 1, 2, 34, '0', '5000000', '0', 'Loan disbursement CHARLSE', 'ref', 'manual_ref', '2023-11-09', '46', '2023-11-09 00:24:46', 1),
(1074, 1, 1, 3, 18, '0', '0', '5000000', 'Loan disbursement CHARLSE', 'ref', 'manual_ref', '2023-11-09', '46', '2023-11-09 00:24:46', 1),
(1075, 1, 1, 2, 68, '0', '0', '41700', 'Loan repayment: ACKNOWLEDGED', 'ref', 'manual_ref', '2023-11-02', '46', '2023-11-09 00:38:24', 1),
(1076, 1, 1, 3, 18, '0', '41700', '0', 'Loan repayment: ACKNOWLEDGED', 'ref', 'manual_ref', '2023-11-02', '46', '2023-11-09 00:38:24', 1),
(1077, 1, 1, 2, 78, '0', '0', '473333', 'Loan repayment: ACKNOWLEDGED', 'ref', 'manual_ref', '2023-10-22', '46', '2023-11-09 00:39:17', 1),
(1078, 1, 1, 3, 26, '0', '473333', '0', 'Loan repayment: ACKNOWLEDGED', 'ref', 'manual_ref', '2023-10-22', '46', '2023-11-09 00:39:17', 1),
(1079, 1, 1, 2, 72, '0', '149800', '0', 'Interest charge: COMPANY', '1699486820649288', '1699486820649288', '2023-11-29', '46', '2023-11-09 00:40:20', 1),
(1080, 5, 7, 4, 5, '0', '0', '149800', 'Interest charge: COMPANY', '1699486820649288', '1699486820649288', '2023-11-29', '46', '2023-11-09 00:40:20', 1),
(1081, 1, 1, 2, 72, '0', '0', '473400', 'Loan repayment: ACKNOWLEDGED', 'ref', 'manual_ref', '2023-10-31', '46', '2023-11-09 00:40:20', 1),
(1082, 1, 1, 3, 18, '0', '473400', '0', 'Loan repayment: ACKNOWLEDGED', 'ref', 'manual_ref', '2023-10-31', '46', '2023-11-09 00:40:20', 1),
(1083, 1, 1, 2, 34, '0', '0', '40000', 'Loan repayment: ACKNOWLEDGED', 'ref', 'manual_ref', '2023-08-01', '46', '2023-11-09 00:40:52', 1),
(1084, 1, 1, 3, 18, '0', '40000', '0', 'Loan repayment: ACKNOWLEDGED', 'ref', 'manual_ref', '2023-08-01', '46', '2023-11-09 00:40:52', 1),
(1085, 1, 1, 2, 34, '0', '0', '94700', 'Loan repayment: ACKNOWLEDGED', 'ref', 'manual_ref', '2023-11-01', '46', '2023-11-09 00:41:15', 1),
(1086, 1, 1, 3, 18, '0', '94700', '0', 'Loan repayment: ACKNOWLEDGED', 'ref', 'manual_ref', '2023-11-01', '46', '2023-11-09 00:41:15', 1),
(1087, 1, 1, 2, 33, '0', '0', '400000', 'Loan repayment: ACKNOWLEDGED', 'ref', 'manual_ref', '2023-10-19', '46', '2023-11-09 00:45:57', 1),
(1088, 1, 1, 3, 18, '0', '400000', '0', 'Loan repayment: ACKNOWLEDGED', 'ref', 'manual_ref', '2023-10-19', '46', '2023-11-09 00:45:57', 1),
(1089, 1, 1, 2, 30, '0', '0', '100000', 'Loan repayment: ACKNOWLEDGED', 'ref', 'manual_ref', '2023-10-09', '46', '2023-11-09 00:46:15', 1),
(1090, 1, 1, 3, 18, '0', '100000', '0', 'Loan repayment: ACKNOWLEDGED', 'ref', 'manual_ref', '2023-10-09', '46', '2023-11-09 00:46:15', 1),
(1091, 1, 1, 2, 31, '0', '0', '105000', 'Loan repayment: ACKNOWLEDGED', 'ref', 'manual_ref', '2023-10-31', '46', '2023-11-09 00:47:33', 1),
(1092, 1, 1, 3, 18, '0', '105000', '0', 'Loan repayment: ACKNOWLEDGED', 'ref', 'manual_ref', '2023-10-31', '46', '2023-11-09 00:47:33', 1),
(1093, 1, 1, 2, 31, '0', '0', '100000', 'Loan repayment: ACKNOWLEDGED', 'ref', 'manual_ref', '2023-10-18', '46', '2023-11-09 00:51:10', 1),
(1094, 1, 1, 3, 18, '0', '100000', '0', 'Loan repayment: ACKNOWLEDGED', 'ref', 'manual_ref', '2023-10-18', '46', '2023-11-09 00:51:10', 1),
(1095, 1, 1, 2, 31, '0', '0', '50000', 'Loan repayment: ACKNOWLEDGED', 'ref', 'manual_ref', '2023-10-23', '46', '2023-11-09 00:53:10', 1),
(1096, 1, 1, 3, 18, '0', '50000', '0', 'Loan repayment: ACKNOWLEDGED', 'ref', 'manual_ref', '2023-10-23', '46', '2023-11-09 00:53:10', 1),
(1097, 1, 1, 2, 51, '0', '0', '50000', 'Loan repayment: ACKNOWLEDGED', 'ref', 'manual_ref', '2023-10-19', '46', '2023-11-09 01:03:00', 1),
(1098, 1, 1, 3, 18, '0', '50000', '0', 'Loan repayment: ACKNOWLEDGED', 'ref', 'manual_ref', '2023-10-19', '46', '2023-11-09 01:03:00', 1),
(1099, 1, 1, 2, 51, '0', '0', '50000', 'Loan repayment: ACKNOWLEDGED', 'ref', 'manual_ref', '2023-11-03', '46', '2023-11-09 01:07:18', 1),
(1100, 1, 1, 3, 18, '0', '50000', '0', 'Loan repayment: ACKNOWLEDGED', 'ref', 'manual_ref', '2023-11-03', '46', '2023-11-09 01:07:18', 1),
(1101, 1, 1, 2, 37, '0', '0', '250000', 'Loan repayment: ACKNOWLEDGED', 'ref', 'manual_ref', '2023-10-24', '46', '2023-11-09 01:09:36', 1),
(1102, 1, 1, 3, 18, '0', '250000', '0', 'Loan repayment: ACKNOWLEDGED', 'ref', 'manual_ref', '2023-10-24', '46', '2023-11-09 01:09:36', 1),
(1103, 1, 1, 2, 36, '0', '0', '300000', 'Loan repayment: ACKNOWLEDGED', 'ref', 'manual_ref', '2023-10-23', '46', '2023-11-09 01:13:55', 1),
(1104, 1, 1, 3, 18, '0', '300000', '0', 'Loan repayment: ACKNOWLEDGED', 'ref', 'manual_ref', '2023-10-23', '46', '2023-11-09 01:13:55', 1),
(1105, 1, 1, 2, 70, '0', '0', '225000', 'Loan repayment: ACKNOWLEDGED', 'ref', 'manual_ref', '2023-11-03', '46', '2023-11-09 01:18:11', 1),
(1106, 1, 1, 3, 18, '0', '225000', '0', 'Loan repayment: ACKNOWLEDGED', 'ref', 'manual_ref', '2023-11-03', '46', '2023-11-09 01:18:11', 1),
(1107, 1, 1, 2, 63, '0', '0', '103333.33', 'Loan repayment: ACKNOWLEDGED', 'ref', 'manual_ref', '2023-10-26', '46', '2023-11-09 01:19:19', 1),
(1108, 1, 1, 3, 18, '0', '103333.33', '0', 'Loan repayment: ACKNOWLEDGED', 'ref', 'manual_ref', '2023-10-26', '46', '2023-11-09 01:19:19', 1),
(1109, 1, 1, 2, 63, '0', '0', '300000', 'Loan repayment: ACKNOWLEDGED', 'ref', 'manual_ref', '2023-10-26', '46', '2023-11-09 01:19:37', 1),
(1110, 1, 1, 3, 18, '0', '300000', '0', 'Loan repayment: ACKNOWLEDGED', 'ref', 'manual_ref', '2023-10-26', '46', '2023-11-09 01:19:37', 1),
(1111, 1, 1, 2, 62, '0', '0', '105850', 'Loan repayment: ACKNOWLEDGED', 'ref', 'manual_ref', '2023-10-26', '46', '2023-11-09 01:21:59', 1),
(1112, 1, 1, 3, 18, '0', '105850', '0', 'Loan repayment: ACKNOWLEDGED', 'ref', 'manual_ref', '2023-10-26', '46', '2023-11-09 01:21:59', 1),
(1113, 1, 1, 2, 43, '0', '0', '100000', 'Loan repayment: ACKNOWLEDGED', 'ref', 'manual_ref', '2023-10-28', '46', '2023-11-09 01:24:05', 1),
(1114, 1, 1, 3, 18, '0', '100000', '0', 'Loan repayment: ACKNOWLEDGED', 'ref', 'manual_ref', '2023-10-28', '46', '2023-11-09 01:24:05', 1),
(1115, 1, 1, 2, 43, '0', '0', '153000', 'Loan repayment: ACKNOWLEDGED', 'ref', 'manual_ref', '2023-10-16', '46', '2023-11-09 01:24:53', 1),
(1116, 1, 1, 3, 18, '0', '153000', '0', 'Loan repayment: ACKNOWLEDGED', 'ref', 'manual_ref', '2023-10-16', '46', '2023-11-09 01:24:53', 1),
(1117, 1, 1, 2, 35, '0', '0', '268500', 'Loan repayment: ACKNOWLEDGED', 'ref', 'manual_ref', '2023-11-04', '46', '2023-11-09 01:28:07', 1),
(1118, 1, 1, 3, 18, '0', '268500', '0', 'Loan repayment: ACKNOWLEDGED', 'ref', 'manual_ref', '2023-11-04', '46', '2023-11-09 01:28:07', 1),
(1119, 1, 1, 2, 42, '0', '0', '350000', 'Loan repayment: ACKNOWLEDGED', 'ref', 'manual_ref', '2023-10-30', '46', '2023-11-09 01:29:22', 1),
(1120, 1, 1, 3, 18, '0', '350000', '0', 'Loan repayment: ACKNOWLEDGED', 'ref', 'manual_ref', '2023-10-30', '46', '2023-11-09 01:29:22', 1),
(1121, 1, 1, 2, 45, '0', '23480.65625', '0', 'Interest charge: SANDRA', '1699489852806606', '1699489852806606', '2023-11-11', '46', '2023-11-09 01:30:52', 1),
(1122, 5, 7, 4, 5, '0', '0', '23480.65625', 'Interest charge: SANDRA', '1699489852806606', '1699489852806606', '2023-11-11', '46', '2023-11-09 01:30:52', 1),
(1123, 1, 1, 2, 45, '0', '0', '349400', 'Loan repayment: ACKNOWLEDGED', 'ref', 'manual_ref', '2023-11-01', '46', '2023-11-09 01:30:52', 1),
(1124, 1, 1, 3, 18, '0', '349400', '0', 'Loan repayment: ACKNOWLEDGED', 'ref', 'manual_ref', '2023-11-01', '46', '2023-11-09 01:30:52', 1),
(1125, 1, 1, 2, 74, '0', '0', '450000', 'Loan repayment: ACKNOWLEDGED', 'ref', 'manual_ref', '2023-10-28', '46', '2023-11-09 01:32:21', 1),
(1126, 1, 1, 3, 18, '0', '450000', '0', 'Loan repayment: ACKNOWLEDGED', 'ref', 'manual_ref', '2023-10-28', '46', '2023-11-09 01:32:21', 1),
(1127, 1, 1, 2, 75, '0', '0', '450000', 'Loan repayment: ACKNOWLEDGED', 'ref', 'manual_ref', '2023-11-02', '46', '2023-11-09 01:34:50', 1),
(1128, 1, 1, 3, 18, '0', '450000', '0', 'Loan repayment: ACKNOWLEDGED', 'ref', 'manual_ref', '2023-11-02', '46', '2023-11-09 01:34:50', 1),
(1129, 1, 1, 2, 79, '0', '0', '473333.33', 'Loan repayment: ACKNOWLEDGED', 'ref', 'manual_ref', '2023-10-23', '46', '2023-11-09 01:37:54', 1),
(1130, 1, 1, 3, 18, '0', '473333.33', '0', 'Loan repayment: ACKNOWLEDGED', 'ref', 'manual_ref', '2023-10-23', '46', '2023-11-09 01:37:54', 1),
(1131, 1, 1, 2, 67, '0', '62416.666417', '0', 'Interest charge: VICTORIA', '1699536376218963', '1699536376218963', '2023-11-09', '42', '2023-11-09 14:26:16', 1),
(1132, 5, 7, 4, 5, '0', '0', '62416.666417', 'Interest charge: VICTORIA', '1699536376218963', '1699536376218963', '2023-11-09', '42', '2023-11-09 14:26:16', 1),
(1133, 1, 1, 2, 68, '0', '0', '0', 'Interest charge: Ekene', '1699536376367857', '1699536376367857', '2023-11-09', '42', '2023-11-09 14:26:16', 1),
(1134, 5, 7, 4, 5, '0', '0', '0', 'Interest charge: Ekene', '1699536376367857', '1699536376367857', '2023-11-09', '42', '2023-11-09 14:26:16', 1),
(1135, 1, 1, 3, 18, '0', '10000', '0', 'Registration fees: ALIYU', '1700037914769427', '1700037914769427', '2023-11-15', '45', '2023-11-15 09:45:14', 1),
(1136, 5, 7, 9, 13, '0', '0', '10000', 'Registration fees: ALIYU', '1700037914769427', '1700037914769427', '2023-11-15', '45', '2023-11-15 09:45:14', 1),
(1137, 1, 1, 2, 38, '0', '41746.796912714', '0', 'Interest charge: Kenneth', '1700038019802480', '1700038019802480', '2023-11-14', '45', '2023-11-15 09:46:59', 1),
(1138, 5, 7, 4, 5, '0', '0', '41746.796912714', 'Interest charge: Kenneth', '1700038019802480', '1700038019802480', '2023-11-14', '45', '2023-11-15 09:46:59', 1),
(1139, 1, 1, 2, 33, '0', '65688.0784375', '0', 'Interest charge: MOHAMMED', '1700038019069923', '1700038019069923', '2023-11-14', '45', '2023-11-15 09:46:59', 1),
(1140, 5, 7, 4, 5, '0', '0', '65688.0784375', 'Interest charge: MOHAMMED', '1700038019069923', '1700038019069923', '2023-11-14', '45', '2023-11-15 09:46:59', 1),
(1141, 1, 1, 2, 30, '0', '24280.006835938', '0', 'Interest charge: GLOBAL', '1700038019882912', '1700038019882912', '2023-11-14', '45', '2023-11-15 09:46:59', 1),
(1142, 5, 7, 4, 5, '0', '0', '24280.006835938', 'Interest charge: GLOBAL', '1700038019882912', '1700038019882912', '2023-11-14', '45', '2023-11-15 09:46:59', 1),
(1143, 1, 1, 2, 32, '0', '4645.0474377135', '0', 'Interest charge: CHIMA', '1700038019263534', '1700038019263534', '2023-11-14', '45', '2023-11-15 09:46:59', 1),
(1144, 5, 7, 4, 5, '0', '0', '4645.0474377135', 'Interest charge: CHIMA', '1700038019263534', '1700038019263534', '2023-11-14', '45', '2023-11-15 09:46:59', 1),
(1145, 1, 1, 2, 31, '0', '10617.59765625', '0', 'Interest charge: GOODLUCK', '1700038019228552', '1700038019228552', '2023-11-14', '45', '2023-11-15 09:46:59', 1),
(1146, 5, 7, 4, 5, '0', '0', '10617.59765625', 'Interest charge: GOODLUCK', '1700038019228552', '1700038019228552', '2023-11-14', '45', '2023-11-15 09:46:59', 1),
(1147, 1, 1, 2, 39, '0', '63481.796912714', '0', 'Interest charge: Nwamaka', '1700038019721762', '1700038019721762', '2023-11-14', '45', '2023-11-15 09:46:59', 1),
(1148, 5, 7, 4, 5, '0', '0', '63481.796912714', 'Interest charge: Nwamaka', '1700038019721762', '1700038019721762', '2023-11-14', '45', '2023-11-15 09:46:59', 1),
(1149, 1, 1, 2, 43, '0', '41478.15625', '0', 'Interest charge: NIMOTA', '1700038019800158', '1700038019800158', '2023-11-11', '45', '2023-11-15 09:46:59', 1),
(1150, 5, 7, 4, 5, '0', '0', '41478.15625', 'Interest charge: NIMOTA', '1700038019800158', '1700038019800158', '2023-11-11', '45', '2023-11-15 09:46:59', 1),
(1151, 1, 1, 2, 44, '0', '23541.32275', '0', 'Interest charge: ALIYU', '1700038019036543', '1700038019036543', '2023-11-11', '45', '2023-11-15 09:46:59', 1),
(1152, 5, 7, 4, 5, '0', '0', '23541.32275', 'Interest charge: ALIYU', '1700038019036543', '1700038019036543', '2023-11-11', '45', '2023-11-15 09:46:59', 1),
(1153, 1, 1, 2, 46, '0', '58201.89375', '0', 'Interest charge: FRIDAY', '1700038019922089', '1700038019922089', '2023-11-11', '45', '2023-11-15 09:46:59', 1),
(1154, 5, 7, 4, 5, '0', '0', '58201.89375', 'Interest charge: FRIDAY', '1700038019922089', '1700038019922089', '2023-11-11', '45', '2023-11-15 09:46:59', 1),
(1155, 1, 1, 2, 71, '0', '116666.9', '0', 'Interest charge: INTEGRATED SERVICES', '1700038019630253', '1700038019630253', '2023-11-11', '45', '2023-11-15 09:46:59', 1),
(1156, 5, 7, 4, 5, '0', '0', '116666.9', 'Interest charge: INTEGRATED SERVICES', '1700038019630253', '1700038019630253', '2023-11-11', '45', '2023-11-15 09:46:59', 1),
(1157, 1, 1, 3, 18, '0', '10000', '0', 'Registration fees: BRIDGET', '1700042126778165', '1700042126778165', '2023-11-15', '45', '2023-11-15 10:55:26', 1),
(1158, 5, 7, 9, 13, '0', '0', '10000', 'Registration fees: BRIDGET', '1700042126778165', '1700042126778165', '2023-11-15', '45', '2023-11-15 10:55:26', 1),
(1159, 1, 1, 3, 18, '0', '10000', '0', 'Registration fees: BRIDGET', '1700051251840440', '1700051251840440', '2023-11-15', '45', '2023-11-15 13:27:31', 1),
(1160, 5, 7, 9, 13, '0', '0', '10000', 'Registration fees: BRIDGET', '1700051251840440', '1700051251840440', '2023-11-15', '45', '2023-11-15 13:27:31', 1),
(1161, 1, 1, 2, 49, '0', '31907.0390625', '0', 'Interest charge: CATO', '1700464379957629', '1700464379957629', '2023-11-20', '45', '2023-11-20 08:12:59', 1),
(1162, 5, 7, 4, 5, '0', '0', '31907.0390625', 'Interest charge: CATO', '1700464379957629', '1700464379957629', '2023-11-20', '45', '2023-11-20 08:12:59', 1),
(1163, 1, 1, 2, 50, '0', '83001.05625', '0', 'Interest charge: Integrated enterprises', '1700464379408974', '1700464379408974', '2023-11-20', '45', '2023-11-20 08:12:59', 1),
(1164, 5, 7, 4, 5, '0', '0', '83001.05625', 'Interest charge: Integrated enterprises', '1700464379408974', '1700464379408974', '2023-11-20', '45', '2023-11-20 08:12:59', 1),
(1165, 1, 1, 2, 52, '0', '61997.573925', '0', 'Interest charge: VENTURE', '1700464379965701', '1700464379965701', '2023-11-20', '45', '2023-11-20 08:12:59', 1),
(1166, 5, 7, 4, 5, '0', '0', '61997.573925', 'Interest charge: VENTURE', '1700464379965701', '1700464379965701', '2023-11-20', '45', '2023-11-20 08:12:59', 1),
(1167, 1, 1, 2, 82, '0', '140000', '0', 'Interest charge: KENNETH', '1700464379614114', '1700464379614114', '2023-11-18', '45', '2023-11-20 08:12:59', 1),
(1168, 5, 7, 4, 5, '0', '0', '140000', 'Interest charge: KENNETH', '1700464379614114', '1700464379614114', '2023-11-18', '45', '2023-11-20 08:12:59', 1),
(1169, 1, 1, 2, 81, '0', '140000', '0', 'Interest charge: MARY', '1700464379537628', '1700464379537628', '2023-11-18', '45', '2023-11-20 08:12:59', 1),
(1170, 5, 7, 4, 5, '0', '0', '140000', 'Interest charge: MARY', '1700464379537628', '1700464379537628', '2023-11-18', '45', '2023-11-20 08:12:59', 1),
(1171, 1, 1, 2, 83, '0', '140000', '0', 'Interest charge: Chima', '1700464379692734', '1700464379692734', '2023-11-18', '45', '2023-11-20 08:12:59', 1),
(1172, 5, 7, 4, 5, '0', '0', '140000', 'Interest charge: Chima', '1700464379692734', '1700464379692734', '2023-11-18', '45', '2023-11-20 08:12:59', 1),
(1173, 1, 1, 3, 18, '0', '100000', '0', 'Processing fees: ALIYU', '1700509344433856', '1700509344433856', '2023-11-17', '46', '2023-11-20 20:42:24', 1),
(1174, 5, 7, 9, 14, '0', '0', '100000', 'Processing fees: ALIYU', '1700509344433856', '1700509344433856', '2023-11-17', '46', '2023-11-20 20:42:24', 1),
(1175, 1, 1, 3, 18, '0', '100000', '0', 'Processing fees: GLOBAL', '1700509410813308', '1700509410813308', '2023-11-16', '46', '2023-11-20 20:43:30', 1),
(1176, 5, 7, 9, 14, '0', '0', '100000', 'Processing fees: GLOBAL', '1700509410813308', '1700509410813308', '2023-11-16', '46', '2023-11-20 20:43:30', 1),
(1177, 1, 1, 3, 18, '0', '100000', '0', 'Processing fees: DANIEL', '1700509462023827', '1700509462023827', '2023-11-16', '46', '2023-11-20 20:44:22', 1),
(1178, 5, 7, 9, 14, '0', '0', '100000', 'Processing fees: DANIEL', '1700509462023827', '1700509462023827', '2023-11-16', '46', '2023-11-20 20:44:22', 1),
(1179, 1, 1, 3, 18, '0', '100000', '0', 'Processing fees: BRIDGET', '1700509533563451', '1700509533563451', '2023-11-16', '46', '2023-11-20 20:45:33', 1),
(1180, 5, 7, 9, 14, '0', '0', '100000', 'Processing fees: BRIDGET', '1700509533563451', '1700509533563451', '2023-11-16', '46', '2023-11-20 20:45:33', 1),
(1181, 1, 1, 2, 44, '0', '2000000', '0', 'Loan disbursement ALIYU', 'ref', 'manual_ref', '2023-11-20', '46', '2023-11-20 20:47:40', 1),
(1182, 1, 1, 3, 18, '0', '0', '2000000', 'Loan disbursement ALIYU', 'ref', 'manual_ref', '2023-11-20', '46', '2023-11-20 20:47:40', 1),
(1183, 1, 1, 2, 87, '0', '2000000', '0', 'Loan disbursement GLOBAL', 'ref', 'manual_ref', '2023-11-20', '46', '2023-11-20 20:48:07', 1),
(1184, 1, 1, 3, 18, '0', '0', '2000000', 'Loan disbursement GLOBAL', 'ref', 'manual_ref', '2023-11-20', '46', '2023-11-20 20:48:07', 1),
(1185, 1, 1, 2, 88, '0', '2000000', '0', 'Loan disbursement DANIEL', 'ref', 'manual_ref', '2023-11-20', '46', '2023-11-20 20:48:38', 1),
(1186, 1, 1, 3, 18, '0', '0', '2000000', 'Loan disbursement DANIEL', 'ref', 'manual_ref', '2023-11-20', '46', '2023-11-20 20:48:38', 1),
(1187, 1, 1, 2, 89, '0', '2000000', '0', 'Loan disbursement BRIDGET', 'ref', 'manual_ref', '2023-11-20', '46', '2023-11-20 20:49:01', 1),
(1188, 1, 1, 3, 18, '0', '0', '2000000', 'Loan disbursement BRIDGET', 'ref', 'manual_ref', '2023-11-20', '46', '2023-11-20 20:49:01', 1),
(1189, 1, 1, 3, 18, '0', '10000', '0', 'Registration fees: Okechukwu', '1700554905724692', '1700554905724692', '2023-11-21', '45', '2023-11-21 09:21:45', 1),
(1190, 5, 7, 9, 13, '0', '0', '10000', 'Registration fees: Okechukwu', '1700554905724692', '1700554905724692', '2023-11-21', '45', '2023-11-21 09:21:45', 1),
(1191, 1, 1, 3, 18, '0', '100000', '0', 'Processing fees: Okechukwu', '1700685012051818', '1700685012051818', '2023-11-22', '46', '2023-11-22 21:30:12', 1),
(1192, 5, 7, 9, 14, '0', '0', '100000', 'Processing fees: Okechukwu', '1700685012051818', '1700685012051818', '2023-11-22', '46', '2023-11-22 21:30:12', 1),
(1193, 1, 1, 2, 65, '0', '2000000', '0', 'Loan disbursement Okechukwu', 'ref', 'manual_ref', '2023-11-23', '46', '2023-11-23 03:59:27', 1),
(1194, 1, 1, 3, 18, '0', '0', '2000000', 'Loan disbursement Okechukwu', 'ref', 'manual_ref', '2023-11-23', '46', '2023-11-23 03:59:27', 1),
(1195, 1, 1, 3, 18, '0', '10000', '0', 'Registration fees: IFEOMA', '1701180793231936', '1701180793231936', '2023-11-28', '45', '2023-11-28 15:13:13', 1),
(1196, 5, 7, 9, 13, '0', '0', '10000', 'Registration fees: IFEOMA', '1701180793231936', '1701180793231936', '2023-11-28', '45', '2023-11-28 15:13:13', 1),
(1197, 1, 1, 2, 29, '0', '9289.8478200347', '0', 'Interest charge: Anulika', '1701180894907949', '1701180894907949', '2023-11-25', '45', '2023-11-28 15:14:54', 1),
(1198, 5, 7, 4, 5, '0', '0', '9289.8478200347', 'Interest charge: Anulika', '1701180894907949', '1701180894907949', '2023-11-25', '45', '2023-11-28 15:14:54', 1),
(1199, 1, 1, 2, 37, '0', '52270.96609375', '0', 'Interest charge: KENNETH', '1701180894020172', '1701180894020172', '2023-11-27', '45', '2023-11-28 15:14:54', 1),
(1200, 5, 7, 4, 5, '0', '0', '52270.96609375', 'Interest charge: KENNETH', '1701180894020172', '1701180894020172', '2023-11-27', '45', '2023-11-28 15:14:54', 1),
(1201, 1, 1, 2, 34, '0', '54076.513546875', '0', 'Interest charge: CHARLSE', '1701180894950097', '1701180894950097', '2023-11-27', '45', '2023-11-28 15:14:54', 1),
(1202, 5, 7, 4, 5, '0', '0', '54076.513546875', 'Interest charge: CHARLSE', '1701180894950097', '1701180894950097', '2023-11-27', '45', '2023-11-28 15:14:54', 1),
(1203, 1, 1, 2, 41, '0', '74517.59765625', '0', 'Interest charge: Malachy', '1701180894536254', '1701180894536254', '2023-11-27', '45', '2023-11-28 15:14:54', 1),
(1204, 5, 7, 4, 5, '0', '0', '74517.59765625', 'Interest charge: Malachy', '1701180894536254', '1701180894536254', '2023-11-27', '45', '2023-11-28 15:14:54', 1),
(1205, 1, 1, 2, 51, '0', '93866.7814', '0', 'Interest charge: Friday', '1701180894184626', '1701180894184626', '2023-11-24', '45', '2023-11-28 15:14:54', 1),
(1206, 5, 7, 4, 5, '0', '0', '93866.7814', 'Interest charge: Friday', '1701180894184626', '1701180894184626', '2023-11-24', '45', '2023-11-28 15:14:54', 1),
(1207, 1, 1, 2, 62, '0', '69989.50105', '0', 'Interest charge: MARK', '1701180894141961', '1701180894141961', '2023-11-24', '45', '2023-11-28 15:14:54', 1),
(1208, 5, 7, 4, 5, '0', '0', '69989.50105', 'Interest charge: MARK', '1701180894141961', '1701180894141961', '2023-11-24', '45', '2023-11-28 15:14:54', 1),
(1209, 1, 1, 2, 63, '0', '54163.159232', '0', 'Interest charge: IBRAHIM', '1701180894290024', '1701180894290024', '2023-11-24', '45', '2023-11-28 15:14:54', 1),
(1210, 5, 7, 4, 5, '0', '0', '54163.159232', 'Interest charge: IBRAHIM', '1701180894290024', '1701180894290024', '2023-11-24', '45', '2023-11-28 15:14:54', 1),
(1211, 1, 1, 2, 65, '0', '122842.4414', '0', 'Interest charge: Okechukwu', '1701180894899699', '1701180894899699', '2023-11-24', '45', '2023-11-28 15:14:54', 1),
(1212, 5, 7, 4, 5, '0', '0', '122842.4414', 'Interest charge: Okechukwu', '1701180894899699', '1701180894899699', '2023-11-24', '45', '2023-11-28 15:14:54', 1),
(1213, 1, 1, 2, 35, '0', '17431.961510156', '0', 'Interest charge: NATURAL', '1701243709919753', '1701243709919753', '2023-11-29', '45', '2023-11-29 08:41:49', 1),
(1214, 5, 7, 4, 5, '0', '0', '17431.961510156', 'Interest charge: NATURAL', '1701243709919753', '1701243709919753', '2023-11-29', '45', '2023-11-29 08:41:49', 1),
(1215, 1, 1, 2, 36, '0', '10570.777397813', '0', 'Interest charge: JOSEPHINE', '1701243709616326', '1701243709616326', '2023-11-29', '45', '2023-11-29 08:41:49', 1),
(1216, 5, 7, 4, 5, '0', '0', '10570.777397813', 'Interest charge: JOSEPHINE', '1701243709616326', '1701243709616326', '2023-11-29', '45', '2023-11-29 08:41:49', 1),
(1217, 1, 1, 2, 42, '0', '8007.043625', '0', 'Interest charge: FROZEN FOODS', '1701243709529888', '1701243709529888', '2023-11-29', '45', '2023-11-29 08:41:49', 1),
(1218, 5, 7, 4, 5, '0', '0', '8007.043625', 'Interest charge: FROZEN FOODS', '1701243709529888', '1701243709529888', '2023-11-29', '45', '2023-11-29 08:41:49', 1),
(1219, 1, 1, 2, 78, '0', '266466.69', '0', 'Interest charge: Aji', '1701243709639019', '1701243709639019', '2023-11-29', '45', '2023-11-29 08:41:49', 1),
(1220, 5, 7, 4, 5, '0', '0', '266466.69', 'Interest charge: Aji', '1701243709639019', '1701243709639019', '2023-11-29', '45', '2023-11-29 08:41:49', 1),
(1221, 1, 1, 2, 79, '0', '116666.6669', '0', 'Interest charge: Martha', '1701243709269861', '1701243709269861', '2023-11-29', '45', '2023-11-29 08:41:49', 1),
(1222, 5, 7, 4, 5, '0', '0', '116666.6669', 'Interest charge: Martha', '1701243709269861', '1701243709269861', '2023-11-29', '45', '2023-11-29 08:41:49', 1),
(1223, 1, 1, 3, 18, '0', '10000', '0', 'Registration fees: IFEOMA', '1701251674317513', '1701251674317513', '2023-11-29', '45', '2023-11-29 10:54:34', 1),
(1224, 5, 7, 9, 13, '0', '0', '10000', 'Registration fees: IFEOMA', '1701251674317513', '1701251674317513', '2023-11-29', '45', '2023-11-29 10:54:34', 1),
(1225, 1, 1, 2, 69, '0', '40071.5', '0', 'Interest charge: Osi', '1701328763149301', '1701328763149301', '2023-11-30', '45', '2023-11-30 08:19:23', 1),
(1226, 5, 7, 4, 5, '0', '0', '40071.5', 'Interest charge: Osi', '1701328763149301', '1701328763149301', '2023-11-30', '45', '2023-11-30 08:19:23', 1),
(1227, 1, 1, 2, 70, '0', '47824', '0', 'Interest charge: Ephraim', '1701328763952613', '1701328763952613', '2023-11-30', '45', '2023-11-30 08:19:23', 1),
(1228, 5, 7, 4, 5, '0', '0', '47824', 'Interest charge: Ephraim', '1701328763952613', '1701328763952613', '2023-11-30', '45', '2023-11-30 08:19:23', 1),
(1229, 1, 1, 2, 74, '0', '253617.835583', '0', 'Interest charge: PAUL', '1701328763361374', '1701328763361374', '2023-11-30', '45', '2023-11-30 08:19:23', 1),
(1230, 5, 7, 4, 5, '0', '0', '253617.835583', 'Interest charge: PAUL', '1701328763361374', '1701328763361374', '2023-11-30', '45', '2023-11-30 08:19:23', 1),
(1231, 1, 1, 2, 75, '0', '93333.333583', '0', 'Interest charge: WILSON', '1701328763374989', '1701328763374989', '2023-11-30', '45', '2023-11-30 08:19:23', 1),
(1232, 5, 7, 4, 5, '0', '0', '93333.333583', 'Interest charge: WILSON', '1701328763374989', '1701328763374989', '2023-11-30', '45', '2023-11-30 08:19:23', 1),
(1233, 1, 1, 2, 38, '0', '43834.136758349', '0', 'Interest charge: Kenneth', '1704798224473372', '1704798224473372', '2023-12-14', '13', '2024-01-09 12:03:44', 1),
(1234, 5, 7, 4, 5, '0', '0', '43834.136758349', 'Interest charge: Kenneth', '1704798224473372', '1704798224473372', '2023-12-14', '13', '2024-01-09 12:03:44', 1),
(1235, 1, 1, 2, 33, '0', '68972.482359375', '0', 'Interest charge: MOHAMMED', '1704798224145622', '1704798224145622', '2023-12-14', '13', '2024-01-09 12:03:44', 1),
(1236, 5, 7, 4, 5, '0', '0', '68972.482359375', 'Interest charge: MOHAMMED', '1704798224145622', '1704798224145622', '2023-12-14', '13', '2024-01-09 12:03:44', 1),
(1237, 1, 1, 2, 30, '0', '25494.007177734', '0', 'Interest charge: GLOBAL', '1704798224300139', '1704798224300139', '2023-12-14', '13', '2024-01-09 12:03:44', 1),
(1238, 5, 7, 4, 5, '0', '0', '25494.007177734', 'Interest charge: GLOBAL', '1704798224300139', '1704798224300139', '2023-12-14', '13', '2024-01-09 12:03:44', 1),
(1239, 1, 1, 2, 32, '0', '4877.2998095992', '0', 'Interest charge: CHIMA', '1704798224309057', '1704798224309057', '2023-12-14', '13', '2024-01-09 12:03:44', 1),
(1240, 5, 7, 4, 5, '0', '0', '4877.2998095992', 'Interest charge: CHIMA', '1704798224309057', '1704798224309057', '2023-12-14', '13', '2024-01-09 12:03:44', 1),
(1241, 1, 1, 2, 31, '0', '11148.477539062', '0', 'Interest charge: GOODLUCK', '1704798224404282', '1704798224404282', '2023-12-14', '13', '2024-01-09 12:03:44', 1),
(1242, 5, 7, 4, 5, '0', '0', '11148.477539062', 'Interest charge: GOODLUCK', '1704798224404282', '1704798224404282', '2023-12-14', '13', '2024-01-09 12:03:44', 1),
(1243, 1, 1, 2, 29, '0', '9754.3402110364', '0', 'Interest charge: Anulika', '1704798224687428', '1704798224687428', '2023-12-25', '13', '2024-01-09 12:03:44', 1),
(1244, 5, 7, 4, 5, '0', '0', '9754.3402110364', 'Interest charge: Anulika', '1704798224687428', '1704798224687428', '2023-12-25', '13', '2024-01-09 12:03:44', 1),
(1245, 1, 1, 2, 39, '0', '66655.886758349', '0', 'Interest charge: Nwamaka', '1704798224041919', '1704798224041919', '2023-12-14', '13', '2024-01-09 12:03:44', 1),
(1246, 5, 7, 4, 5, '0', '0', '66655.886758349', 'Interest charge: Nwamaka', '1704798224041919', '1704798224041919', '2023-12-14', '13', '2024-01-09 12:03:44', 1),
(1247, 1, 1, 2, 35, '0', '18303.559585664', '0', 'Interest charge: NATURAL', '1704798224789647', '1704798224789647', '2023-12-29', '13', '2024-01-09 12:03:44', 1),
(1248, 5, 7, 4, 5, '0', '0', '18303.559585664', 'Interest charge: NATURAL', '1704798224789647', '1704798224789647', '2023-12-29', '13', '2024-01-09 12:03:44', 1),
(1249, 1, 1, 2, 36, '0', '11099.316267703', '0', 'Interest charge: JOSEPHINE', '1704798225825076', '1704798225825076', '2023-12-29', '13', '2024-01-09 12:03:45', 1),
(1250, 5, 7, 4, 5, '0', '0', '11099.316267703', 'Interest charge: JOSEPHINE', '1704798225825076', '1704798225825076', '2023-12-29', '13', '2024-01-09 12:03:45', 1),
(1251, 1, 1, 2, 37, '0', '54884.514398437', '0', 'Interest charge: KENNETH', '1704798225824941', '1704798225824941', '2023-12-27', '13', '2024-01-09 12:03:45', 1),
(1252, 5, 7, 4, 5, '0', '0', '54884.514398437', 'Interest charge: KENNETH', '1704798225824941', '1704798225824941', '2023-12-27', '13', '2024-01-09 12:03:45', 1),
(1253, 1, 1, 2, 34, '0', '56780.339224219', '0', 'Interest charge: CHARLSE', '1704798225836311', '1704798225836311', '2023-12-27', '13', '2024-01-09 12:03:45', 1),
(1254, 5, 7, 4, 5, '0', '0', '56780.339224219', 'Interest charge: CHARLSE', '1704798225836311', '1704798225836311', '2023-12-27', '13', '2024-01-09 12:03:45', 1),
(1255, 1, 1, 2, 41, '0', '78243.477539062', '0', 'Interest charge: Malachy', '1704798225833673', '1704798225833673', '2023-12-27', '13', '2024-01-09 12:03:45', 1),
(1256, 5, 7, 4, 5, '0', '0', '78243.477539062', 'Interest charge: Malachy', '1704798225833673', '1704798225833673', '2023-12-27', '13', '2024-01-09 12:03:45', 1),
(1257, 1, 1, 2, 42, '0', '8407.39580625', '0', 'Interest charge: FROZEN FOODS', '1704798225850558', '1704798225850558', '2023-12-29', '13', '2024-01-09 12:03:45', 1),
(1258, 5, 7, 4, 5, '0', '0', '8407.39580625', 'Interest charge: FROZEN FOODS', '1704798225850558', '1704798225850558', '2023-12-29', '13', '2024-01-09 12:03:45', 1),
(1259, 1, 1, 2, 43, '0', '43552.0640625', '0', 'Interest charge: NIMOTA', '1704798225020843', '1704798225020843', '2023-12-11', '13', '2024-01-09 12:03:45', 1),
(1260, 5, 7, 4, 5, '0', '0', '43552.0640625', 'Interest charge: NIMOTA', '1704798225020843', '1704798225020843', '2023-12-11', '13', '2024-01-09 12:03:45', 1),
(1261, 1, 1, 2, 45, '0', '7184.6890625', '0', 'Interest charge: SANDRA', '1704798225265758', '1704798225265758', '2023-12-11', '13', '2024-01-09 12:03:45', 1),
(1262, 5, 7, 4, 5, '0', '0', '7184.6890625', 'Interest charge: SANDRA', '1704798225265758', '1704798225265758', '2023-12-11', '13', '2024-01-09 12:03:45', 1),
(1263, 1, 1, 2, 44, '0', '24718.3888875', '0', 'Interest charge: ALIYU', '1704798225509468', '1704798225509468', '2023-12-11', '13', '2024-01-09 12:03:45', 1),
(1264, 5, 7, 4, 5, '0', '0', '24718.3888875', 'Interest charge: ALIYU', '1704798225509468', '1704798225509468', '2023-12-11', '13', '2024-01-09 12:03:45', 1),
(1265, 1, 1, 2, 46, '0', '61111.9884375', '0', 'Interest charge: FRIDAY', '1704798225696984', '1704798225696984', '2023-12-11', '13', '2024-01-09 12:03:45', 1),
(1266, 5, 7, 4, 5, '0', '0', '61111.9884375', 'Interest charge: FRIDAY', '1704798225696984', '1704798225696984', '2023-12-11', '13', '2024-01-09 12:03:45', 1),
(1267, 1, 1, 2, 49, '0', '33502.391015625', '0', 'Interest charge: CATO', '1704798225287551', '1704798225287551', '2023-12-20', '13', '2024-01-09 12:03:45', 1),
(1268, 5, 7, 4, 5, '0', '0', '33502.391015625', 'Interest charge: CATO', '1704798225287551', '1704798225287551', '2023-12-20', '13', '2024-01-09 12:03:45', 1),
(1269, 1, 1, 2, 50, '0', '87151.1090625', '0', 'Interest charge: Integrated enterprises', '1704798225903962', '1704798225903962', '2023-12-20', '13', '2024-01-09 12:03:45', 1),
(1270, 5, 7, 4, 5, '0', '0', '87151.1090625', 'Interest charge: Integrated enterprises', '1704798225903962', '1704798225903962', '2023-12-20', '13', '2024-01-09 12:03:45', 1),
(1271, 1, 1, 2, 52, '0', '65097.45262125', '0', 'Interest charge: VENTURE', '1704798225766457', '1704798225766457', '2023-12-20', '13', '2024-01-09 12:03:45', 1),
(1272, 5, 7, 4, 5, '0', '0', '65097.45262125', 'Interest charge: VENTURE', '1704798225766457', '1704798225766457', '2023-12-20', '13', '2024-01-09 12:03:45', 1),
(1273, 1, 1, 2, 54, '0', '51870.32794125', '0', 'Interest charge: Ifeoma', '1704798225410190', '1704798225410190', '2023-12-07', '13', '2024-01-09 12:03:45', 1),
(1274, 5, 7, 4, 5, '0', '0', '51870.32794125', 'Interest charge: Ifeoma', '1704798225410190', '1704798225410190', '2023-12-07', '13', '2024-01-09 12:03:45', 1),
(1275, 1, 1, 2, 54, '0', '54463.844338313', '0', 'Interest charge: Ifeoma', '1704798225158042', '1704798225158042', '2024-01-07', '13', '2024-01-09 12:03:45', 1),
(1276, 5, 7, 4, 5, '0', '0', '54463.844338313', 'Interest charge: Ifeoma', '1704798225158042', '1704798225158042', '2024-01-07', '13', '2024-01-09 12:03:45', 1),
(1277, 1, 1, 2, 55, '0', '27602.3671875', '0', 'Interest charge: Doris', '1704798225217854', '1704798225217854', '2023-12-07', '13', '2024-01-09 12:03:45', 1),
(1278, 5, 7, 4, 5, '0', '0', '27602.3671875', 'Interest charge: Doris', '1704798225217854', '1704798225217854', '2023-12-07', '13', '2024-01-09 12:03:45', 1),
(1279, 1, 1, 2, 55, '0', '28982.485546875', '0', 'Interest charge: Doris', '1704798225207511', '1704798225207511', '2024-01-07', '13', '2024-01-09 12:03:45', 1),
(1280, 5, 7, 4, 5, '0', '0', '28982.485546875', 'Interest charge: Doris', '1704798225207511', '1704798225207511', '2024-01-07', '13', '2024-01-09 12:03:45', 1),
(1281, 1, 1, 2, 56, '0', '86339.53125', '0', 'Interest charge: Aniefon', '1704798225052631', '1704798225052631', '2023-12-07', '13', '2024-01-09 12:03:45', 1),
(1282, 5, 7, 4, 5, '0', '0', '86339.53125', 'Interest charge: Aniefon', '1704798225052631', '1704798225052631', '2023-12-07', '13', '2024-01-09 12:03:45', 1),
(1283, 1, 1, 2, 56, '0', '90656.5078125', '0', 'Interest charge: Aniefon', '1704798225710245', '1704798225710245', '2024-01-07', '13', '2024-01-09 12:03:45', 1),
(1284, 5, 7, 4, 5, '0', '0', '90656.5078125', 'Interest charge: Aniefon', '1704798225710245', '1704798225710245', '2024-01-07', '13', '2024-01-09 12:03:45', 1),
(1285, 1, 1, 2, 57, '0', '80808.65643375', '0', 'Interest charge: Okechukwu', '1704798225390303', '1704798225390303', '2023-12-07', '13', '2024-01-09 12:03:45', 1),
(1286, 5, 7, 4, 5, '0', '0', '80808.65643375', 'Interest charge: Okechukwu', '1704798225390303', '1704798225390303', '2023-12-07', '13', '2024-01-09 12:03:45', 1),
(1287, 1, 1, 2, 57, '0', '84849.089255437', '0', 'Interest charge: Okechukwu', '1704798225029282', '1704798225029282', '2024-01-07', '13', '2024-01-09 12:03:45', 1),
(1288, 5, 7, 4, 5, '0', '0', '84849.089255437', 'Interest charge: Okechukwu', '1704798225029282', '1704798225029282', '2024-01-07', '13', '2024-01-09 12:03:45', 1),
(1289, 1, 1, 2, 59, '0', '44590.69180125', '0', 'Interest charge: Festus', '1704798225575405', '1704798225575405', '2023-12-07', '13', '2024-01-09 12:03:45', 1),
(1290, 5, 7, 4, 5, '0', '0', '44590.69180125', 'Interest charge: Festus', '1704798225575405', '1704798225575405', '2023-12-07', '13', '2024-01-09 12:03:45', 1),
(1291, 1, 1, 2, 59, '0', '46820.226391312', '0', 'Interest charge: Festus', '1704798225027713', '1704798225027713', '2024-01-07', '13', '2024-01-09 12:03:45', 1),
(1292, 5, 7, 4, 5, '0', '0', '46820.226391312', 'Interest charge: Festus', '1704798225027713', '1704798225027713', '2024-01-07', '13', '2024-01-09 12:03:45', 1),
(1293, 1, 1, 2, 58, '0', '38587.89375', '0', 'Interest charge: CHIMEZIE', '1704798225243070', '1704798225243070', '2023-12-07', '13', '2024-01-09 12:03:45', 1),
(1294, 5, 7, 4, 5, '0', '0', '38587.89375', 'Interest charge: CHIMEZIE', '1704798225243070', '1704798225243070', '2023-12-07', '13', '2024-01-09 12:03:45', 1),
(1295, 1, 1, 2, 58, '0', '40517.2884375', '0', 'Interest charge: CHIMEZIE', '1704798225884593', '1704798225884593', '2024-01-07', '13', '2024-01-09 12:03:45', 1),
(1296, 5, 7, 4, 5, '0', '0', '40517.2884375', 'Interest charge: CHIMEZIE', '1704798225884593', '1704798225884593', '2024-01-07', '13', '2024-01-09 12:03:45', 1),
(1297, 1, 1, 2, 60, '0', '32647.85625', '0', 'Interest charge: SAMUEL', '1704798225862130', '1704798225862130', '2023-12-07', '13', '2024-01-09 12:03:45', 1),
(1298, 5, 7, 4, 5, '0', '0', '32647.85625', 'Interest charge: SAMUEL', '1704798225862130', '1704798225862130', '2023-12-07', '13', '2024-01-09 12:03:45', 1),
(1299, 1, 1, 2, 60, '0', '34280.2490625', '0', 'Interest charge: SAMUEL', '1704798225833014', '1704798225833014', '2024-01-07', '13', '2024-01-09 12:03:45', 1),
(1300, 5, 7, 4, 5, '0', '0', '34280.2490625', 'Interest charge: SAMUEL', '1704798225833014', '1704798225833014', '2024-01-07', '13', '2024-01-09 12:03:45', 1),
(1301, 1, 1, 2, 51, '0', '100437.456098', '0', 'Interest charge: Friday', '1704798225837916', '1704798225837916', '2023-12-24', '13', '2024-01-09 12:03:45', 1),
(1302, 5, 7, 4, 5, '0', '0', '100437.456098', 'Interest charge: Friday', '1704798225837916', '1704798225837916', '2023-12-24', '13', '2024-01-09 12:03:45', 1),
(1303, 1, 1, 2, 62, '0', '74888.7661235', '0', 'Interest charge: MARK', '1704798225209557', '1704798225209557', '2023-12-24', '13', '2024-01-09 12:03:45', 1),
(1304, 5, 7, 4, 5, '0', '0', '74888.7661235', 'Interest charge: MARK', '1704798225209557', '1704798225209557', '2023-12-24', '13', '2024-01-09 12:03:45', 1),
(1305, 1, 1, 2, 63, '0', '57954.58037824', '0', 'Interest charge: IBRAHIM', '1704798225373932', '1704798225373932', '2023-12-24', '13', '2024-01-09 12:03:45', 1),
(1306, 5, 7, 4, 5, '0', '0', '57954.58037824', 'Interest charge: IBRAHIM', '1704798225373932', '1704798225373932', '2023-12-24', '13', '2024-01-09 12:03:45', 1),
(1307, 1, 1, 2, 65, '0', '131441.412298', '0', 'Interest charge: Okechukwu', '1704798225597079', '1704798225597079', '2023-12-24', '13', '2024-01-09 12:03:45', 1),
(1308, 5, 7, 4, 5, '0', '0', '131441.412298', 'Interest charge: Okechukwu', '1704798225597079', '1704798225597079', '2023-12-24', '13', '2024-01-09 12:03:45', 1),
(1309, 1, 1, 2, 67, '0', '66785.83306619', '0', 'Interest charge: VICTORIA', '1704798225913722', '1704798225913722', '2023-12-09', '13', '2024-01-09 12:03:45', 1),
(1310, 5, 7, 4, 5, '0', '0', '66785.83306619', 'Interest charge: VICTORIA', '1704798225913722', '1704798225913722', '2023-12-09', '13', '2024-01-09 12:03:45', 1),
(1311, 1, 1, 2, 67, '0', '71460.841380823', '0', 'Interest charge: VICTORIA', '1704798225286833', '1704798225286833', '2024-01-09', '13', '2024-01-09 12:03:45', 1),
(1312, 5, 7, 4, 5, '0', '0', '71460.841380823', 'Interest charge: VICTORIA', '1704798225286833', '1704798225286833', '2024-01-09', '13', '2024-01-09 12:03:45', 1),
(1313, 1, 1, 2, 68, '0', '0', '0', 'Interest charge: Ekene', '1704798225206113', '1704798225206113', '2023-12-09', '13', '2024-01-09 12:03:45', 1),
(1314, 5, 7, 4, 5, '0', '0', '0', 'Interest charge: Ekene', '1704798225206113', '1704798225206113', '2023-12-09', '13', '2024-01-09 12:03:45', 1),
(1315, 1, 1, 2, 68, '0', '0', '0', 'Interest charge: Ekene', '1704798225900670', '1704798225900670', '2024-01-09', '13', '2024-01-09 12:03:45', 1),
(1316, 5, 7, 4, 5, '0', '0', '0', 'Interest charge: Ekene', '1704798225900670', '1704798225900670', '2024-01-09', '13', '2024-01-09 12:03:45', 1),
(1317, 1, 1, 2, 69, '0', '42876.505', '0', 'Interest charge: Osi', '1704798225999561', '1704798225999561', '2023-12-30', '13', '2024-01-09 12:03:45', 1),
(1318, 5, 7, 4, 5, '0', '0', '42876.505', 'Interest charge: Osi', '1704798225999561', '1704798225999561', '2023-12-30', '13', '2024-01-09 12:03:45', 1),
(1319, 1, 1, 2, 73, '0', '160286', '0', 'Interest charge: golden fashions business', '1704798225602378', '1704798225602378', '2023-12-03', '13', '2024-01-09 12:03:45', 1),
(1320, 5, 7, 4, 5, '0', '0', '160286', 'Interest charge: golden fashions business', '1704798225602378', '1704798225602378', '2023-12-03', '13', '2024-01-09 12:03:45', 1),
(1321, 1, 1, 2, 73, '0', '171506.02', '0', 'Interest charge: golden fashions business', '1704798225229909', '1704798225229909', '2024-01-03', '13', '2024-01-09 12:03:45', 1),
(1322, 5, 7, 4, 5, '0', '0', '171506.02', 'Interest charge: golden fashions business', '1704798225229909', '1704798225229909', '2024-01-03', '13', '2024-01-09 12:03:45', 1),
(1323, 1, 1, 2, 70, '0', '51171.68', '0', 'Interest charge: Ephraim', '1704798225859506', '1704798225859506', '2023-12-30', '13', '2024-01-09 12:03:45', 1),
(1324, 5, 7, 4, 5, '0', '0', '51171.68', 'Interest charge: Ephraim', '1704798225859506', '1704798225859506', '2023-12-30', '13', '2024-01-09 12:03:45', 1),
(1325, 1, 1, 2, 71, '0', '124833.583', '0', 'Interest charge: INTEGRATED SERVICES', '1704798225600787', '1704798225600787', '2023-12-11', '13', '2024-01-09 12:03:45', 1),
(1326, 5, 7, 4, 5, '0', '0', '124833.583', 'Interest charge: INTEGRATED SERVICES', '1704798225600787', '1704798225600787', '2023-12-11', '13', '2024-01-09 12:03:45', 1),
(1327, 1, 1, 2, 74, '0', '271371.08407381', '0', 'Interest charge: PAUL', '1704798225775175', '1704798225775175', '2023-12-30', '13', '2024-01-09 12:03:45', 1),
(1328, 5, 7, 4, 5, '0', '0', '271371.08407381', 'Interest charge: PAUL', '1704798225775175', '1704798225775175', '2023-12-30', '13', '2024-01-09 12:03:45', 1),
(1329, 1, 1, 2, 72, '0', '127148', '0', 'Interest charge: COMPANY', '1704798225909234', '1704798225909234', '2023-12-29', '13', '2024-01-09 12:03:45', 1),
(1330, 5, 7, 4, 5, '0', '0', '127148', 'Interest charge: COMPANY', '1704798225909234', '1704798225909234', '2023-12-29', '13', '2024-01-09 12:03:45', 1),
(1331, 1, 1, 2, 75, '0', '99866.66693381', '0', 'Interest charge: WILSON', '1704798225928820', '1704798225928820', '2023-12-30', '13', '2024-01-09 12:03:45', 1),
(1332, 5, 7, 4, 5, '0', '0', '99866.66693381', 'Interest charge: WILSON', '1704798225928820', '1704798225928820', '2023-12-30', '13', '2024-01-09 12:03:45', 1),
(1333, 1, 1, 2, 78, '0', '285119.3583', '0', 'Interest charge: Aji', '1704798225793429', '1704798225793429', '2023-12-29', '13', '2024-01-09 12:03:45', 1),
(1334, 5, 7, 4, 5, '0', '0', '285119.3583', 'Interest charge: Aji', '1704798225793429', '1704798225793429', '2023-12-29', '13', '2024-01-09 12:03:45', 1),
(1335, 1, 1, 2, 79, '0', '124833.333583', '0', 'Interest charge: Martha', '1704798225305250', '1704798225305250', '2023-12-29', '13', '2024-01-09 12:03:45', 1),
(1336, 5, 7, 4, 5, '0', '0', '124833.333583', 'Interest charge: Martha', '1704798225305250', '1704798225305250', '2023-12-29', '13', '2024-01-09 12:03:45', 1),
(1337, 1, 1, 2, 82, '0', '149800', '0', 'Interest charge: KENNETH', '1704798225997708', '1704798225997708', '2023-12-18', '13', '2024-01-09 12:03:45', 1),
(1338, 5, 7, 4, 5, '0', '0', '149800', 'Interest charge: KENNETH', '1704798225997708', '1704798225997708', '2023-12-18', '13', '2024-01-09 12:03:45', 1),
(1339, 1, 1, 2, 80, '0', '70000', '0', 'Interest charge: Folake', '1704798225306198', '1704798225306198', '2023-12-01', '13', '2024-01-09 12:03:45', 1),
(1340, 5, 7, 4, 5, '0', '0', '70000', 'Interest charge: Folake', '1704798225306198', '1704798225306198', '2023-12-01', '13', '2024-01-09 12:03:45', 1),
(1341, 1, 1, 2, 80, '0', '74900', '0', 'Interest charge: Folake', '1704798225649852', '1704798225649852', '2024-01-01', '13', '2024-01-09 12:03:45', 1),
(1342, 5, 7, 4, 5, '0', '0', '74900', 'Interest charge: Folake', '1704798225649852', '1704798225649852', '2024-01-01', '13', '2024-01-09 12:03:45', 1),
(1343, 1, 1, 2, 81, '0', '149800', '0', 'Interest charge: MARY', '1704798225349442', '1704798225349442', '2023-12-18', '13', '2024-01-09 12:03:45', 1),
(1344, 5, 7, 4, 5, '0', '0', '149800', 'Interest charge: MARY', '1704798225349442', '1704798225349442', '2023-12-18', '13', '2024-01-09 12:03:45', 1),
(1345, 1, 1, 2, 83, '0', '149800', '0', 'Interest charge: Chima', '1704798225383658', '1704798225383658', '2023-12-18', '13', '2024-01-09 12:03:45', 1),
(1346, 5, 7, 4, 5, '0', '0', '149800', 'Interest charge: Chima', '1704798225383658', '1704798225383658', '2023-12-18', '13', '2024-01-09 12:03:45', 1),
(1347, 1, 1, 2, 34, '0', '350000', '0', 'Interest charge: CHARLSE', '1704798226479170', '1704798226479170', '2023-12-09', '13', '2024-01-09 12:03:46', 1),
(1348, 5, 7, 4, 5, '0', '0', '350000', 'Interest charge: CHARLSE', '1704798226479170', '1704798226479170', '2023-12-09', '13', '2024-01-09 12:03:46', 1),
(1349, 1, 1, 2, 34, '0', '374500', '0', 'Interest charge: CHARLSE', '1704798226956957', '1704798226956957', '2024-01-09', '13', '2024-01-09 12:03:46', 1),
(1350, 5, 7, 4, 5, '0', '0', '374500', 'Interest charge: CHARLSE', '1704798226956957', '1704798226956957', '2024-01-09', '13', '2024-01-09 12:03:46', 1),
(1351, 1, 1, 2, 44, '0', '140000', '0', 'Interest charge: ALIYU', '1704798226937396', '1704798226937396', '2023-12-20', '13', '2024-01-09 12:03:46', 1),
(1352, 5, 7, 4, 5, '0', '0', '140000', 'Interest charge: ALIYU', '1704798226937396', '1704798226937396', '2023-12-20', '13', '2024-01-09 12:03:46', 1),
(1353, 1, 1, 2, 42, '0', '140000', '0', 'Interest charge: FROZEN FOODS', '1704798226543862', '1704798226543862', '2023-12-09', '13', '2024-01-09 12:03:46', 1),
(1354, 5, 7, 4, 5, '0', '0', '140000', 'Interest charge: FROZEN FOODS', '1704798226543862', '1704798226543862', '2023-12-09', '13', '2024-01-09 12:03:46', 1),
(1355, 1, 1, 2, 42, '0', '149800', '0', 'Interest charge: FROZEN FOODS', '1704798226730419', '1704798226730419', '2024-01-09', '13', '2024-01-09 12:03:46', 1),
(1356, 5, 7, 4, 5, '0', '0', '149800', 'Interest charge: FROZEN FOODS', '1704798226730419', '1704798226730419', '2024-01-09', '13', '2024-01-09 12:03:46', 1),
(1357, 1, 1, 2, 45, '0', '140000', '0', 'Interest charge: SANDRA', '1704798226216703', '1704798226216703', '2023-12-09', '13', '2024-01-09 12:03:46', 1),
(1358, 5, 7, 4, 5, '0', '0', '140000', 'Interest charge: SANDRA', '1704798226216703', '1704798226216703', '2023-12-09', '13', '2024-01-09 12:03:46', 1),
(1359, 1, 1, 2, 45, '0', '149800', '0', 'Interest charge: SANDRA', '1704798226354200', '1704798226354200', '2024-01-09', '13', '2024-01-09 12:03:46', 1),
(1360, 5, 7, 4, 5, '0', '0', '149800', 'Interest charge: SANDRA', '1704798226354200', '1704798226354200', '2024-01-09', '13', '2024-01-09 12:03:46', 1),
(1361, 1, 1, 2, 87, '0', '140000', '0', 'Interest charge: GLOBAL', '1704798226770847', '1704798226770847', '2023-12-20', '13', '2024-01-09 12:03:46', 1),
(1362, 5, 7, 4, 5, '0', '0', '140000', 'Interest charge: GLOBAL', '1704798226770847', '1704798226770847', '2023-12-20', '13', '2024-01-09 12:03:46', 1),
(1363, 1, 1, 2, 88, '0', '140000', '0', 'Interest charge: DANIEL', '1704798226118361', '1704798226118361', '2023-12-20', '13', '2024-01-09 12:03:46', 1),
(1364, 5, 7, 4, 5, '0', '0', '140000', 'Interest charge: DANIEL', '1704798226118361', '1704798226118361', '2023-12-20', '13', '2024-01-09 12:03:46', 1),
(1365, 1, 1, 2, 89, '0', '140000', '0', 'Interest charge: BRIDGET', '1704798226238476', '1704798226238476', '2023-12-20', '13', '2024-01-09 12:03:46', 1),
(1366, 5, 7, 4, 5, '0', '0', '140000', 'Interest charge: BRIDGET', '1704798226238476', '1704798226238476', '2023-12-20', '13', '2024-01-09 12:03:46', 1),
(1367, 1, 1, 2, 65, '0', '140000', '0', 'Interest charge: Okechukwu', '1704798226104992', '1704798226104992', '2023-12-23', '13', '2024-01-09 12:03:46', 1),
(1368, 5, 7, 4, 5, '0', '0', '140000', 'Interest charge: Okechukwu', '1704798226104992', '1704798226104992', '2023-12-23', '13', '2024-01-09 12:03:46', 1),
(1369, 1, 1, 2, 38, '0', '46025.843596267', '0', 'Interest charge: Kenneth', '1706607887859187', '1706607887859187', '2024-01-14', '13', '2024-01-30 10:44:47', 1),
(1370, 5, 7, 4, 5, '0', '0', '46025.843596267', 'Interest charge: Kenneth', '1706607887859187', '1706607887859187', '2024-01-14', '13', '2024-01-30 10:44:47', 1),
(1371, 1, 1, 2, 33, '0', '72421.106477344', '0', 'Interest charge: MOHAMMED', '1706607887845857', '1706607887845857', '2024-01-14', '13', '2024-01-30 10:44:47', 1),
(1372, 5, 7, 4, 5, '0', '0', '72421.106477344', 'Interest charge: MOHAMMED', '1706607887845857', '1706607887845857', '2024-01-14', '13', '2024-01-30 10:44:47', 1),
(1373, 1, 1, 2, 30, '0', '26768.707536621', '0', 'Interest charge: GLOBAL', '1706607887587456', '1706607887587456', '2024-01-14', '13', '2024-01-30 10:44:47', 1),
(1374, 5, 7, 4, 5, '0', '0', '26768.707536621', 'Interest charge: GLOBAL', '1706607887587456', '1706607887587456', '2024-01-14', '13', '2024-01-30 10:44:47', 1),
(1375, 1, 1, 2, 32, '0', '5121.1648000792', '0', 'Interest charge: CHIMA', '1706607887024847', '1706607887024847', '2024-01-14', '13', '2024-01-30 10:44:47', 1),
(1376, 5, 7, 4, 5, '0', '0', '5121.1648000792', 'Interest charge: CHIMA', '1706607887024847', '1706607887024847', '2024-01-14', '13', '2024-01-30 10:44:47', 1);
INSERT INTO `account_transactions` (`id`, `groupid`, `headid`, `subheadid`, `accountid`, `accountcode`, `debit`, `credit`, `remarks`, `ref`, `manual_ref`, `transdate`, `postby`, `createdat`, `is_trial`) VALUES
(1377, 1, 1, 2, 31, '0', '11705.901416016', '0', 'Interest charge: GOODLUCK', '1706607887065069', '1706607887065069', '2024-01-14', '13', '2024-01-30 10:44:47', 1),
(1378, 5, 7, 4, 5, '0', '0', '11705.901416016', 'Interest charge: GOODLUCK', '1706607887065069', '1706607887065069', '2024-01-14', '13', '2024-01-30 10:44:47', 1),
(1379, 1, 1, 2, 29, '0', '10242.057221588', '0', 'Interest charge: Anulika', '1706607887407379', '1706607887407379', '2024-01-25', '13', '2024-01-30 10:44:47', 1),
(1380, 5, 7, 4, 5, '0', '0', '10242.057221588', 'Interest charge: Anulika', '1706607887407379', '1706607887407379', '2024-01-25', '13', '2024-01-30 10:44:47', 1),
(1381, 1, 1, 2, 39, '0', '69988.681096267', '0', 'Interest charge: Nwamaka', '1706607887978093', '1706607887978093', '2024-01-14', '13', '2024-01-30 10:44:47', 1),
(1382, 5, 7, 4, 5, '0', '0', '69988.681096267', 'Interest charge: Nwamaka', '1706607887978093', '1706607887978093', '2024-01-14', '13', '2024-01-30 10:44:47', 1),
(1383, 1, 1, 2, 35, '0', '19218.737564947', '0', 'Interest charge: NATURAL', '1706607887011819', '1706607887011819', '2024-01-29', '13', '2024-01-30 10:44:47', 1),
(1384, 5, 7, 4, 5, '0', '0', '19218.737564947', 'Interest charge: NATURAL', '1706607887011819', '1706607887011819', '2024-01-29', '13', '2024-01-30 10:44:47', 1),
(1385, 1, 1, 2, 36, '0', '11654.282081088', '0', 'Interest charge: JOSEPHINE', '1706607887071801', '1706607887071801', '2024-01-29', '13', '2024-01-30 10:44:47', 1),
(1386, 5, 7, 4, 5, '0', '0', '11654.282081088', 'Interest charge: JOSEPHINE', '1706607887071801', '1706607887071801', '2024-01-29', '13', '2024-01-30 10:44:47', 1),
(1387, 1, 1, 2, 37, '0', '57628.740118359', '0', 'Interest charge: KENNETH', '1706607887971138', '1706607887971138', '2024-01-27', '13', '2024-01-30 10:44:47', 1),
(1388, 5, 7, 4, 5, '0', '0', '57628.740118359', 'Interest charge: KENNETH', '1706607887971138', '1706607887971138', '2024-01-27', '13', '2024-01-30 10:44:47', 1),
(1389, 1, 1, 2, 34, '0', '59619.35618543', '0', 'Interest charge: CHARLSE', '1706607887564567', '1706607887564567', '2024-01-27', '13', '2024-01-30 10:44:47', 1),
(1390, 5, 7, 4, 5, '0', '0', '59619.35618543', 'Interest charge: CHARLSE', '1706607887564567', '1706607887564567', '2024-01-27', '13', '2024-01-30 10:44:47', 1),
(1391, 1, 1, 2, 41, '0', '82155.651416016', '0', 'Interest charge: Malachy', '1706607887718181', '1706607887718181', '2024-01-27', '13', '2024-01-30 10:44:47', 1),
(1392, 5, 7, 4, 5, '0', '0', '82155.651416016', 'Interest charge: Malachy', '1706607887718181', '1706607887718181', '2024-01-27', '13', '2024-01-30 10:44:47', 1),
(1393, 1, 1, 2, 42, '0', '8827.7655965625', '0', 'Interest charge: FROZEN FOODS', '1706607887983406', '1706607887983406', '2024-01-29', '13', '2024-01-30 10:44:47', 1),
(1394, 5, 7, 4, 5, '0', '0', '8827.7655965625', 'Interest charge: FROZEN FOODS', '1706607887983406', '1706607887983406', '2024-01-29', '13', '2024-01-30 10:44:47', 1),
(1395, 1, 1, 2, 43, '0', '45729.667265625', '0', 'Interest charge: NIMOTA', '1706607887392235', '1706607887392235', '2024-01-11', '13', '2024-01-30 10:44:47', 1),
(1396, 5, 7, 4, 5, '0', '0', '45729.667265625', 'Interest charge: NIMOTA', '1706607887392235', '1706607887392235', '2024-01-11', '13', '2024-01-30 10:44:47', 1),
(1397, 1, 1, 2, 45, '0', '7543.923515625', '0', 'Interest charge: SANDRA', '1706607887149886', '1706607887149886', '2024-01-11', '13', '2024-01-30 10:44:47', 1),
(1398, 5, 7, 4, 5, '0', '0', '7543.923515625', 'Interest charge: SANDRA', '1706607887149886', '1706607887149886', '2024-01-11', '13', '2024-01-30 10:44:47', 1),
(1399, 1, 1, 2, 44, '0', '25954.308331875', '0', 'Interest charge: ALIYU', '1706607887718226', '1706607887718226', '2024-01-11', '13', '2024-01-30 10:44:47', 1),
(1400, 5, 7, 4, 5, '0', '0', '25954.308331875', 'Interest charge: ALIYU', '1706607887718226', '1706607887718226', '2024-01-11', '13', '2024-01-30 10:44:47', 1),
(1401, 1, 1, 2, 46, '0', '64167.587859375', '0', 'Interest charge: FRIDAY', '1706607887235543', '1706607887235543', '2024-01-11', '13', '2024-01-30 10:44:47', 1),
(1402, 5, 7, 4, 5, '0', '0', '64167.587859375', 'Interest charge: FRIDAY', '1706607887235543', '1706607887235543', '2024-01-11', '13', '2024-01-30 10:44:47', 1),
(1403, 1, 1, 2, 49, '0', '35177.510566406', '0', 'Interest charge: CATO', '1706607887125565', '1706607887125565', '2024-01-20', '13', '2024-01-30 10:44:47', 1),
(1404, 5, 7, 4, 5, '0', '0', '35177.510566406', 'Interest charge: CATO', '1706607887125565', '1706607887125565', '2024-01-20', '13', '2024-01-30 10:44:47', 1),
(1405, 1, 1, 2, 50, '0', '91508.664515625', '0', 'Interest charge: Integrated enterprises', '1706607887219015', '1706607887219015', '2024-01-20', '13', '2024-01-30 10:44:47', 1),
(1406, 5, 7, 4, 5, '0', '0', '91508.664515625', 'Interest charge: Integrated enterprises', '1706607887219015', '1706607887219015', '2024-01-20', '13', '2024-01-30 10:44:47', 1),
(1407, 1, 1, 2, 52, '0', '68352.325252312', '0', 'Interest charge: VENTURE', '1706607887212166', '1706607887212166', '2024-01-20', '13', '2024-01-30 10:44:47', 1),
(1408, 5, 7, 4, 5, '0', '0', '68352.325252312', 'Interest charge: VENTURE', '1706607887212166', '1706607887212166', '2024-01-20', '13', '2024-01-30 10:44:47', 1),
(1409, 1, 1, 2, 51, '0', '107468.07802486', '0', 'Interest charge: Friday', '1706607887421271', '1706607887421271', '2024-01-24', '13', '2024-01-30 10:44:47', 1),
(1410, 5, 7, 4, 5, '0', '0', '107468.07802486', 'Interest charge: Friday', '1706607887421271', '1706607887421271', '2024-01-24', '13', '2024-01-30 10:44:47', 1),
(1411, 1, 1, 2, 62, '0', '80130.979752145', '0', 'Interest charge: MARK', '1706607887624023', '1706607887624023', '2024-01-24', '13', '2024-01-30 10:44:47', 1),
(1412, 5, 7, 4, 5, '0', '0', '80130.979752145', 'Interest charge: MARK', '1706607887624023', '1706607887624023', '2024-01-24', '13', '2024-01-30 10:44:47', 1),
(1413, 1, 1, 2, 63, '0', '62011.401004717', '0', 'Interest charge: IBRAHIM', '1706607887112103', '1706607887112103', '2024-01-24', '13', '2024-01-30 10:44:47', 1),
(1414, 5, 7, 4, 5, '0', '0', '62011.401004717', 'Interest charge: IBRAHIM', '1706607887112103', '1706607887112103', '2024-01-24', '13', '2024-01-30 10:44:47', 1),
(1415, 1, 1, 2, 65, '0', '140642.31115886', '0', 'Interest charge: Okechukwu', '1706607887301951', '1706607887301951', '2024-01-24', '13', '2024-01-30 10:44:47', 1),
(1416, 5, 7, 4, 5, '0', '0', '140642.31115886', 'Interest charge: Okechukwu', '1706607887301951', '1706607887301951', '2024-01-24', '13', '2024-01-30 10:44:47', 1),
(1417, 1, 1, 2, 69, '0', '45877.86035', '0', 'Interest charge: Osi', '1706607887530588', '1706607887530588', '2024-01-30', '13', '2024-01-30 10:44:47', 1),
(1418, 5, 7, 4, 5, '0', '0', '45877.86035', 'Interest charge: Osi', '1706607887530588', '1706607887530588', '2024-01-30', '13', '2024-01-30 10:44:47', 1),
(1419, 1, 1, 2, 70, '0', '54753.6976', '0', 'Interest charge: Ephraim', '1706607887925309', '1706607887925309', '2024-01-30', '13', '2024-01-30 10:44:47', 1),
(1420, 5, 7, 4, 5, '0', '0', '54753.6976', 'Interest charge: Ephraim', '1706607887925309', '1706607887925309', '2024-01-30', '13', '2024-01-30 10:44:47', 1),
(1421, 1, 1, 2, 71, '0', '133571.93381', '0', 'Interest charge: INTEGRATED SERVICES', '1706607887488515', '1706607887488515', '2024-01-11', '13', '2024-01-30 10:44:47', 1),
(1422, 5, 7, 4, 5, '0', '0', '133571.93381', 'Interest charge: INTEGRATED SERVICES', '1706607887488515', '1706607887488515', '2024-01-11', '13', '2024-01-30 10:44:47', 1),
(1423, 1, 1, 2, 74, '0', '290367.05995898', '0', 'Interest charge: PAUL', '1706607887636822', '1706607887636822', '2024-01-30', '13', '2024-01-30 10:44:47', 1),
(1424, 5, 7, 4, 5, '0', '0', '290367.05995898', 'Interest charge: PAUL', '1706607887636822', '1706607887636822', '2024-01-30', '13', '2024-01-30 10:44:47', 1),
(1425, 1, 1, 2, 72, '0', '136048.36', '0', 'Interest charge: COMPANY', '1706607887935545', '1706607887935545', '2024-01-29', '13', '2024-01-30 10:44:47', 1),
(1426, 5, 7, 4, 5, '0', '0', '136048.36', 'Interest charge: COMPANY', '1706607887935545', '1706607887935545', '2024-01-29', '13', '2024-01-30 10:44:47', 1),
(1427, 1, 1, 2, 75, '0', '106857.33361918', '0', 'Interest charge: WILSON', '1706607887221324', '1706607887221324', '2024-01-30', '13', '2024-01-30 10:44:47', 1),
(1428, 5, 7, 4, 5, '0', '0', '106857.33361918', 'Interest charge: WILSON', '1706607887221324', '1706607887221324', '2024-01-30', '13', '2024-01-30 10:44:47', 1),
(1429, 1, 1, 2, 78, '0', '305077.713381', '0', 'Interest charge: Aji', '1706607887568586', '1706607887568586', '2024-01-29', '13', '2024-01-30 10:44:47', 1),
(1430, 5, 7, 4, 5, '0', '0', '305077.713381', 'Interest charge: Aji', '1706607887568586', '1706607887568586', '2024-01-29', '13', '2024-01-30 10:44:47', 1),
(1431, 1, 1, 2, 79, '0', '133571.66693381', '0', 'Interest charge: Martha', '1706607887744645', '1706607887744645', '2024-01-29', '13', '2024-01-30 10:44:47', 1),
(1432, 5, 7, 4, 5, '0', '0', '133571.66693381', 'Interest charge: Martha', '1706607887744645', '1706607887744645', '2024-01-29', '13', '2024-01-30 10:44:47', 1),
(1433, 1, 1, 2, 82, '0', '160286', '0', 'Interest charge: KENNETH', '1706607888640603', '1706607888640603', '2024-01-18', '13', '2024-01-30 10:44:48', 1),
(1434, 5, 7, 4, 5, '0', '0', '160286', 'Interest charge: KENNETH', '1706607888640603', '1706607888640603', '2024-01-18', '13', '2024-01-30 10:44:48', 1),
(1435, 1, 1, 2, 81, '0', '160286', '0', 'Interest charge: MARY', '1706607888743072', '1706607888743072', '2024-01-18', '13', '2024-01-30 10:44:48', 1),
(1436, 5, 7, 4, 5, '0', '0', '160286', 'Interest charge: MARY', '1706607888743072', '1706607888743072', '2024-01-18', '13', '2024-01-30 10:44:48', 1),
(1437, 1, 1, 2, 83, '0', '160286', '0', 'Interest charge: Chima', '1706607888992772', '1706607888992772', '2024-01-18', '13', '2024-01-30 10:44:48', 1),
(1438, 5, 7, 4, 5, '0', '0', '160286', 'Interest charge: Chima', '1706607888992772', '1706607888992772', '2024-01-18', '13', '2024-01-30 10:44:48', 1),
(1439, 1, 1, 2, 44, '0', '149800', '0', 'Interest charge: ALIYU', '1706607888030261', '1706607888030261', '2024-01-20', '13', '2024-01-30 10:44:48', 1),
(1440, 5, 7, 4, 5, '0', '0', '149800', 'Interest charge: ALIYU', '1706607888030261', '1706607888030261', '2024-01-20', '13', '2024-01-30 10:44:48', 1),
(1441, 1, 1, 2, 87, '0', '149800', '0', 'Interest charge: GLOBAL', '1706607888124552', '1706607888124552', '2024-01-20', '13', '2024-01-30 10:44:48', 1),
(1442, 5, 7, 4, 5, '0', '0', '149800', 'Interest charge: GLOBAL', '1706607888124552', '1706607888124552', '2024-01-20', '13', '2024-01-30 10:44:48', 1),
(1443, 1, 1, 2, 88, '0', '149800', '0', 'Interest charge: DANIEL', '1706607888701467', '1706607888701467', '2024-01-20', '13', '2024-01-30 10:44:48', 1),
(1444, 5, 7, 4, 5, '0', '0', '149800', 'Interest charge: DANIEL', '1706607888701467', '1706607888701467', '2024-01-20', '13', '2024-01-30 10:44:48', 1),
(1445, 1, 1, 2, 89, '0', '149800', '0', 'Interest charge: BRIDGET', '1706607888441103', '1706607888441103', '2024-01-20', '13', '2024-01-30 10:44:48', 1),
(1446, 5, 7, 4, 5, '0', '0', '149800', 'Interest charge: BRIDGET', '1706607888441103', '1706607888441103', '2024-01-20', '13', '2024-01-30 10:44:48', 1),
(1447, 1, 1, 2, 65, '0', '149800', '0', 'Interest charge: Okechukwu', '1706607888944237', '1706607888944237', '2024-01-23', '13', '2024-01-30 10:44:48', 1),
(1448, 5, 7, 4, 5, '0', '0', '149800', 'Interest charge: Okechukwu', '1706607888944237', '1706607888944237', '2024-01-23', '13', '2024-01-30 10:44:48', 1),
(1449, 1, 1, 2, 80, '0', '80143', '0', 'Interest charge: Folake', '1706778159163057', '1706778159163057', '2024-02-01', '13', '2024-02-01 10:02:39', 1),
(1450, 5, 7, 4, 5, '0', '0', '80143', 'Interest charge: Folake', '1706778159163057', '1706778159163057', '2024-02-01', '13', '2024-02-01 10:02:39', 1),
(1451, 1, 1, 2, 73, '0', '183511.4414', '0', 'Interest charge: golden fashions business', '1706956808255082', '1706956808255082', '2024-02-03', '13', '2024-02-03 11:40:08', 1),
(1452, 5, 7, 4, 5, '0', '0', '183511.4414', 'Interest charge: golden fashions business', '1706956808255082', '1706956808255082', '2024-02-03', '13', '2024-02-03 11:40:08', 1),
(1453, 1, 1, 3, 1, '0', '331.28', '0', 'saytech 1Opening Balance', '1707295728982907', '1707295728982907', '2024-02-07', '13', '2024-02-07 09:48:48', 1),
(1454, 1, 1, 2, 306, '7032204422', '0', '331.28', 'saytech 1Opening Balance', '1707295728982907', '1707295728982907', '2024-02-07', '13', '2024-02-07 09:48:48', 1),
(1455, 1, 1, 3, 1, '0', '2999.00', '0', 'xchangeboxOpening Balance', '1707295728008123', '1707295728008123', '2024-02-07', '13', '2024-02-07 09:48:48', 1),
(1456, 1, 1, 2, 307, '8143891107', '0', '2999.00', 'xchangeboxOpening Balance', '1707295728008123', '1707295728008123', '2024-02-07', '13', '2024-02-07 09:48:48', 1),
(1457, 1, 1, 3, 1, '0', '34933.60', '0', 'danlitiOpening Balance', '1707295728110821', '1707295728110821', '2024-02-07', '13', '2024-02-07 09:48:48', 1),
(1458, 1, 1, 2, 308, '8052712266', '0', '34933.60', 'danlitiOpening Balance', '1707295728110821', '1707295728110821', '2024-02-07', '13', '2024-02-07 09:48:48', 1),
(1459, 1, 1, 3, 1, '0', '530.24', '0', 'test accountsOpening Balance', '1707295728861833', '1707295728861833', '2024-02-07', '13', '2024-02-07 09:48:48', 1),
(1460, 1, 1, 2, 309, '9091538672', '0', '530.24', 'test accountsOpening Balance', '1707295728861833', '1707295728861833', '2024-02-07', '13', '2024-02-07 09:48:48', 1),
(1461, 1, 1, 3, 1, '0', '0', '0', 'Abdulazeez_Kishimi_Opening Balance', '1707295728635104', '1707295728635104', '2024-02-07', '13', '2024-02-07 09:48:48', 1),
(1462, 1, 1, 2, 310, '7039074656', '0', '0', 'Abdulazeez_Kishimi_Opening Balance', '1707295728635104', '1707295728635104', '2024-02-07', '13', '2024-02-07 09:48:48', 1),
(1463, 1, 1, 3, 1, '0', '0', '0', 'Almustapha_Ibrahim_BawaOpening Balance', '1707295728580112', '1707295728580112', '2024-02-07', '13', '2024-02-07 09:48:48', 1),
(1464, 1, 1, 2, 311, '7051269073', '0', '0', 'Almustapha_Ibrahim_BawaOpening Balance', '1707295728580112', '1707295728580112', '2024-02-07', '13', '2024-02-07 09:48:48', 1),
(1465, 1, 1, 3, 1, '0', '0', '0', 'Victor_Adagba_Opening Balance', '1707295728302950', '1707295728302950', '2024-02-07', '13', '2024-02-07 09:48:48', 1),
(1466, 1, 1, 2, 312, '8062936027', '0', '0', 'Victor_Adagba_Opening Balance', '1707295728302950', '1707295728302950', '2024-02-07', '13', '2024-02-07 09:48:48', 1),
(1467, 1, 1, 3, 1, '0', '0', '0', 'Blessing_Agada_AnulikaOpening Balance', '1707295728629776', '1707295728629776', '2024-02-07', '13', '2024-02-07 09:48:48', 1),
(1468, 1, 1, 2, 313, '7066016358', '0', '0', 'Blessing_Agada_AnulikaOpening Balance', '1707295728629776', '1707295728629776', '2024-02-07', '13', '2024-02-07 09:48:48', 1),
(1469, 1, 1, 3, 1, '0', '0', '0', 'Abdulrahman_Umarkoko_Opening Balance', '1707295728598520', '1707295728598520', '2024-02-07', '13', '2024-02-07 09:48:48', 1),
(1470, 1, 1, 2, 314, '9083846494', '0', '0', 'Abdulrahman_Umarkoko_Opening Balance', '1707295728598520', '1707295728598520', '2024-02-07', '13', '2024-02-07 09:48:48', 1),
(1471, 1, 1, 3, 1, '0', '1301.90', '0', 'OBUJE GENERAL MERCHANTOpening Balance', '1707295728229616', '1707295728229616', '2024-02-07', '13', '2024-02-07 09:48:48', 1),
(1472, 1, 1, 2, 315, '8140054444', '0', '1301.90', 'OBUJE GENERAL MERCHANTOpening Balance', '1707295728229616', '1707295728229616', '2024-02-07', '13', '2024-02-07 09:48:48', 1),
(1473, 1, 1, 3, 1, '0', '0', '0', 'Hasan_Khamis_Opening Balance', '1707295728706473', '1707295728706473', '2024-02-07', '13', '2024-02-07 09:48:48', 1),
(1474, 1, 1, 2, 316, '8069626819', '0', '0', 'Hasan_Khamis_Opening Balance', '1707295728706473', '1707295728706473', '2024-02-07', '13', '2024-02-07 09:48:48', 1),
(1475, 1, 1, 3, 1, '0', '1959.00', '0', 'Charlyx_Group_Opening Balance', '1707295728239468', '1707295728239468', '2024-02-07', '13', '2024-02-07 09:48:48', 1),
(1476, 1, 1, 2, 317, '7084412621', '0', '1959.00', 'Charlyx_Group_Opening Balance', '1707295728239468', '1707295728239468', '2024-02-07', '13', '2024-02-07 09:48:48', 1),
(1477, 1, 1, 3, 1, '0', '378.97', '0', 'Aminu_Abubakar_Opening Balance', '1707295728164430', '1707295728164430', '2024-02-07', '13', '2024-02-07 09:48:48', 1),
(1478, 1, 1, 2, 318, '8038240223', '0', '378.97', 'Aminu_Abubakar_Opening Balance', '1707295728164430', '1707295728164430', '2024-02-07', '13', '2024-02-07 09:48:48', 1),
(1479, 1, 1, 3, 1, '0', '0', '0', 'SAMMY_AND REGY_ENTERPRISEOpening Balance', '1707295728223687', '1707295728223687', '2024-02-07', '13', '2024-02-07 09:48:48', 1),
(1480, 1, 1, 2, 319, '9054921501', '0', '0', 'SAMMY_AND REGY_ENTERPRISEOpening Balance', '1707295728223687', '1707295728223687', '2024-02-07', '13', '2024-02-07 09:48:48', 1),
(1481, 1, 1, 3, 1, '0', '0', '0', 'Roseline_Urama_UramaOpening Balance', '1707295728942740', '1707295728942740', '2024-02-07', '13', '2024-02-07 09:48:48', 1),
(1482, 1, 1, 2, 320, '7039086469', '0', '0', 'Roseline_Urama_UramaOpening Balance', '1707295728942740', '1707295728942740', '2024-02-07', '13', '2024-02-07 09:48:48', 1),
(1483, 1, 1, 3, 1, '0', '729.66', '0', 'Aliyu_Shehu_AliyuOpening Balance', '1707295728620124', '1707295728620124', '2024-02-07', '13', '2024-02-07 09:48:48', 1),
(1484, 1, 1, 2, 321, '8038637516', '0', '729.66', 'Aliyu_Shehu_AliyuOpening Balance', '1707295728620124', '1707295728620124', '2024-02-07', '13', '2024-02-07 09:48:48', 1),
(1485, 1, 1, 3, 1, '0', '0', '0', 'ZAI_Dauda Kure_Opening Balance', '1707295728972144', '1707295728972144', '2024-02-07', '13', '2024-02-07 09:48:48', 1),
(1486, 1, 1, 2, 322, '7034675482', '0', '0', 'ZAI_Dauda Kure_Opening Balance', '1707295728972144', '1707295728972144', '2024-02-07', '13', '2024-02-07 09:48:48', 1),
(1487, 1, 1, 3, 1, '0', '0', '0', 'Nazifi_Bala_Opening Balance', '1707295728682807', '1707295728682807', '2024-02-07', '13', '2024-02-07 09:48:48', 1),
(1488, 1, 1, 2, 323, '8063813434', '0', '0', 'Nazifi_Bala_Opening Balance', '1707295728682807', '1707295728682807', '2024-02-07', '13', '2024-02-07 09:48:48', 1),
(1489, 1, 1, 3, 1, '0', '439.25', '0', 'Aminu_kano_Opening Balance', '1707295728979221', '1707295728979221', '2024-02-07', '13', '2024-02-07 09:48:48', 1),
(1490, 1, 1, 2, 324, '7057711669', '0', '439.25', 'Aminu_kano_Opening Balance', '1707295728979221', '1707295728979221', '2024-02-07', '13', '2024-02-07 09:48:48', 1),
(1491, 1, 1, 3, 1, '0', '38839.24', '0', 'Adam_surajo_Opening Balance', '1707295728404115', '1707295728404115', '2024-02-07', '13', '2024-02-07 09:48:48', 1),
(1492, 1, 1, 2, 325, '8164932279', '0', '38839.24', 'Adam_surajo_Opening Balance', '1707295728404115', '1707295728404115', '2024-02-07', '13', '2024-02-07 09:48:48', 1),
(1493, 1, 1, 3, 1, '0', '0.96', '0', 'D_B_C SERVICES Opening Balance', '1707295728682646', '1707295728682646', '2024-02-07', '13', '2024-02-07 09:48:48', 1),
(1494, 1, 1, 2, 326, '7030843030', '0', '0.96', 'D_B_C SERVICES Opening Balance', '1707295728682646', '1707295728682646', '2024-02-07', '13', '2024-02-07 09:48:48', 1),
(1495, 1, 1, 3, 1, '0', '65.60', '0', 'Nuhu_Hamisu_Opening Balance', '1707295728265120', '1707295728265120', '2024-02-07', '13', '2024-02-07 09:48:48', 1),
(1496, 1, 1, 2, 327, '8133460642', '0', '65.60', 'Nuhu_Hamisu_Opening Balance', '1707295728265120', '1707295728265120', '2024-02-07', '13', '2024-02-07 09:48:48', 1),
(1497, 1, 1, 3, 1, '0', '0', '0', 'Babangida_Yahaya_DanladiOpening Balance', '1707295728744472', '1707295728744472', '2024-02-07', '13', '2024-02-07 09:48:48', 1),
(1498, 1, 1, 2, 328, '8100949442', '0', '0', 'Babangida_Yahaya_DanladiOpening Balance', '1707295728744472', '1707295728744472', '2024-02-07', '13', '2024-02-07 09:48:48', 1),
(1499, 1, 1, 3, 1, '0', '0', '0', 'Kabiru_Sani_Opening Balance', '1707295728549396', '1707295728549396', '2024-02-07', '13', '2024-02-07 09:48:48', 1),
(1500, 1, 1, 2, 329, '8034581414', '0', '0', 'Kabiru_Sani_Opening Balance', '1707295728549396', '1707295728549396', '2024-02-07', '13', '2024-02-07 09:48:48', 1),
(1501, 1, 1, 3, 1, '0', '89.00', '0', 'Jamilu_Sani_Opening Balance', '1707295728205438', '1707295728205438', '2024-02-07', '13', '2024-02-07 09:48:48', 1),
(1502, 1, 1, 2, 330, '8160921413', '0', '89.00', 'Jamilu_Sani_Opening Balance', '1707295728205438', '1707295728205438', '2024-02-07', '13', '2024-02-07 09:48:48', 1),
(1503, 1, 1, 3, 1, '0', '0', '0', 'Haruna_Adam_KhalifaOpening Balance', '1707295728856408', '1707295728856408', '2024-02-07', '13', '2024-02-07 09:48:48', 1),
(1504, 1, 1, 2, 331, '8165472625', '0', '0', 'Haruna_Adam_KhalifaOpening Balance', '1707295728856408', '1707295728856408', '2024-02-07', '13', '2024-02-07 09:48:48', 1),
(1505, 1, 1, 3, 1, '0', '16676.35', '0', 'Damilola_Adeyemo_Opening Balance', '1707295728256924', '1707295728256924', '2024-02-07', '13', '2024-02-07 09:48:48', 1),
(1506, 1, 1, 2, 332, '8098470891', '0', '16676.35', 'Damilola_Adeyemo_Opening Balance', '1707295728256924', '1707295728256924', '2024-02-07', '13', '2024-02-07 09:48:48', 1),
(1507, 1, 1, 3, 1, '0', '0', '0', 'Usman_Modibbo_AhmadOpening Balance', '1707295728889132', '1707295728889132', '2024-02-07', '13', '2024-02-07 09:48:48', 1),
(1508, 1, 1, 2, 333, '8063596935', '0', '0', 'Usman_Modibbo_AhmadOpening Balance', '1707295728889132', '1707295728889132', '2024-02-07', '13', '2024-02-07 09:48:48', 1),
(1509, 1, 1, 3, 1, '0', '0', '0', 'Michael_Balogun_BalogunOpening Balance', '1707295728753480', '1707295728753480', '2024-02-07', '13', '2024-02-07 09:48:48', 1),
(1510, 1, 1, 2, 334, '8035351058', '0', '0', 'Michael_Balogun_BalogunOpening Balance', '1707295728753480', '1707295728753480', '2024-02-07', '13', '2024-02-07 09:48:48', 1),
(1511, 1, 1, 3, 1, '0', '645.00', '0', 'Mahmud_Muhammad_RabiuOpening Balance', '1707295728562109', '1707295728562109', '2024-02-07', '13', '2024-02-07 09:48:48', 1),
(1512, 1, 1, 2, 335, '8038024928', '0', '645.00', 'Mahmud_Muhammad_RabiuOpening Balance', '1707295728562109', '1707295728562109', '2024-02-07', '13', '2024-02-07 09:48:48', 1),
(1513, 1, 1, 3, 1, '0', '0', '0', 'Chika_Okoye_Opening Balance', '1707295728454709', '1707295728454709', '2024-02-07', '13', '2024-02-07 09:48:48', 1),
(1514, 1, 1, 2, 336, '8038362520', '0', '0', 'Chika_Okoye_Opening Balance', '1707295728454709', '1707295728454709', '2024-02-07', '13', '2024-02-07 09:48:48', 1),
(1515, 1, 1, 3, 1, '0', '79.75', '0', 'Mary_Obasi_CynthiaOpening Balance', '1707295728156454', '1707295728156454', '2024-02-07', '13', '2024-02-07 09:48:48', 1),
(1516, 1, 1, 2, 337, '8035814577', '0', '79.75', 'Mary_Obasi_CynthiaOpening Balance', '1707295728156454', '1707295728156454', '2024-02-07', '13', '2024-02-07 09:48:48', 1),
(1517, 1, 1, 3, 1, '0', '19.73', '0', 'Yakubu_Babangida_Opening Balance', '1707295728197714', '1707295728197714', '2024-02-07', '13', '2024-02-07 09:48:48', 1),
(1518, 1, 1, 2, 338, '7038462079', '0', '19.73', 'Yakubu_Babangida_Opening Balance', '1707295728197714', '1707295728197714', '2024-02-07', '13', '2024-02-07 09:48:48', 1),
(1519, 1, 1, 3, 1, '0', '0', '0', 'Olusegun_Omotosho_SeunOpening Balance', '1707295728326679', '1707295728326679', '2024-02-07', '13', '2024-02-07 09:48:48', 1),
(1520, 1, 1, 2, 339, '8034483401', '0', '0', 'Olusegun_Omotosho_SeunOpening Balance', '1707295728326679', '1707295728326679', '2024-02-07', '13', '2024-02-07 09:48:48', 1),
(1521, 1, 1, 3, 1, '0', '33967.00', '0', 'John_Amahundu_AondonaOpening Balance', '1707295728073449', '1707295728073449', '2024-02-07', '13', '2024-02-07 09:48:48', 1),
(1522, 1, 1, 2, 340, '8077205732', '0', '33967.00', 'John_Amahundu_AondonaOpening Balance', '1707295728073449', '1707295728073449', '2024-02-07', '13', '2024-02-07 09:48:48', 1),
(1523, 1, 1, 3, 1, '0', '44.12', '0', 'Sandra_Aiyegbeni_OsasOpening Balance', '1707295728095686', '1707295728095686', '2024-02-07', '13', '2024-02-07 09:48:48', 1),
(1524, 1, 1, 2, 341, '7063860821', '0', '44.12', 'Sandra_Aiyegbeni_OsasOpening Balance', '1707295728095686', '1707295728095686', '2024-02-07', '13', '2024-02-07 09:48:48', 1),
(1525, 1, 1, 3, 1, '0', '0', '0', 'Adebayo_Alaile_ChrisOpening Balance', '1707295728782905', '1707295728782905', '2024-02-07', '13', '2024-02-07 09:48:48', 1),
(1526, 1, 1, 2, 342, '7068477888', '0', '0', 'Adebayo_Alaile_ChrisOpening Balance', '1707295728782905', '1707295728782905', '2024-02-07', '13', '2024-02-07 09:48:48', 1),
(1527, 1, 1, 3, 1, '0', '46.13', '0', 'Yakubu O_Babangida_Opening Balance', '1707295728813078', '1707295728813078', '2024-02-07', '13', '2024-02-07 09:48:48', 1),
(1528, 1, 1, 2, 343, '8097125455', '0', '46.13', 'Yakubu O_Babangida_Opening Balance', '1707295728813078', '1707295728813078', '2024-02-07', '13', '2024-02-07 09:48:48', 1),
(1529, 1, 1, 3, 1, '0', '0', '0', 'MAYOWA_OBALISA_Opening Balance', '1707295728073046', '1707295728073046', '2024-02-07', '13', '2024-02-07 09:48:48', 1),
(1530, 1, 1, 2, 344, '8036863704', '0', '0', 'MAYOWA_OBALISA_Opening Balance', '1707295728073046', '1707295728073046', '2024-02-07', '13', '2024-02-07 09:48:48', 1),
(1531, 1, 1, 3, 1, '0', '2.30', '0', 'Chioma_Florence_Opening Balance', '1707295728923805', '1707295728923805', '2024-02-07', '13', '2024-02-07 09:48:48', 1),
(1532, 1, 1, 2, 345, '8036139558', '0', '2.30', 'Chioma_Florence_Opening Balance', '1707295728923805', '1707295728923805', '2024-02-07', '13', '2024-02-07 09:48:48', 1),
(1533, 1, 1, 3, 1, '0', '70.00', '0', 'FLORENCE_ULAKA_Opening Balance', '1707295728210716', '1707295728210716', '2024-02-07', '13', '2024-02-07 09:48:48', 1),
(1534, 1, 1, 2, 346, '8067713828', '0', '70.00', 'FLORENCE_ULAKA_Opening Balance', '1707295728210716', '1707295728210716', '2024-02-07', '13', '2024-02-07 09:48:48', 1),
(1535, 1, 1, 3, 1, '0', '18929.00', '0', 'HASSAN_OMALE_MUHAMMEDOpening Balance', '1707295728893009', '1707295728893009', '2024-02-07', '13', '2024-02-07 09:48:48', 1),
(1536, 1, 1, 2, 347, '8063505018', '0', '18929.00', 'HASSAN_OMALE_MUHAMMEDOpening Balance', '1707295728893009', '1707295728893009', '2024-02-07', '13', '2024-02-07 09:48:48', 1),
(1537, 1, 1, 3, 1, '0', '847.83', '0', 'Adedotun_Adeyemi_AdewumiOpening Balance', '1707295728599972', '1707295728599972', '2024-02-07', '13', '2024-02-07 09:48:48', 1),
(1538, 1, 1, 2, 348, '8060366168', '0', '847.83', 'Adedotun_Adeyemi_AdewumiOpening Balance', '1707295728599972', '1707295728599972', '2024-02-07', '13', '2024-02-07 09:48:48', 1),
(1539, 1, 1, 3, 1, '0', '167.06', '0', 'Chigoziri_Ucheaga_DanielOpening Balance', '1707295728468230', '1707295728468230', '2024-02-07', '13', '2024-02-07 09:48:48', 1),
(1540, 1, 1, 2, 349, '8071524680', '0', '167.06', 'Chigoziri_Ucheaga_DanielOpening Balance', '1707295728468230', '1707295728468230', '2024-02-07', '13', '2024-02-07 09:48:48', 1),
(1541, 1, 1, 3, 1, '0', '87.76', '0', 'Mustapha_Ahmed_Opening Balance', '1707295728039229', '1707295728039229', '2024-02-07', '13', '2024-02-07 09:48:48', 1),
(1542, 1, 1, 2, 350, '8037686184', '0', '87.76', 'Mustapha_Ahmed_Opening Balance', '1707295728039229', '1707295728039229', '2024-02-07', '13', '2024-02-07 09:48:48', 1),
(1543, 1, 1, 3, 1, '0', '194.00', '0', 'Jude_Oparandu_OparanduOpening Balance', '1707295728748693', '1707295728748693', '2024-02-07', '13', '2024-02-07 09:48:48', 1),
(1544, 1, 1, 2, 351, '9020719671', '0', '194.00', 'Jude_Oparandu_OparanduOpening Balance', '1707295728748693', '1707295728748693', '2024-02-07', '13', '2024-02-07 09:48:48', 1),
(1545, 1, 1, 3, 1, '0', '3550.00', '0', 'Emmanuel azodo_Azodo_EmmanuelOpening Balance', '1707295728984160', '1707295728984160', '2024-02-07', '13', '2024-02-07 09:48:48', 1),
(1546, 1, 1, 2, 352, '8033942962', '0', '3550.00', 'Emmanuel azodo_Azodo_EmmanuelOpening Balance', '1707295728984160', '1707295728984160', '2024-02-07', '13', '2024-02-07 09:48:48', 1),
(1547, 1, 1, 3, 1, '0', '49.11', '0', 'Esther_Irri_OghoghozinoOpening Balance', '1707295728876355', '1707295728876355', '2024-02-07', '13', '2024-02-07 09:48:48', 1),
(1548, 1, 1, 2, 353, '8120909445', '0', '49.11', 'Esther_Irri_OghoghozinoOpening Balance', '1707295728876355', '1707295728876355', '2024-02-07', '13', '2024-02-07 09:48:48', 1),
(1549, 1, 1, 3, 1, '0', '76634.50', '0', 'Osita_Idike_LivinusOpening Balance', '1707295728052845', '1707295728052845', '2024-02-07', '13', '2024-02-07 09:48:48', 1),
(1550, 1, 1, 2, 354, '7067290609', '0', '76634.50', 'Osita_Idike_LivinusOpening Balance', '1707295728052845', '1707295728052845', '2024-02-07', '13', '2024-02-07 09:48:48', 1),
(1551, 1, 1, 3, 1, '0', '0', '0', 'Zakabude_Omoluabi_DestinyOpening Balance', '1707295728332557', '1707295728332557', '2024-02-07', '13', '2024-02-07 09:48:48', 1),
(1552, 1, 1, 2, 355, '7069375744', '0', '0', 'Zakabude_Omoluabi_DestinyOpening Balance', '1707295728332557', '1707295728332557', '2024-02-07', '13', '2024-02-07 09:48:48', 1),
(1553, 1, 1, 3, 1, '0', '0', '0', 'Adegboyega_Lawal_LawalOpening Balance', '1707295728970067', '1707295728970067', '2024-02-07', '13', '2024-02-07 09:48:48', 1),
(1554, 1, 1, 2, 356, '7063643706', '0', '0', 'Adegboyega_Lawal_LawalOpening Balance', '1707295728970067', '1707295728970067', '2024-02-07', '13', '2024-02-07 09:48:48', 1),
(1555, 1, 1, 3, 1, '0', '106409.01', '0', 'YUSUF_YAHAYA_DEENOpening Balance', '1707295728050572', '1707295728050572', '2024-02-07', '13', '2024-02-07 09:48:48', 1),
(1556, 1, 1, 2, 357, '8036205356', '0', '106409.01', 'YUSUF_YAHAYA_DEENOpening Balance', '1707295728050572', '1707295728050572', '2024-02-07', '13', '2024-02-07 09:48:48', 1),
(1557, 1, 1, 3, 1, '0', '325.23', '0', 'Joshua_Andrew_Opening Balance', '1707295728222244', '1707295728222244', '2024-02-07', '13', '2024-02-07 09:48:48', 1),
(1558, 1, 1, 2, 358, '8166439620', '0', '325.23', 'Joshua_Andrew_Opening Balance', '1707295728222244', '1707295728222244', '2024-02-07', '13', '2024-02-07 09:48:48', 1),
(1559, 1, 1, 2, 17, '0', '7000', '0', '00', '1707464101646576', '000', '2024-02-10', '13', '2024-02-09 08:35:01', 1),
(1560, 1, 1, 3, 7, '0', '0', '7000', '00', '1707464101646576', '000', '2024-02-10', '13', '2024-02-09 08:35:01', 1);

-- --------------------------------------------------------

--
-- Table structure for table `agents`
--

DROP TABLE IF EXISTS `agents`;
CREATE TABLE IF NOT EXISTS `agents` (
  `id` bigint UNSIGNED NOT NULL AUTO_INCREMENT,
  `agent_name` varchar(200) NOT NULL,
  `account_ref` varchar(100) NOT NULL,
  `account_id` int NOT NULL DEFAULT '0',
  `business_name` varchar(200) CHARACTER SET utf8mb4 COLLATE utf8mb4_0900_ai_ci DEFAULT NULL,
  `status` tinyint NOT NULL DEFAULT '1',
  `opening_bal` double NOT NULL DEFAULT '0',
  `as_at` varchar(100) NOT NULL,
  `created_at` timestamp NOT NULL DEFAULT CURRENT_TIMESTAMP,
  UNIQUE KEY `id` (`id`)
) ENGINE=MyISAM AUTO_INCREMENT=107 DEFAULT CHARSET=utf8mb4 COLLATE=utf8mb4_0900_ai_ci;

--
-- Dumping data for table `agents`
--

INSERT INTO `agents` (`id`, `agent_name`, `account_ref`, `account_id`, `business_name`, `status`, `opening_bal`, `as_at`, `created_at`) VALUES
(1, 'saytech 1', '7032204422', 253, 'saytech', 1, 331.28, '12/2023', '2024-02-06 17:35:06'),
(2, 'xchangebox', '8143891107', 254, 'xchangebox', 1, 2999, '12/2023', '2024-02-06 17:35:06'),
(3, 'danliti', '8052712266', 255, 'danliti', 1, 34933.6, '12/2023', '2024-02-06 17:35:06'),
(4, 'test accounts', '9091538672', 256, 'test accounts', 1, 530.24, '12/2023', '2024-02-06 17:35:06'),
(5, 'Abdulazeez_Kishimi_', '7039074656', 257, 'Abdulazeez_Kishimi_', 1, 0, '12/2023', '2024-02-06 17:35:06'),
(6, 'Almustapha_Ibrahim_Bawa', '7051269073', 258, 'Almustapha_Ibrahim_Bawa', 1, 0, '12/2023', '2024-02-06 17:35:06'),
(7, 'Victor_Adagba_', '8062936027', 259, 'Victor_Adagba_', 1, 0, '12/2023', '2024-02-06 17:35:06'),
(8, 'Blessing_Agada_Anulika', '7066016358', 260, 'Blessing_Agada_Anulika', 1, 0, '12/2023', '2024-02-06 17:35:06'),
(9, 'Abdulrahman_Umarkoko_', '9083846494', 261, 'Abdulrahman_Umarkoko_', 1, 0, '12/2023', '2024-02-06 17:35:06'),
(10, 'OBUJE GENERAL MERCHANT', '8140054444', 262, 'OBUJE GENERAL MERCHANT', 1, 1301.9, '12/2023', '2024-02-06 17:35:06'),
(11, 'Hasan_Khamis_', '8069626819', 263, 'Hasan_Khamis_', 1, 0, '12/2023', '2024-02-06 17:35:06'),
(12, 'Charlyx_Group_', '7084412621', 264, 'Charlyx_Group_', 1, 1959, '12/2023', '2024-02-06 17:35:06'),
(13, 'Aminu_Abubakar_', '8038240223', 265, 'Aminu_Abubakar_', 1, 378.97, '12/2023', '2024-02-06 17:35:06'),
(14, 'SAMMY_AND REGY_ENTERPRISE', '9054921501', 266, 'SAMMY_AND REGY_ENTERPRISE', 1, 0, '12/2023', '2024-02-06 17:35:06'),
(15, 'Roseline_Urama_Urama', '7039086469', 267, 'Roseline_Urama_Urama', 1, 0, '12/2023', '2024-02-06 17:35:06'),
(16, 'Aliyu_Shehu_Aliyu', '8038637516', 268, 'Aliyu_Shehu_Aliyu', 1, 729.66, '12/2023', '2024-02-06 17:35:06'),
(17, 'ZAI_Dauda Kure_', '7034675482', 269, 'ZAI_Dauda Kure_', 1, 0, '12/2023', '2024-02-06 17:35:06'),
(18, 'Nazifi_Bala_', '8063813434', 270, 'Nazifi_Bala_', 1, 0, '12/2023', '2024-02-06 17:35:06'),
(19, 'Aminu_kano_', '7057711669', 271, 'Aminu_kano_', 1, 439.25, '12/2023', '2024-02-06 17:35:06'),
(20, 'Adam_surajo_', '8164932279', 272, 'Adam_surajo_', 1, 38839.24, '12/2023', '2024-02-06 17:35:06'),
(21, 'D_B_C SERVICES ', '7030843030', 273, 'D_B_C SERVICES ', 1, 0.96, '12/2023', '2024-02-06 17:35:06'),
(22, 'Nuhu_Hamisu_', '8133460642', 274, 'Nuhu_Hamisu_', 1, 65.6, '12/2023', '2024-02-06 17:35:06'),
(23, 'Babangida_Yahaya_Danladi', '8100949442', 275, 'Babangida_Yahaya_Danladi', 1, 0, '12/2023', '2024-02-06 17:35:06'),
(24, 'Kabiru_Sani_', '8034581414', 276, 'Kabiru_Sani_', 1, 0, '12/2023', '2024-02-06 17:35:06'),
(25, 'Jamilu_Sani_', '8160921413', 277, 'Jamilu_Sani_', 1, 89, '12/2023', '2024-02-06 17:35:06'),
(26, 'Haruna_Adam_Khalifa', '8165472625', 278, 'Haruna_Adam_Khalifa', 1, 0, '12/2023', '2024-02-06 17:35:06'),
(27, 'Damilola_Adeyemo_', '8098470891', 279, 'Damilola_Adeyemo_', 1, 16676.35, '12/2023', '2024-02-06 17:35:06'),
(28, 'Usman_Modibbo_Ahmad', '8063596935', 280, 'Usman_Modibbo_Ahmad', 1, 0, '12/2023', '2024-02-06 17:35:06'),
(29, 'Michael_Balogun_Balogun', '8035351058', 281, 'Michael_Balogun_Balogun', 1, 0, '12/2023', '2024-02-06 17:35:06'),
(30, 'Mahmud_Muhammad_Rabiu', '8038024928', 282, 'Dallatun Gora', 1, 645, '12/2023', '2024-02-06 17:35:06'),
(31, 'Chika_Okoye_', '8038362520', 283, 'Chika_Okoye_', 1, 0, '12/2023', '2024-02-06 17:35:06'),
(32, 'Mary_Obasi_Cynthia', '8035814577', 284, 'Mary_Obasi_Cynthia', 1, 79.75, '12/2023', '2024-02-06 17:35:06'),
(33, 'Yakubu_Babangida_', '7038462079', 285, 'Yakubu_Babangida_', 1, 19.73, '12/2023', '2024-02-06 17:35:06'),
(34, 'Olusegun_Omotosho_Seun', '8034483401', 286, 'Olusegun_Omotosho_Seun', 1, 0, '12/2023', '2024-02-06 17:35:06'),
(35, 'John_Amahundu_Aondona', '8077205732', 287, 'John_Amahundu_Aondona', 1, 33967, '12/2023', '2024-02-06 17:35:06'),
(36, 'Sandra_Aiyegbeni_Osas', '7063860821', 288, 'Sandra_Aiyegbeni_Osas', 1, 44.12, '12/2023', '2024-02-06 17:35:06'),
(37, 'Adebayo_Alaile_Chris', '7068477888', 289, 'Adebayo_Alaile_Chris', 1, 0, '12/2023', '2024-02-06 17:35:06'),
(38, 'Yakubu O_Babangida_', '8097125455', 290, 'Yakubu O_Babangida_', 1, 46.13, '12/2023', '2024-02-06 17:35:06'),
(39, 'MAYOWA_OBALISA_', '8036863704', 291, 'MAYOWA_OBALISA_', 1, 0, '12/2023', '2024-02-06 17:35:06'),
(40, 'Chioma_Florence_', '8036139558', 292, 'Chioma_Florence_', 1, 2.3, '12/2023', '2024-02-06 17:35:06'),
(41, 'FLORENCE_ULAKA_', '8067713828', 293, 'FLORENCE_ULAKA_', 1, 70, '12/2023', '2024-02-06 17:35:06'),
(42, 'HASSAN_OMALE_MUHAMMED', '8063505018', 294, 'HASSAN_OMALE_MUHAMMED', 1, 18929, '12/2023', '2024-02-06 17:35:06'),
(43, 'Adedotun_Adeyemi_Adewumi', '8060366168', 295, 'Adedotun_Adeyemi_Adewumi', 1, 847.83, '12/2023', '2024-02-06 17:35:06'),
(44, 'Chigoziri_Ucheaga_Daniel', '8071524680', 296, 'Chigoziri_Ucheaga_Daniel', 1, 167.06, '12/2023', '2024-02-06 17:35:06'),
(45, 'Mustapha_Ahmed_', '8037686184', 297, 'Mustapha_Ahmed_', 1, 87.76, '12/2023', '2024-02-06 17:35:06'),
(46, 'Jude_Oparandu_Oparandu', '9020719671', 298, 'Jude_Oparandu_Oparandu', 1, 194, '12/2023', '2024-02-06 17:35:06'),
(47, 'Emmanuel azodo_Azodo_Emmanuel', '8033942962', 299, 'Emmanuel azodo_Azodo_Emmanuel', 1, 3550, '12/2023', '2024-02-06 17:35:06'),
(48, 'Esther_Irri_Oghoghozino', '8120909445', 300, 'Esther_Irri_Oghoghozino', 1, 49.11, '12/2023', '2024-02-06 17:35:06'),
(49, 'Osita_Idike_Livinus', '7067290609', 301, 'Osita_Idike_Livinus', 1, 76634.5, '12/2023', '2024-02-06 17:35:06'),
(50, 'Zakabude_Omoluabi_Destiny', '7069375744', 302, 'Zakabude_Omoluabi_Destiny', 1, 0, '12/2023', '2024-02-06 17:35:06'),
(51, 'Adegboyega_Lawal_Lawal', '7063643706', 303, 'Adegboyega_Lawal_Lawal', 1, 0, '12/2023', '2024-02-06 17:35:06'),
(52, 'YUSUF_YAHAYA_DEEN', '8036205356', 304, 'YUSUF_YAHAYA_DEEN', 1, 106409.01, '12/2023', '2024-02-06 17:35:06'),
(53, 'Joshua_Andrew_', '8166439620', 305, 'Joshua_Andrew_', 1, 325.23, '12/2023', '2024-02-06 17:35:06'),
(54, 'saytech 1', '7032204422', 306, 'saytech', 1, 331.28, '12/2023', '2024-02-07 08:48:48'),
(55, 'xchangebox', '8143891107', 307, 'xchangebox', 1, 2999, '12/2023', '2024-02-07 08:48:48'),
(56, 'danliti', '8052712266', 308, 'danliti', 1, 34933.6, '12/2023', '2024-02-07 08:48:48'),
(57, 'test accounts', '9091538672', 309, 'test accounts', 1, 530.24, '12/2023', '2024-02-07 08:48:48'),
(58, 'Abdulazeez_Kishimi_', '7039074656', 310, 'Abdulazeez_Kishimi_', 1, 0, '12/2023', '2024-02-07 08:48:48'),
(59, 'Almustapha_Ibrahim_Bawa', '7051269073', 311, 'Almustapha_Ibrahim_Bawa', 1, 0, '12/2023', '2024-02-07 08:48:48'),
(60, 'Victor_Adagba_', '8062936027', 312, 'Victor_Adagba_', 1, 0, '12/2023', '2024-02-07 08:48:48'),
(61, 'Blessing_Agada_Anulika', '7066016358', 313, 'Blessing_Agada_Anulika', 1, 0, '12/2023', '2024-02-07 08:48:48'),
(62, 'Abdulrahman_Umarkoko_', '9083846494', 314, 'Abdulrahman_Umarkoko_', 1, 0, '12/2023', '2024-02-07 08:48:48'),
(63, 'OBUJE GENERAL MERCHANT', '8140054444', 315, 'OBUJE GENERAL MERCHANT', 1, 1301.9, '12/2023', '2024-02-07 08:48:48'),
(64, 'Hasan_Khamis_', '8069626819', 316, 'Hasan_Khamis_', 1, 0, '12/2023', '2024-02-07 08:48:48'),
(65, 'Charlyx_Group_', '7084412621', 317, 'Charlyx_Group_', 1, 1959, '12/2023', '2024-02-07 08:48:48'),
(66, 'Aminu_Abubakar_', '8038240223', 318, 'Aminu_Abubakar_', 1, 378.97, '12/2023', '2024-02-07 08:48:48'),
(67, 'SAMMY_AND REGY_ENTERPRISE', '9054921501', 319, 'SAMMY_AND REGY_ENTERPRISE', 1, 0, '12/2023', '2024-02-07 08:48:48'),
(68, 'Roseline_Urama_Urama', '7039086469', 320, 'Roseline_Urama_Urama', 1, 0, '12/2023', '2024-02-07 08:48:48'),
(69, 'Aliyu_Shehu_Aliyu', '8038637516', 321, 'Aliyu_Shehu_Aliyu', 1, 729.66, '12/2023', '2024-02-07 08:48:48'),
(70, 'ZAI_Dauda Kure_', '7034675482', 322, 'ZAI_Dauda Kure_', 1, 0, '12/2023', '2024-02-07 08:48:48'),
(71, 'Nazifi_Bala_', '8063813434', 323, 'Nazifi_Bala_', 1, 0, '12/2023', '2024-02-07 08:48:48'),
(72, 'Aminu_kano_', '7057711669', 324, 'Aminu_kano_', 1, 439.25, '12/2023', '2024-02-07 08:48:48'),
(73, 'Adam_surajo_', '8164932279', 325, 'Adam_surajo_', 1, 38839.24, '12/2023', '2024-02-07 08:48:48'),
(74, 'D_B_C SERVICES ', '7030843030', 326, 'D_B_C SERVICES ', 1, 0.96, '12/2023', '2024-02-07 08:48:48'),
(75, 'Nuhu_Hamisu_', '8133460642', 327, 'Nuhu_Hamisu_', 1, 65.6, '12/2023', '2024-02-07 08:48:48'),
(76, 'Babangida_Yahaya_Danladi', '8100949442', 328, 'Babangida_Yahaya_Danladi', 1, 0, '12/2023', '2024-02-07 08:48:48'),
(77, 'Kabiru_Sani_', '8034581414', 329, 'Kabiru_Sani_', 1, 0, '12/2023', '2024-02-07 08:48:48'),
(78, 'Jamilu_Sani_', '8160921413', 330, 'Jamilu_Sani_', 1, 89, '12/2023', '2024-02-07 08:48:48'),
(79, 'Haruna_Adam_Khalifa', '8165472625', 331, 'Haruna_Adam_Khalifa', 1, 0, '12/2023', '2024-02-07 08:48:48'),
(80, 'Damilola_Adeyemo_', '8098470891', 332, 'Damilola_Adeyemo_', 1, 16676.35, '12/2023', '2024-02-07 08:48:48'),
(81, 'Usman_Modibbo_Ahmad', '8063596935', 333, 'Usman_Modibbo_Ahmad', 1, 0, '12/2023', '2024-02-07 08:48:48'),
(82, 'Michael_Balogun_Balogun', '8035351058', 334, 'Michael_Balogun_Balogun', 1, 0, '12/2023', '2024-02-07 08:48:48'),
(83, 'Mahmud_Muhammad_Rabiu', '8038024928', 335, 'Dallatun Gora', 1, 645, '12/2023', '2024-02-07 08:48:48'),
(84, 'Chika_Okoye_', '8038362520', 336, 'Chika_Okoye_', 1, 0, '12/2023', '2024-02-07 08:48:48'),
(85, 'Mary_Obasi_Cynthia', '8035814577', 337, 'Mary_Obasi_Cynthia', 1, 79.75, '12/2023', '2024-02-07 08:48:48'),
(86, 'Yakubu_Babangida_', '7038462079', 338, 'Yakubu_Babangida_', 1, 19.73, '12/2023', '2024-02-07 08:48:48'),
(87, 'Olusegun_Omotosho_Seun', '8034483401', 339, 'Olusegun_Omotosho_Seun', 1, 0, '12/2023', '2024-02-07 08:48:48'),
(88, 'John_Amahundu_Aondona', '8077205732', 340, 'John_Amahundu_Aondona', 1, 33967, '12/2023', '2024-02-07 08:48:48'),
(89, 'Sandra_Aiyegbeni_Osas', '7063860821', 341, 'Sandra_Aiyegbeni_Osas', 1, 44.12, '12/2023', '2024-02-07 08:48:48'),
(90, 'Adebayo_Alaile_Chris', '7068477888', 342, 'Adebayo_Alaile_Chris', 1, 0, '12/2023', '2024-02-07 08:48:48'),
(91, 'Yakubu O_Babangida_', '8097125455', 343, 'Yakubu O_Babangida_', 1, 46.13, '12/2023', '2024-02-07 08:48:48'),
(92, 'MAYOWA_OBALISA_', '8036863704', 344, 'MAYOWA_OBALISA_', 1, 0, '12/2023', '2024-02-07 08:48:48'),
(93, 'Chioma_Florence_', '8036139558', 345, 'Chioma_Florence_', 1, 2.3, '12/2023', '2024-02-07 08:48:48'),
(94, 'FLORENCE_ULAKA_', '8067713828', 346, 'FLORENCE_ULAKA_', 1, 70, '12/2023', '2024-02-07 08:48:48'),
(95, 'HASSAN_OMALE_MUHAMMED', '8063505018', 347, 'HASSAN_OMALE_MUHAMMED', 1, 18929, '12/2023', '2024-02-07 08:48:48'),
(96, 'Adedotun_Adeyemi_Adewumi', '8060366168', 348, 'Adedotun_Adeyemi_Adewumi', 1, 847.83, '12/2023', '2024-02-07 08:48:48'),
(97, 'Chigoziri_Ucheaga_Daniel', '8071524680', 349, 'Chigoziri_Ucheaga_Daniel', 1, 167.06, '12/2023', '2024-02-07 08:48:48'),
(98, 'Mustapha_Ahmed_', '8037686184', 350, 'Mustapha_Ahmed_', 1, 87.76, '12/2023', '2024-02-07 08:48:48'),
(99, 'Jude_Oparandu_Oparandu', '9020719671', 351, 'Jude_Oparandu_Oparandu', 1, 194, '12/2023', '2024-02-07 08:48:48'),
(100, 'Emmanuel azodo_Azodo_Emmanuel', '8033942962', 352, 'Emmanuel azodo_Azodo_Emmanuel', 1, 3550, '12/2023', '2024-02-07 08:48:48'),
(101, 'Esther_Irri_Oghoghozino', '8120909445', 353, 'Esther_Irri_Oghoghozino', 1, 49.11, '12/2023', '2024-02-07 08:48:48'),
(102, 'Osita_Idike_Livinus', '7067290609', 354, 'Osita_Idike_Livinus', 1, 76634.5, '12/2023', '2024-02-07 08:48:48'),
(103, 'Zakabude_Omoluabi_Destiny', '7069375744', 355, 'Zakabude_Omoluabi_Destiny', 1, 0, '12/2023', '2024-02-07 08:48:48'),
(104, 'Adegboyega_Lawal_Lawal', '7063643706', 356, 'Adegboyega_Lawal_Lawal', 1, 0, '12/2023', '2024-02-07 08:48:48'),
(105, 'YUSUF_YAHAYA_DEEN', '8036205356', 357, 'YUSUF_YAHAYA_DEEN', 1, 106409.01, '12/2023', '2024-02-07 08:48:48'),
(106, 'Joshua_Andrew_', '8166439620', 358, 'Joshua_Andrew_', 1, 325.23, '12/2023', '2024-02-07 08:48:48');

-- --------------------------------------------------------

--
-- Table structure for table `assign_role_modules`
--

DROP TABLE IF EXISTS `assign_role_modules`;
CREATE TABLE IF NOT EXISTS `assign_role_modules` (
  `roleid` int NOT NULL,
  `submoduleid` int NOT NULL
) ENGINE=MyISAM DEFAULT CHARSET=latin1;

--
-- Dumping data for table `assign_role_modules`
--

INSERT INTO `assign_role_modules` (`roleid`, `submoduleid`) VALUES
(5, 23),
(5, 24),
(1, 26),
(1, 24),
(1, 23),
(1, 22),
(1, 21),
(1, 20),
(1, 19),
(3, 24),
(1, 18),
(5, 22),
(5, 21),
(2, 24),
(2, 20),
(2, 19),
(2, 18),
(2, 17),
(2, 16),
(2, 15),
(2, 14),
(2, 13),
(2, 12),
(2, 11),
(2, 10),
(2, 9),
(2, 8),
(2, 7),
(2, 6),
(2, 5),
(2, 4),
(2, 3),
(6, 24),
(4, 24),
(4, 11),
(4, 10),
(4, 8),
(4, 7),
(2, 2),
(2, 1),
(3, 11),
(3, 10),
(3, 8),
(3, 4),
(3, 3),
(3, 1),
(4, 5),
(1, 17),
(1, 16),
(1, 15),
(1, 14),
(1, 13),
(1, 12),
(1, 11),
(1, 10),
(1, 9),
(1, 8),
(1, 7),
(1, 6),
(1, 5),
(1, 4),
(1, 3),
(1, 2),
(6, 10),
(6, 25),
(2, 26),
(1, 1),
(1, 27),
(1, 28),
(1, 29),
(1, 30),
(1, 31),
(1, 32),
(1, 33);

-- --------------------------------------------------------

--
-- Table structure for table `automated_record`
--

DROP TABLE IF EXISTS `automated_record`;
CREATE TABLE IF NOT EXISTS `automated_record` (
  `id` bigint UNSIGNED NOT NULL AUTO_INCREMENT,
  `trans_date` varchar(200) NOT NULL,
  `serial_number` varchar(200) DEFAULT NULL,
  `account_name` varchar(200) DEFAULT NULL,
  `account_number` varchar(200) NOT NULL,
  `business_name` varchar(200) DEFAULT NULL,
  `card_account_number` varchar(200) DEFAULT NULL,
  `transaction_type` varchar(200) NOT NULL,
  `service_provider` varchar(200) DEFAULT NULL,
  `bank` varchar(200) DEFAULT NULL,
  `beneficiaryname` varchar(200) DEFAULT NULL,
  `debit` double NOT NULL DEFAULT '0',
  `credit` double NOT NULL DEFAULT '0',
  `balance` double DEFAULT '0',
  `fees` double NOT NULL DEFAULT '0',
  `terminalID` varchar(200) DEFAULT NULL,
  `rrn` varchar(200) DEFAULT NULL,
  `status` varchar(200) DEFAULT NULL,
  `reference_number` varchar(200) DEFAULT NULL,
  `bank_charges` double NOT NULL DEFAULT '0',
  `agent_commission` double NOT NULL DEFAULT '0',
  `bonus` double NOT NULL DEFAULT '0',
  `aggregator_commission` double NOT NULL DEFAULT '0',
  `aggregator_referral` double NOT NULL DEFAULT '0',
  `company_commission` double NOT NULL DEFAULT '0',
  `created_at` timestamp NOT NULL DEFAULT CURRENT_TIMESTAMP,
  `process_status` tinyint NOT NULL DEFAULT '0',
  `upload_title` varchar(200) NOT NULL,
  `upload_batch` varchar(200) DEFAULT NULL,
  `processed_at` varchar(200) DEFAULT NULL,
  `transaction_type_id` int DEFAULT NULL,
  `account_id` int DEFAULT NULL,
  UNIQUE KEY `id` (`id`)
) ENGINE=MyISAM AUTO_INCREMENT=91 DEFAULT CHARSET=utf8mb4 COLLATE=utf8mb4_0900_ai_ci;

--
-- Dumping data for table `automated_record`
--

INSERT INTO `automated_record` (`id`, `trans_date`, `serial_number`, `account_name`, `account_number`, `business_name`, `card_account_number`, `transaction_type`, `service_provider`, `bank`, `beneficiaryname`, `debit`, `credit`, `balance`, `fees`, `terminalID`, `rrn`, `status`, `reference_number`, `bank_charges`, `agent_commission`, `bonus`, `aggregator_commission`, `aggregator_referral`, `company_commission`, `created_at`, `process_status`, `upload_title`, `upload_batch`, `processed_at`, `transaction_type_id`, `account_id`) VALUES
(1, '01/12/2023, 00:01:59', '91220301920852', 'Mama Aka shop', '8067249583', 'Mama Aka shop', '1396754270', 'bank transfer', '9psb', 'Access Bank', 'Ezema Stella Obioma', 33900, 0, 6.54, 15, '', '9PSB231201000202911139101', 'successful', 'PR-131YRM9O', 10, 0, 0.3, 0, 0, 4.7, '2024-02-07 10:33:13', 0, 'ededfe', '1707301993489788', NULL, 1, 2),
(2, '01/12/2023, 00:02:43', '91220227920746', 'Jamilu wazobia', '7019479452', 'Jamilu wazobia', '7019479452', 'bank transfer', '9psb', 'Paycom', 'JAMILU  AUWAL', 6000, 0, 61871.42, 15, '', '9PSB231201000247110754301', 'successful', 'PR-155PVV6I', 10, 0, 0.3, 0, 0, 4.7, '2024-02-07 10:33:13', 0, 'ededfe', '1707301993489788', NULL, 1, 2),
(3, '18/12/2023, 10:49:57', '', 'J\'s Man Must Wacks', '8074155553', 'J\'s Man Must Wacks', '7810893010', 'bank transfer reversal', '9psb', 'FCMB', 'OGUEJIOFOR JIDEOFOR JEREMIAH', 0, 70, 100, 15, '', 'PR-444DIA8H', 'successful', 'PR-884FGL9S', 10, 0, 0, 0, 0, 5, '2024-02-07 10:33:13', 0, 'ededfe', '1707301993489788', NULL, 2, 2),
(4, '18/12/2023, 10:14:04', '', 'Elsophel Hair Clinic', '8091827005', 'Elsophel Hair Clinic', '6967800016', 'bank transfer reversal', '', 'FCMB', 'ELSOPHEL MULTI SERVICES LIMITED', 0, 94700, 94911.25, 0, '', 'PR-156QDO9I', 'successful', 'PR-596MHT1V', 0, 0, 0, 0, 0, 0, '2024-02-07 10:33:13', 0, 'ededfe', '1707301993489788', NULL, 2, 2),
(5, '04/12/2023, 20:07:28', '', 'IJEWAY GLOBAL resources LTD', '8033184896', 'IJEWAY GLOBAL resources LTD', '8058535351', 'bank transfer reversal', '9psb', 'Paycom', 'ALBERT OLUWAFEMI ADENIRAN', 0, 160000, 1233372.95, 100, '', 'PR-702QYG1D', 'successful', 'PR-083CIP9E', 10, 85, 0.3, 0, 0, 4.7, '2024-02-07 10:33:13', 0, 'ededfe', '1707301993489788', NULL, 2, 2),
(6, '29/12/2023, 20:52:02', 'P260300464913', 'Yusraf investment', '7060952255', 'Yusraf investment', '08187270003', '9MOBILE purchase', '', '', '', 100, 0, 7439.19, 0, '', '231229621311', 'successful', 'PR-007IXW5S', 0, 2.5, 0, 0, 0, 1, '2024-02-07 10:33:13', 0, 'ededfe', '1707301993489788', NULL, 5, 2),
(7, '26/12/2023, 17:28:46', 'P260300465897', 'Oba Awon Oba Enterprises', '8127138922', 'Oba Awon Oba Enterprises', '45050577928', 'aedc purchase', '', '', 'FRIDAY ROBENSON  ', 2500, 0, 47022.35, 0, '', '231226875154', 'successful', 'PR-000FYO9U', 0, 25, 0, 0, 0, 20, '2024-02-07 10:33:13', 0, 'ededfe', '1707301993489788', NULL, 5, 2),
(8, '08/12/2023, 13:26:34', '', 'THE LORDS FAVOUR ENTERPRISe', '8039416105', 'THE LORDS FAVOUR ENTERPRISe', '8212570579', 'DSTV purchase', 'irecharge', '', 'DANLAMI AUTA-RAZ', 4300, 0, 7093.44, 0, '', '170203838081', 'successful', 'PR-015NEA9H', 0, 43, 0, 0, 0, 21.5, '2024-02-07 10:33:13', 0, 'ededfe', '1707301993489788', NULL, 5, 2),
(9, '06/12/2023, 08:53:10', '91220301920830', 'T2 Bugalore', '8036065967', 'T2 Bugalore', '09099655202', 'Etisalat purchase', 'irecharge', '', '', 500, 0, 23901.78, 0, '', '231206375427', 'successful', 'PR-007WBU2C', 0, 12.5, 0, 0, 0, 5, '2024-02-07 10:33:13', 0, 'ededfe', '1707301993489788', NULL, 5, 2),
(10, '05/12/2023, 09:40:58', '91220227921011', 'FANTASTICH FASHION', '8035501919', 'FANTASTICH FASHION', '08155196092', 'Glo purchase', 'irecharge', '', '', 100, 0, 147379.59, 0, '', '231205525108', 'successful', 'PR-000RIT6V', 0, 3, 0, 0, 0, 1, '2024-02-07 10:33:13', 0, 'ededfe', '1707301993489788', NULL, 5, 2),
(11, '01/12/2023, 21:11:06', '', 'Star Bakers shop', '7060550138', 'Star Bakers shop', '7554826906', 'GOTV purchase', 'irecharge', '', 'OGBONNA OGBONNA', 2800, 0, 20906.16, 0, '', '170146144050', 'successful', 'PR-000MSD7T', 0, 28, 0, 0, 0, 14, '2024-02-07 10:33:13', 0, 'ededfe', '1707301993489788', NULL, 5, 2),
(12, '16/12/2023, 17:04:38', 'P260300466152', 'Bandira', '8064171123', 'Bandira', '0128201178877', 'kedco purchase', '', '', 'YA&amp;amp;sq;U YUSUF  GARBA', 1000, 0, 66392.71, 0, '', '231216504173', 'successful', 'PR-005YDQ7M', 0, 10, 0, 0, 0, 8, '2024-02-07 10:33:13', 0, 'ededfe', '1707301993489788', NULL, 5, 2),
(13, '06/12/2023, 16:19:07', '', 'Bayusat Ventures', '8130534962', 'Bayusat Ventures', '07061573251', 'MTN data purchase', 'irecharge', '', '07061573251', 1200, 0, 3435.86, 0, '', '231206735642', 'successful', 'PR-955CQE7N', 0, 18, 0, 0, 0, 12, '2024-02-07 10:33:13', 0, 'ededfe', '1707301993489788', NULL, 5, 2),
(14, '28/12/2023, 15:28:26', '', 'AFOLO ORGANIC SKIN CARE', '9054442664', 'AFOLO ORGANIC SKIN CARE', '09126919339', '9MOBILE purchase(reversal)', '', '', '', 0, 200, 434.61, 7, '', 'PR-029RKR2I', 'successful', 'PR-192MIE5I', 0, 5, 0, 0, 0, 2, '2024-02-07 10:33:13', 0, 'ededfe', '1707301993489788', NULL, 6, 2),
(15, '22/12/2023, 21:54:55', '', 'Feccobros investment company ltd', '9015054280', 'Feccobros investment company ltd', '08097336386', '9mobile topup(reversal)', '', '', '', 0, 1000, 153467.6, 35, '', 'PR-086YZN0A', 'successful', 'PR-149KGY7C', 0, 25, 0, 0, 0, 10, '2024-02-07 10:33:13', 0, 'ededfe', '1707301993489788', NULL, 6, 2),
(16, '06/12/2023, 20:45:08', '', 'Taiwo_Orenuga_', '8033700526', 'Taiwo_Orenuga_', '0159003588880', 'aedc purchase(reversal)', '', '', '', 0, 1900, 73040.5, 34.2, '', 'PR-012HDP5N', 'successful', 'PR-994WFM8A', 0, 19, 0, 0, 0, 15.2, '2024-02-07 10:33:13', 0, 'ededfe', '1707301993489788', NULL, 6, 2),
(17, '29/12/2023, 13:28:37', '', 'Mic Don Digtal', '8036021057', 'Mic Don Digtal', '07080049899', 'Airtel data purchase(reversal)', '', '', '', 0, 1999, 13597.25, 59.97, '', 'PR-055JWI6P', 'successful', 'PR-499GIE3H', 0, 39.98, 0, 0, 0, 19.99, '2024-02-07 10:33:13', 0, 'ededfe', '1707301993489788', NULL, 6, 2),
(18, '29/12/2023, 21:08:27', '', 'Ibrahim investment', '7060717861', 'Ibrahim investment', '0907184889', 'AIRTEL purchase(reversal)', '', '', '', 0, 100, 3349.91, 3, '', 'PR-000DOS3A', 'successful', 'PR-374NSD4V', 0, 2, 0, 0, 0, 1, '2024-02-07 10:33:13', 0, 'ededfe', '1707301993489788', NULL, 6, 2),
(19, '27/12/2023, 19:24:21', '', 'Seletool ICT Resort Nigeria', '8036168204', 'Seletool ICT Resort Nigeria', '08120453957', 'Airtel topup(reversal)', '', '', '', 0, 200, 220.64, 6, '', 'PR-004VWW3H', 'successful', 'PR-874TFQ3O', 0, 4, 0, 0, 0, 2, '2024-02-07 10:33:13', 0, 'ededfe', '1707301993489788', NULL, 6, 2),
(20, '23/12/2023, 12:34:16', '', 'Osawaru Enterprise', '9168501705', 'Osawaru Enterprise', '8210996913', 'DSTV purchase(reversal)', '', '', '', 0, 16600, 30735.75, 249, '', 'PR-022ONE9T', 'successful', 'PR-831WUC3Y', 0, 166, 0, 0, 0, 83, '2024-02-07 10:33:13', 0, 'ededfe', '1707301993489788', NULL, 6, 2),
(21, '19/12/2023, 15:32:22', '', 'Enoch furniture Enterprise', '8183869969', 'Enoch furniture Enterprise', '09082623141', 'Etisalat purchase(reversal)', '', '', '', 0, 100, 27859.95, 3.5, '', 'PR-066GUN3X', 'successful', 'PR-701YKG5Z', 0, 2.5, 0, 0, 0, 1, '2024-02-07 10:33:13', 0, 'ededfe', '1707301993489788', NULL, 6, 2),
(22, '11/12/2023, 21:09:04', '', 'KC provision', '8064992808', 'KC provision', '09059557037', 'GLO purchase(reversal)', '', '', '', 0, 200, 2672.53, 8, '', 'PR-007ODC8V', 'successful', 'PR-664PCG6C', 0, 6, 0, 0, 0, 2, '2024-02-07 10:33:13', 0, 'ededfe', '1707301993489788', NULL, 6, 2),
(23, '18/12/2023, 12:51:58', '', 'Hamza POS', '8075738391', 'Hamza POS', '08075738391', 'Glo topup(reversal)', '', '', '', 0, 100, 403, 4, '', 'PR-000VPD1P', 'successful', 'PR-066CNA7M', 0, 3, 0, 0, 0, 1, '2024-02-07 10:33:13', 0, 'ededfe', '1707301993489788', NULL, 6, 2),
(24, '23/12/2023, 18:27:47', '', 'INNO  CITY  BAR', '9067702088', 'INNO  CITY  BAR', '7034983358', 'GOTV purchase(reversal)', '', '', '', 0, 5800, 6359, 87, '', 'PR-002WFP3O', 'successful', 'PR-942PPZ5N', 0, 58, 0, 0, 0, 29, '2024-02-07 10:33:13', 0, 'ededfe', '1707301993489788', NULL, 6, 2),
(25, '19/12/2023, 11:53:13', '', 'Malanta pos Bakori', '8065062345', 'Malanta pos Bakori', '30530145413', 'kedco purchase(reversal)', '', '', '', 0, 800, 1749.25, 14.4, '', 'PR-138HES1L', 'successful', 'PR-345IDS9Y', 0, 8, 0, 0, 0, 6.4, '2024-02-07 10:33:13', 0, 'ededfe', '1707301993489788', NULL, 6, 2),
(26, '23/12/2023, 16:57:52', '', 'Waelthy Maria  2', '7040342155', 'Waelthy Maria  2', '08038863556', 'MTN data purchase(reversal)', '', '', '', 0, 600, 26335.1, 15, '', 'PR-031PVL6Z', 'successful', 'PR-050HXB8R', 0, 9, 0, 0, 0, 6, '2024-02-07 10:33:13', 0, 'ededfe', '1707301993489788', NULL, 6, 2),
(27, '29/12/2023, 09:51:34', '', 'Heritage stores', '8039657442', 'Heritage stores', '08065635207', 'MTN purchase(reversal)', '', '', '', 0, 500, 543.96, 12.5, '', 'PR-647YWZ6I', 'successful', 'PR-943DOO3H', 0, 7.5, 0, 0, 0, 5, '2024-02-07 10:33:13', 0, 'ededfe', '1707301993489788', NULL, 6, 2),
(28, '21/12/2023, 12:30:41', '', 'Laba global Enterprise1', '8099282000', 'Laba global Enterprise1', '09160426637', 'MTN topup(reversal)', '', '', '', 0, 1300, 1302.37, 32.5, '', 'PR-002KVZ1O', 'successful', 'PR-239IWO1S', 0, 19.5, 0, 0, 0, 13, '2024-02-07 10:33:13', 0, 'ededfe', '1707301993489788', NULL, 6, 2),
(29, '01/12/2023, 00:00:47', '', 'NWANYIOMA RESTAURANT', '9071575345', 'NWANYIOMA RESTAURANT', '9071575345', 'cashout', '', '', '', 0, 6000, 6095.6, 0, '', '', 'successful', 'PR-203GWS6E', 0, 0, 0, 0, 0, 0, '2024-02-07 10:33:13', 0, 'ededfe', '1707301993489788', NULL, 7, 2),
(30, '01/12/2023, 00:15:12', '', 'ABDULG', '8138055816', 'ABDULG', '8138055816', 'cashout', '', '', '', 0, 1644.01, 1671.41, 0, '', '', 'successful', 'PR-414MLJ3F', 0, 0, 0, 0, 0, 0, '2024-02-07 10:33:13', 0, 'ededfe', '1707301993489788', NULL, 7, 2),
(31, '01/12/2023, 00:15:30', '', 'ABDULG', '8138055816', 'ABDULG', '8138055816', 'cashout', '', '', '', 0, 0.6, 1672.01, 0, '', '', 'successful', 'PR-905JZI5V', 0, 0, 0, 0, 0, 0, '2024-02-07 10:33:13', 0, 'ededfe', '1707301993489788', NULL, 7, 2),
(32, '01/12/2023, 01:04:23', '', 'Ibrahim Bello p.o.s', '8162998940', 'Ibrahim Bello p.o.s', '8162998940', 'cashout', '', '', '', 0, 3, 1691.97, 0, '', '', 'successful', 'PR-549LSZ7T', 0, 0, 0, 0, 0, 0, '2024-02-07 10:33:13', 0, 'ededfe', '1707301993489788', NULL, 7, 2),
(33, '01/12/2023, 10:40:21', '', 'Umar Faruk POS Center Gora', '7066765278', 'Umar Faruk POS Center Gora', '', 'kyc check', 'dojah', '', '', 100, 0, 128119.59, 0, '', '', 'successful', 'PR-316FJI1K', 0, 0, 0, 0, 0, 0, '2024-02-07 10:33:13', 0, 'ededfe', '1707301993489788', NULL, 8, 2),
(34, '01/12/2023, 11:48:06', '', 'Madam Rose Food Stuff', '7061754714', 'Madam Rose Food Stuff', '', 'kyc check', 'dojah', '', '', 100, 0, 19609, 0, '', '', 'successful', 'PR-569OJE5D', 0, 0, 0, 0, 0, 0, '2024-02-07 10:33:13', 0, 'ededfe', '1707301993489788', NULL, 8, 2),
(35, '01/12/2023, 11:50:36', '', 'Madam Rose Food Stuff', '7061754714', 'Madam Rose Food Stuff', '', 'kyc check', 'dojah', '', '', 100, 0, 19509, 0, '', '', 'successful', 'PR-044RBR1M', 0, 0, 0, 0, 0, 0, '2024-02-07 10:33:13', 0, 'ededfe', '1707301993489788', NULL, 8, 2),
(36, '01/12/2023, 13:16:20', '', 'Wiseone enterprise', '8134706214', 'Wiseone enterprise', '', 'kyc check', 'dojah', '', '', 100, 0, 11352.45, 0, '', '', 'successful', 'PR-655PWE7J', 0, 0, 0, 0, 0, 0, '2024-02-07 10:33:13', 0, 'ededfe', '1707301993489788', NULL, 8, 2),
(37, '02/12/2023, 10:21:07', '', 'Mummy Rahmat POS', '9030076672', 'Mummy Rahmat POS', '', 'device retrieval', '', '', '', 0, 10000, 10058.75, 0, '', '', 'successful', 'PR-136JAR9A', 0, 0, 0, 0, 0, 0, '2024-02-07 10:33:13', 0, 'ededfe', '1707301993489788', NULL, 10, 2),
(38, '04/12/2023, 12:49:37', '', 'Hanoon POS', '8169883883', 'Hanoon POS', '', 'device retrieval', '', '', '', 0, 10000, 10005, 0, '', '', 'successful', 'PR-414TGW1K', 0, 0, 0, 0, 0, 0, '2024-02-07 10:33:13', 0, 'ededfe', '1707301993489788', NULL, 10, 2),
(39, '01/12/2023, 14:31:17', '', 'Divine Links Enterprises', '8068165867', 'Divine Links Enterprises', '8068165867', 'pos sales revenue', '', '', '', 0, 10000, 12125.97, 0, '', 'PR-884PKQ3Q', 'successful', 'PR-638IYS6Z', 0, 0, 0, 0, 0, 0, '2024-02-07 10:33:13', 0, 'ededfe', '1707301993489788', NULL, 11, 2),
(40, '01/12/2023, 19:24:38', '', 'Ap Business venture', '8036548062', 'Ap Business venture', '8036548062', 'pos sales revenue', '', '', '', 0, 10000, 10018.77, 0, '', 'PR-697HKN6H', 'successful', 'PR-901BZB7T', 0, 0, 0, 0, 0, 0, '2024-02-07 10:33:13', 0, 'ededfe', '1707301993489788', NULL, 11, 2),
(41, '02/12/2023, 16:26:20', '', 'Divine Links Enterprises', '8068165867', 'Divine Links Enterprises', '8068165867', 'pos sales revenue', '', '', '', 0, 10000, 42952.97, 0, '', 'PR-856SQY7A', 'successful', 'PR-718JJQ6N', 0, 0, 0, 0, 0, 0, '2024-02-07 10:33:13', 0, 'ededfe', '1707301993489788', NULL, 11, 2),
(42, '02/12/2023, 17:49:36', '', 'Divine and Meg Enterprise', '7031561121', 'Divine and Meg Enterprise', '7031561121', 'pos sales revenue', '', '', '', 0, 10000, 24226.64, 0, '', 'PR-047WYT7B', 'successful', 'PR-141IYZ4O', 0, 0, 0, 0, 0, 0, '2024-02-07 10:33:13', 0, 'ededfe', '1707301993489788', NULL, 11, 2),
(43, '03/12/2023, 12:03:31', '', 'Newcrest global concepts limited', '8060307434', 'Newcrest global concepts limited', '8060307434', 'pos sales revenue', '', '', '', 0, 5000, 5000, 0, '', 'PR-238PPP7W', 'successful', 'PR-756LRU2G', 0, 0, 0, 0, 0, 0, '2024-02-07 10:33:13', 0, 'ededfe', '1707301993489788', NULL, 11, 2),
(44, '01/12/2023, 14:31:17', '', 'AMY BEST RESTAURANT', '9161468410', 'AMY BEST RESTAURANT', '9161468410', 'pos security deposit', '', '', '', 20000, 0, 0, 0, '', '', 'successful', 'PR-884PKQ3Q', 0, 0, 0, 0, 0, 0, '2024-02-07 10:33:13', 0, 'ededfe', '1707301993489788', NULL, 12, 2),
(45, '01/12/2023, 19:24:38', '', 'Mummy lnno', '8139574036', 'Mummy lnno', '8139574036', 'pos security deposit', '', '', '', 20000, 0, 100, 0, '', '', 'successful', 'PR-697HKN6H', 0, 0, 0, 0, 0, 0, '2024-02-07 10:33:13', 0, 'ededfe', '1707301993489788', NULL, 12, 2),
(46, '01/12/2023, 22:09:42', '', 'Mafiyai Medicine Store', '9136522205', 'Mafiyai Medicine Store', '9136522205', 'pos security deposit', '', '', '', 10000, 0, 0, 0, '', '', 'successful', 'PR-542NPL5E', 0, 0, 0, 0, 0, 0, '2024-02-07 10:33:13', 0, 'ededfe', '1707301993489788', NULL, 12, 2),
(47, '02/12/2023, 16:26:20', '', 'JAMAK HOTEL', '9130632698', 'JAMAK HOTEL', '9130632698', 'pos security deposit', '', '', '', 20000, 0, 200, 0, '', '', 'successful', 'PR-856SQY7A', 0, 0, 0, 0, 0, 0, '2024-02-07 10:33:13', 0, 'ededfe', '1707301993489788', NULL, 12, 2),
(48, '02/12/2023, 17:49:36', '', 'Ebifagha venture', '8075344448', 'Ebifagha venture', '8075344448', 'pos security deposit', '', '', '', 20000, 0, 200, 0, '', '', 'successful', 'PR-047WYT7B', 0, 0, 0, 0, 0, 0, '2024-02-07 10:33:13', 0, 'ededfe', '1707301993489788', NULL, 12, 2),
(49, '01/12/2023, 00:00:44', '91220301920460', 'Hot Fun VIP Cafe 2', '8086114496', 'Hot Fun VIP Cafe 2', '468219*********3338', 'pos withdrawal', 'xpresspay', 'FIDELITY BANK', '', 0, 3000, 35788.05, 15, '2033YSYN', '231201000013', 'successful', 'PR-350XTB9A', 0, 0, 1.5, 1.5, 0, 12, '2024-02-07 10:33:13', 0, 'ededfe', '1707301993489788', NULL, 3, 2),
(50, '01/12/2023, 00:01:01', 'P260300463898', 'The Garden by LEpicure', '8052000800', 'The Garden by LEpicure', '539941*********0634', 'pos withdrawal', '', 'ZENITH BANK', '', 0, 6000, 438346.5, 30, '2033RLOE', '231201000051', 'successful', 'PR-388UNE2B', 0, 0, 3, 3, 0, 24, '2024-02-07 10:33:13', 0, 'ededfe', '1707301993489788', NULL, 3, 2),
(51, '01/12/2023, 00:01:42', '91220301920739', 'Hot fun vip cafe', '8033161404', 'Hot fun vip cafe', '418745*********1057', 'pos withdrawal', 'xpresspay', 'ACCESS BANK', '', 0, 4000, 65201.24, 20, '2033HMNW', '231201000136', 'successful', 'PR-521XRN1L', 0, 0, 2, 2, 0, 16, '2024-02-07 10:33:13', 0, 'ededfe', '1707301993489788', NULL, 3, 2),
(52, '01/12/2023, 00:02:59', '91220301920460', 'Hot Fun VIP Cafe 2', '8086114496', 'Hot Fun VIP Cafe 2', '506104*********6867', 'pos withdrawal', 'xpresspay', '', '', 0, 6000, 41758.05, 30, '2033SVOB', '231201000226', 'successful', 'PR-120GNB3W', 0, 0, 3, 3, 0, 24, '2024-02-07 10:33:13', 0, 'ededfe', '1707301993489788', NULL, 3, 2),
(53, '01/12/2023, 00:04:43', 'P260300465049', 'ADISUN Hotels', '8169463865', 'ADISUN Hotels', '555940*********6837', 'pos withdrawal', '', 'KEYSTONE BANK', '', 0, 5000, 93383.9, 25, '2033HFCU', '231201000434', 'successful', 'PR-966UNH6D', 0, 0, 2.5, 2.5, 0, 20, '2024-02-07 10:33:13', 0, 'ededfe', '1707301993489788', NULL, 3, 2),
(54, '20/12/2023, 09:10:34', '', 'Abdulrazaq_Haruna_Danladi', '8035811202', 'Abdulrazaq_Haruna_Danladi', '', 'funding', 'PayRep', '', '', 0, 200, 206.71, 0, '', '', 'successful', 'PR-686KND3S', 0, 0, 0, 0, 0, 0, '2024-02-07 10:33:13', 0, 'ededfe', '1707301993489788', NULL, 14, 2),
(55, '08/12/2023, 13:15:13', '', 'Akaramaan', '8030750808', 'Akaramaan', '', 'funding', 'PayRep', '', '', 0, 1000, 33725.99, 0, '', '', 'successful', 'PR-330XAQ0U', 0, 0, 0, 0, 0, 0, '2024-02-07 10:33:13', 0, 'ededfe', '1707301993489788', NULL, 14, 2),
(56, '08/12/2023, 13:19:22', '', 'Akaramaan', '8030750808', 'Akaramaan', '', 'funding', 'PayRep', '', '', 0, 500, 34225.99, 0, '', '', 'successful', 'PR-355HRK9Z', 0, 0, 0, 0, 0, 0, '2024-02-07 10:33:13', 0, 'ededfe', '1707301993489788', NULL, 14, 2),
(57, '08/12/2023, 13:19:56', '', 'Akaramaan', '8030750808', 'Akaramaan', '', 'funding', 'PayRep', '', '', 0, 700, 34925.99, 0, '', '', 'successful', 'PR-897XHU1G', 0, 0, 0, 0, 0, 0, '2024-02-07 10:33:13', 0, 'ededfe', '1707301993489788', NULL, 14, 2),
(58, '11/12/2023, 22:28:45', '', 'Akaramaan', '8030750808', 'Akaramaan', '', 'funding', 'PayRep', '', '', 0, 2000, 36640.99, 0, '', '', 'successful', 'PR-258VUW2F', 0, 0, 0, 0, 0, 0, '2024-02-07 10:33:13', 0, 'ededfe', '1707301993489788', NULL, 14, 2),
(59, '04/12/2023, 12:57:09', '', 'Divine and Meg Enterprise', '7031561121', 'Divine and Meg Enterprise', '', 'deduction', '', '', '', 10000, 0, 15735.71, 0, '', '', 'successful', 'PR-488VIP5S', 0, 0, 0, 0, 0, 0, '2024-02-07 10:33:13', 0, 'ededfe', '1707301993489788', NULL, 15, 2),
(60, '04/12/2023, 16:25:22', '', 'Mama Owen', '8070717700', 'Mama Owen', '', 'deduction', '', '', '', 10000, 0, 12071.93, 0, '', '', 'successful', 'PR-055EEY7U', 0, 0, 0, 0, 0, 0, '2024-02-07 10:33:13', 0, 'ededfe', '1707301993489788', NULL, 15, 2),
(61, '06/12/2023, 10:02:38', '', 'Multipurpose dealers', '9031384259', 'Multipurpose dealers', '', 'deduction', '', '', '', 20000, 0, 40.76, 0, '', '', 'successful', 'PR-834NAY5W', 0, 0, 0, 0, 0, 0, '2024-02-07 10:33:13', 0, 'ededfe', '1707301993489788', NULL, 15, 2),
(62, '06/12/2023, 18:47:09', '', 'ALL FOR GOD.', '8126652908', 'ALL FOR GOD.', '', 'deduction', '', '', '', 8124.95, 0, 0, 0, '', '', 'successful', 'PR-607KYX5P', 0, 0, 0, 0, 0, 0, '2024-02-07 10:33:13', 0, 'ededfe', '1707301993489788', NULL, 15, 2),
(63, '12/12/2023, 23:31:34', '', 'danliti', '8052712266', 'danliti', '', 'deduction', '', '', '', 15000, 0, 467.6, 0, '', '', 'successful', 'PR-638JII8J', 0, 0, 0, 0, 0, 0, '2024-02-07 10:33:13', 0, 'ededfe', '1707301993489788', NULL, 15, 2),
(64, '16/12/2023, 23:31:09', '', 'Kambai s,k,d gass', '8169563355', 'Kambai s,k,d gass', '', 'deduction', '', '', '', 5000, 0, 23341.2, 0, '', '', 'successful', 'PR-474GFG8P', 0, 0, 0, 0, 0, 0, '2024-02-07 10:33:13', 0, 'ededfe', '1707301993489788', NULL, 15, 2),
(65, '20/12/2023, 13:01:07', '', 'Savings Home', '8130276063', 'Savings Home', '', 'deduction', '', '', '', 10000, 0, 0, 0, '', '', 'successful', 'PR-049CMV1J', 0, 0, 0, 0, 0, 0, '2024-02-07 10:33:13', 0, 'ededfe', '1707301993489788', NULL, 15, 2),
(66, '24/12/2023, 21:25:35', '', 'Immy venture', '9151016848', 'Immy venture', '', 'deduction', '', '', '', 10000, 0, 35.14, 0, '', '', 'successful', 'PR-904AZS6D', 0, 0, 0, 0, 0, 0, '2024-02-07 10:33:13', 0, 'ededfe', '1707301993489788', NULL, 15, 2),
(67, '01/12/2023, 00:21:33', '', 'USAMA DRINKS ENTERPRISES', '9038775243', 'USAMA DRINKS ENTERPRISES', '09038775243', 'wallet top-up', 'PayRep', 'Paycom', 'SANUSI USAMA', 0, 1000, 27438.46, 0, '', '', 'successful', 'PR-125OEN5E', 0, 0, 0, 0, 0, 0, '2024-02-07 10:33:13', 0, 'ededfe', '1707301993489788', NULL, 16, 2),
(68, '01/12/2023, 00:34:54', '', 'Golden son investment ltd', '8033809197', 'Golden son investment ltd', '07066872567', 'wallet top-up', 'PayRep', 'Paycom', 'Daniel Jesse', 0, 1000, 20041.89, 0, '', '', 'successful', 'PR-170WHW3W', 0, 0, 0, 0, 0, 0, '2024-02-07 10:33:13', 0, 'ededfe', '1707301993489788', NULL, 16, 2),
(69, '01/12/2023, 01:28:09', '', 'Rosey Concept', '7038712207', 'Rosey Concept', '09162239956', 'wallet top-up', 'PayRep', 'Paycom', 'UCHE - SUNDAY', 0, 350, 48139.06, 0, '', '', 'successful', 'PR-439TTW1K', 0, 0, 0, 0, 0, 0, '2024-02-07 10:33:13', 0, 'ededfe', '1707301993489788', NULL, 16, 2),
(70, '01/12/2023, 01:54:29', '', 'Golden son investment ltd', '8033809197', 'Golden son investment ltd', '07066872567', 'wallet top-up', 'PayRep', 'Paycom', 'Daniel Jesse', 0, 2000, 27514.39, 0, '', '', 'successful', 'PR-224DMW6M', 0, 0, 0, 0, 0, 0, '2024-02-07 10:33:13', 0, 'ededfe', '1707301993489788', NULL, 16, 2),
(71, '01/12/2023, 15:56:41', '', 'BASHCOY NETWORK 2', '8135533287', 'BASHCOY NETWORK 2', '8135533287', 'wallet transfer', 'PayRep', 'PayRep', 'BASHCOY NETWORK 2', 0, 6000, 17289.04, 0, '', 'PR-686AWO0W', 'successful', 'PR-454RMY3V', 0, 0, 0, 0, 0, 0, '2024-02-07 10:33:13', 0, 'ededfe', '1707301993489788', NULL, 17, 2),
(72, '01/12/2023, 15:56:41', '', 'Bashcoy aggregator', '9166637832', 'Bashcoy aggregator', '8135533287', 'wallet transfer', '', 'PayRep', 'BASHCOY NETWORK 2', 6000, 0, 1, 0, '', '', 'successful', 'PR-686AWO0W', 0, 0, 0, 0, 0, 0, '2024-02-07 10:33:13', 0, 'ededfe', '1707301993489788', NULL, 17, 2),
(73, '08/12/2023, 12:47:09', '', 'BASHCOY NETWORK 2', '8135533287', 'BASHCOY NETWORK 2', '8135533287', 'wallet transfer', 'PayRep', 'PayRep', 'BASHCOY NETWORK 2', 0, 6500, 32237.44, 0, '', 'PR-170FHG8D', 'successful', 'PR-458SRP4M', 0, 0, 0, 0, 0, 0, '2024-02-07 10:33:13', 0, 'ededfe', '1707301993489788', NULL, 17, 2),
(74, '08/12/2023, 12:47:09', '', 'Bashcoy aggregator', '9166637832', 'Bashcoy aggregator', '8135533287', 'wallet transfer', '', 'PayRep', 'BASHCOY NETWORK 2', 6500, 0, 1, 0, '', '', 'successful', 'PR-170FHG8D', 0, 0, 0, 0, 0, 0, '2024-02-07 10:33:13', 0, 'ededfe', '1707301993489788', NULL, 17, 2),
(75, '12/12/2023, 09:11:27', '', 'Dende quick Cash point', '8050288500', 'Dende quick Cash point', '8050288500', 'wallet transfer', 'PayRep', 'PayRep', 'Dende quick Cash point', 0, 10000, 25222.8, 0, '', 'PR-236ANK1O', 'successful', 'PR-947BKW6B', 0, 0, 0, 0, 0, 0, '2024-02-07 10:33:13', 0, 'ededfe', '1707301993489788', NULL, 17, 2),
(76, '12/12/2023, 09:11:27', '', 'BASHCOY NETWORK 2', '8135533287', 'BASHCOY NETWORK 2', '8050288500', 'wallet transfer', '', 'PayRep', 'Dende quick Cash point', 10000, 0, 38350.69, 0, '', '', 'successful', 'PR-236ANK1O', 0, 0, 0, 0, 0, 0, '2024-02-07 10:33:13', 0, 'ededfe', '1707301993489788', NULL, 17, 2),
(77, '14/12/2023, 21:39:48', '', 'ESTEEM GLOBAL SERVICES 2', '8059691976', 'ESTEEM GLOBAL SERVICES 2', '8059691976', 'wallet transfer', 'PayRep', 'PayRep', 'ESTEEM GLOBAL SERVICES 2', 0, 53300, 54302.08, 0, '', 'PR-032LLF7A', 'successful', 'PR-897ORA3Y', 0, 0, 0, 0, 0, 0, '2024-02-07 10:33:13', 0, 'ededfe', '1707301993489788', NULL, 17, 2),
(78, '14/12/2023, 21:39:48', '', 'ESTEEM GLOBAL RESOURCES', '7030199491', 'ESTEEM GLOBAL RESOURCES', '8059691976', 'wallet transfer', '', 'PayRep', 'ESTEEM GLOBAL SERVICES 2', 53300, 0, 35.68, 0, '', '', 'successful', 'PR-032LLF7A', 0, 0, 0, 0, 0, 0, '2024-02-07 10:33:13', 0, 'ededfe', '1707301993489788', NULL, 17, 2),
(79, '16/12/2023, 11:24:36', '', 'BASHCOY NETWORK 2', '8135533287', 'BASHCOY NETWORK 2', '8135533287', 'wallet transfer', 'PayRep', 'PayRep', 'BASHCOY NETWORK 2', 0, 7000, 28169.19, 0, '', 'PR-890RWB7N', 'successful', 'PR-190TRP6I', 0, 0, 0, 0, 0, 0, '2024-02-07 10:33:13', 0, 'ededfe', '1707301993489788', NULL, 17, 2),
(80, '16/12/2023, 11:24:36', '', 'Bashcoy aggregator', '9166637832', 'Bashcoy aggregator', '8135533287', 'wallet transfer', '', 'PayRep', 'BASHCOY NETWORK 2', 7000, 0, 1, 0, '', '', 'successful', 'PR-890RWB7N', 0, 0, 0, 0, 0, 0, '2024-02-07 10:33:13', 0, 'ededfe', '1707301993489788', NULL, 17, 2),
(81, '16/12/2023, 11:38:41', '', 'BASHCOY NETWORK ENTERPRISES', '8164493766', 'BASHCOY NETWORK ENTERPRISES', '8164493766', 'wallet transfer', 'PayRep', 'PayRep', 'BASHCOY NETWORK ENTERPRISES', 0, 31310, 31310, 0, '', 'PR-782DRQ1X', 'successful', 'PR-621OCZ4W', 0, 0, 0, 0, 0, 0, '2024-02-07 10:33:13', 0, 'ededfe', '1707301993489788', NULL, 17, 2),
(82, '16/12/2023, 11:38:41', '', 'BASHCOY NETWORK 2', '8135533287', 'BASHCOY NETWORK 2', '8164493766', 'wallet transfer', '', 'PayRep', 'BASHCOY NETWORK ENTERPRISES', 31310, 0, 0.19, 0, '', '', 'successful', 'PR-782DRQ1X', 0, 0, 0, 0, 0, 0, '2024-02-07 10:33:13', 0, 'ededfe', '1707301993489788', NULL, 17, 2),
(83, '23/12/2023, 13:17:54', '', 'BASHCOY NETWORK ENTERPRISES', '8164493766', 'BASHCOY NETWORK ENTERPRISES', '8164493766', 'wallet transfer', 'PayRep', 'PayRep', 'BASHCOY NETWORK ENTERPRISES', 0, 7000, 43315.55, 0, '', 'PR-597OCA1W', 'successful', 'PR-483BQP8I', 0, 0, 0, 0, 0, 0, '2024-02-07 10:33:13', 0, 'ededfe', '1707301993489788', NULL, 17, 2),
(84, '23/12/2023, 13:17:54', '', 'Bashcoy aggregator', '9166637832', 'Bashcoy aggregator', '8164493766', 'wallet transfer', '', 'PayRep', 'BASHCOY NETWORK ENTERPRISES', 7000, 0, 1, 0, '', '', 'successful', 'PR-597OCA1W', 0, 0, 0, 0, 0, 0, '2024-02-07 10:33:13', 0, 'ededfe', '1707301993489788', NULL, 17, 2),
(85, '26/12/2023, 17:41:05', '', 'BASHCOY NETWORK ENTERPRISES', '8164493766', 'BASHCOY NETWORK ENTERPRISES', '8164493766', 'wallet transfer', 'PayRep', 'PayRep', 'BASHCOY NETWORK ENTERPRISES', 0, 15000, 36393.05, 0, '', 'PR-211CXF1M', 'successful', 'PR-453JTU9N', 0, 0, 0, 0, 0, 0, '2024-02-07 10:33:13', 0, 'ededfe', '1707301993489788', NULL, 17, 2),
(86, '26/12/2023, 17:41:05', '', 'BASHCOY NETWORK 2', '8135533287', 'BASHCOY NETWORK 2', '8164493766', 'wallet transfer', '', 'PayRep', 'BASHCOY NETWORK ENTERPRISES', 15000, 0, 123.69, 0, '', '', 'successful', 'PR-211CXF1M', 0, 0, 0, 0, 0, 0, '2024-02-07 10:33:13', 0, 'ededfe', '1707301993489788', NULL, 17, 2),
(87, '27/12/2023, 12:21:21', '', 'BASHCOY NETWORK ENTERPRISES', '8164493766', 'BASHCOY NETWORK ENTERPRISES', '8164493766', 'wallet transfer', 'PayRep', 'PayRep', 'BASHCOY NETWORK ENTERPRISES', 0, 5000, 20062.05, 0, '', 'PR-959HJQ6W', 'successful', 'PR-258ZTQ6G', 0, 0, 0, 0, 0, 0, '2024-02-07 10:33:13', 0, 'ededfe', '1707301993489788', NULL, 17, 2),
(88, '27/12/2023, 12:21:21', '', 'BASHCOY NETWORK 2', '8135533287', 'BASHCOY NETWORK 2', '8164493766', 'wallet transfer', '', 'PayRep', 'BASHCOY NETWORK ENTERPRISES', 5000, 0, 198.19, 0, '', '', 'successful', 'PR-959HJQ6W', 0, 0, 0, 0, 0, 0, '2024-02-07 10:33:13', 0, 'ededfe', '1707301993489788', NULL, 17, 2),
(89, '30/12/2023, 16:48:27', '', 'BASHCOY NETWORK ENTERPRISES', '8164493766', 'BASHCOY NETWORK ENTERPRISES', '8164493766', 'wallet transfer', 'PayRep', 'PayRep', 'BASHCOY NETWORK ENTERPRISES', 0, 5000, 12511.85, 0, '', 'PR-347IAW2X', 'successful', 'PR-793IEB0F', 0, 0, 0, 0, 0, 0, '2024-02-07 10:33:13', 0, 'ededfe', '1707301993489788', NULL, 17, 2),
(90, '30/12/2023, 16:48:27', '', 'Bashcoy aggregator', '9166637832', 'Bashcoy aggregator', '8164493766', 'wallet transfer', '', 'PayRep', 'BASHCOY NETWORK ENTERPRISES', 5000, 0, 1, 0, '', '', 'successful', 'PR-347IAW2X', 0, 0, 0, 0, 0, 0, '2024-02-07 10:33:13', 0, 'ededfe', '1707301993489788', NULL, 17, 2);

-- --------------------------------------------------------

--
-- Table structure for table `branches`
--

DROP TABLE IF EXISTS `branches`;
CREATE TABLE IF NOT EXISTS `branches` (
  `id` bigint UNSIGNED NOT NULL AUTO_INCREMENT,
  `branch` varchar(200) NOT NULL,
  `address` text,
  `phonecontact` varchar(50) DEFAULT NULL,
  `status` tinyint NOT NULL DEFAULT '1',
  `deletabled` tinyint NOT NULL DEFAULT '1',
  UNIQUE KEY `id` (`id`)
) ENGINE=MyISAM AUTO_INCREMENT=3 DEFAULT CHARSET=latin1;

--
-- Dumping data for table `branches`
--

INSERT INTO `branches` (`id`, `branch`, `address`, `phonecontact`, `status`, `deletabled`) VALUES
(1, 'Head office', 'Head office', '08000000000', 1, 0),
(2, 'Branch 2', 'Branch 2 address', '08000000000', 1, 0);

-- --------------------------------------------------------

--
-- Table structure for table `customers`
--

DROP TABLE IF EXISTS `customers`;
CREATE TABLE IF NOT EXISTS `customers` (
  `id` bigint UNSIGNED NOT NULL AUTO_INCREMENT,
  `titleID` int DEFAULT NULL,
  `first_name` varchar(100) CHARACTER SET utf8mb4 COLLATE utf8mb4_unicode_ci NOT NULL,
  `middle_name` varchar(100) CHARACTER SET utf8mb4 COLLATE utf8mb4_unicode_ci DEFAULT NULL,
  `last_name` varchar(100) CHARACTER SET utf8mb4 COLLATE utf8mb4_unicode_ci NOT NULL,
  `phone` varchar(50) CHARACTER SET utf8mb4 COLLATE utf8mb4_unicode_ci DEFAULT NULL,
  `email` varchar(100) CHARACTER SET utf8mb4 COLLATE utf8mb4_unicode_ci DEFAULT NULL,
  `bvn` varchar(50) CHARACTER SET utf8mb4 COLLATE utf8mb4_unicode_ci DEFAULT NULL,
  `nin` varchar(50) CHARACTER SET utf8mb4 COLLATE utf8mb4_unicode_ci DEFAULT NULL,
  `marketerID` int DEFAULT NULL,
  `address` longtext CHARACTER SET utf8mb4 COLLATE utf8mb4_unicode_ci NOT NULL,
  `office_address` longtext CHARACTER SET utf8mb4 COLLATE utf8mb4_unicode_ci NOT NULL,
  `is_h_address_verified` tinyint(1) NOT NULL DEFAULT '0',
  `is_o_address_verified` tinyint(1) NOT NULL DEFAULT '0',
  `registerdBy` int NOT NULL,
  `account_id` int DEFAULT NULL,
  `user_id` int DEFAULT NULL,
  `status` int NOT NULL DEFAULT '0',
  `guarrantor_full_name` longtext CHARACTER SET utf8mb4 COLLATE utf8mb4_unicode_ci,
  `guarrantor_phone` varchar(50) CHARACTER SET utf8mb4 COLLATE utf8mb4_unicode_ci DEFAULT NULL,
  `guarrantor_email` varchar(100) CHARACTER SET utf8mb4 COLLATE utf8mb4_unicode_ci DEFAULT NULL,
  `guarrantor_o_address` longtext CHARACTER SET utf8mb4 COLLATE utf8mb4_unicode_ci NOT NULL,
  `guarrantor_h_address` varchar(200) CHARACTER SET utf8mb4 COLLATE utf8mb4_unicode_ci DEFAULT NULL,
  `state` varchar(50) CHARACTER SET utf8mb4 COLLATE utf8mb4_unicode_ci DEFAULT NULL,
  `lga` varchar(200) CHARACTER SET utf8mb4 COLLATE utf8mb4_unicode_ci DEFAULT NULL,
  `business` varchar(200) CHARACTER SET utf8mb4 COLLATE utf8mb4_unicode_ci DEFAULT NULL,
  `guarantor_business` varchar(200) CHARACTER SET utf8mb4 COLLATE utf8mb4_unicode_ci DEFAULT NULL,
  `remarks` longtext CHARACTER SET utf8mb4 COLLATE utf8mb4_unicode_ci,
  `registered_amount` double DEFAULT NULL,
  `created_at` timestamp NULL DEFAULT NULL,
  `updated_at` timestamp NULL DEFAULT NULL,
  PRIMARY KEY (`id`)
) ENGINE=MyISAM AUTO_INCREMENT=68 DEFAULT CHARSET=utf8mb4 COLLATE=utf8mb4_unicode_ci;

--
-- Dumping data for table `customers`
--

INSERT INTO `customers` (`id`, `titleID`, `first_name`, `middle_name`, `last_name`, `phone`, `email`, `bvn`, `nin`, `marketerID`, `address`, `office_address`, `is_h_address_verified`, `is_o_address_verified`, `registerdBy`, `account_id`, `user_id`, `status`, `guarrantor_full_name`, `guarrantor_phone`, `guarrantor_email`, `guarrantor_o_address`, `guarrantor_h_address`, `state`, `lga`, `business`, `guarantor_business`, `remarks`, `registered_amount`, `created_at`, `updated_at`) VALUES
(5, 1, 'GLOBAL', 'VENTURES LTD', 'IYK DONS SYSTEM  AND', '08039654708', 'Nill', '22235837419', '44091191821', 45, 'BESIDE NEW STANDARD HOTEL MPAPE ABUJA', 'STD SHOP NO 103  SUCCESS LINE UTAKO ABUJA', 1, 1, 45, 30, 48, 0, 'NDUKWE CHIBUIKE PAUL', '07037762962', 'Nill', 'STB SHOP NO 30 BLESSED LINE UTAKO ABUJA', 'OPP CHIEF PALACE ZAUDA DEI-DEI ABUJA', 'EBONYI', 'AFIKPO', 'CLEANING AND BUILDING MATERIALS', 'MATERIALS', 'AFTER SEEN HIS BUSINESS AND HOUSE, HE HAS CAPACITY TO MANAGE THE LOAN.', NULL, NULL, '2023-04-06 14:29:03'),
(4, 2, 'Anulika', 'Mary', 'Ugo', '08062080021', 'marisbeautyfabrics@gmail.com', '22237711506', '52982026309468', 45, 'k25 Sultan Dasuki way FHA  Kubwa, Abuja', 'Shop 115, success line, Utako market, FCT Abuja.', 1, 1, 45, 29, 47, 1, 'Eneh Uchenna Michael', '07066676543', 'nil', 'Shop No 26 Fish and Meat wet line, Utako market, Abuja.', 'Kagini, behind Akimi house, opposite Kubwa FCT Abuja', 'Imo', 'Orlu', 'Fabrics', 'Sale of food stuff', 'She has been a credible client for a long time.', NULL, NULL, '2023-01-24 13:51:42'),
(6, 1, 'GOODLUCK', 'UZO', 'UNADIKE', '08109545251', 'unadikegoodluck.gmail.com', '22228362188', 'S7Y0OUYMH000819', 45, 'NO 5 UNITY STREET SABURI 2 DEI-DEI ABUJA', 'NO 437 ANOINTED LINE UTAKO MARKET ABUJA', 1, 1, 45, 31, 49, 1, 'ANUSIEM DANIEL CHIMA', '08169744292', '0', 'STC SHOP NO 105 SPECIAL LINE UTAKO MARKET ABUJA', 'BEHIND CALVARY SCHOOL ZONE 9 AIR PORT ROAD LUGBE.', 'Kogi', 'Okene', 'Sale of Computer accessory and stationary', 'School administrator, Great Height Academy.', 'GOOD COSTUMER WITH INTEGRITY', NULL, NULL, '2023-04-13 12:55:37'),
(7, 1, 'CHIMA', 'CHIMA', 'EZEOFOR', '08066141556', 'none', '22190475255', 'ABC11972AD03', 45, 'Behind first transformer, Wumber village, Apo, Abuja', 'Shop 7, Kaduna, old Garki market, Abuja', 1, 1, 45, 32, 50, 0, 'OFFOR CALLISTUS', '08057633144', 'none', 'SHOP 13, YAKUBU JIBRIM STREET ,GARKI OLD MARKET', '88 LAGOS STREET, GARKI VILLAGE ABUJA', 'IMO', 'ORLU', 'Sale of provision and others', 'Whole Sale of provision', 'He is a returning client who has been faithful in handling facilities.', NULL, NULL, '2023-04-03 18:20:19'),
(10, 2, 'NATURAL', 'FOOD STORES', 'C TOTAL', '08064175417', '0', '22266839877', '59969441745(NIMC)', 45, 'NEAR CHIEF PALACE KUCHINGORO AIRPORT ROAD ABUJA.', 'DY 119 ANOINTED LINE UTAKO MARKET ABUJA.', 1, 1, 45, 35, NULL, 1, 'CHIRAH CHIGOZIE CHIDINMA', '08065344477', NULL, 'SHOP 67 DY UTAKO MARKET ABUJA', 'HOUSE 54 EFAB 3 ESTATE LIFE CAMP ABUJA', 'IMO', 'ORLU( UMUELEKE TOWN)', 'FOOD STUFFS', 'FOOD STUFF', 'A GOOD CUSTOMER WITH GOOD CHARACTER.', NULL, NULL, '2023-04-18 15:26:08'),
(8, 1, 'MOHAMMED', 'NASIR', 'OVOSI', '07066270576', 'mnovosi@gmail.com', '22182593572', 'ABC00567AA02', 45, 'FLAT 3, PLOT 1068, ANTHONY ANI STREET WUYE DISTRICT ABUJA', 'SUITE 012/014, 411 PLAZA LOBITO  CRESCENT WUSE 2 ABUJA', 1, 1, 45, 33, 51, 0, 'UNAEGBU CHUKWUDI CELESTINE', '07082351605', 'nill', 'NO 438 ANOINTED LINE UTAKO', '212 POLICE POST KUBUWA ABUJA', 'KOGI', 'OKENE', 'COMPUTER ACCESSORIES AND STATIONARIES', 'EDUCATIONIST', 'A GOOD CUSTOMER WITH INTEGRITY', NULL, NULL, '2023-04-03 18:20:04'),
(9, 1, 'CHARLSE', 'CHIBUEZE', 'EZENWA', '08035179074', 'charlseezetogether23@gmail.com', '22155896420', 'BWR02877AA08', 45, 'HOUSE 121 GRA SULEJA NIGER STATE', 'SHOP NO 7 HABITAT PLAZA ALUMINIUN VILLAGE DUMEX KADUNA ROAD SULEJA', 1, 1, 45, 34, 52, 1, 'EZENWA CHARLSE', '08035179074', 'NILL', 'SHOP NO 7 HABITAT PLAZA ALUMINIUM VILL DUMEX KADUNA ROAD', 'HOUSE 121 GRA SULEJA', 'ANAMBRA', 'AWKA ETITI', 'ALUMINIUM', 'ALUMINIUM', 'A GOOD CUSTOMER', NULL, NULL, '2023-04-19 14:26:23'),
(11, 2, 'JOSEPHINE', 'NMA', 'ANUFORO', '08035862442', 'X', '22247829086', '37-02-10-006( VOTERS CARD)', 45, 'NO 315  ROAD, PLOT 64 KUBWA ABUJA', 'SHOP NO 354 VICTORY LINE UTAKO MARKET ABUJA.', 1, 1, 45, 36, 53, 1, 'OGBOJI  WILFRED  CHUKWUEMEKA', '08060118004', 'X', 'STC 392 VICTORY LINE UTAKO MARKET ABUJA', 'BLK 174 DOGAB HOUSING ESTATE FHA NYANYA', 'IMO', 'OWERRI NORTH (EGBENU OBUBE)', 'FABRICS', 'INTERIOR DECORATION', 'GOOD BUSINESS TO DEAL WITH', NULL, NULL, '2023-04-19 14:53:55'),
(12, 1, 'KENNETH', 'IKENNA', 'OMEKE', '08135900050', 'wabigail@58@gmail.com', '22368335152', 'S7Y0OG65B0006YI', 45, 'KUCHIYAKO EXTENTION OPP. VIO OFFICE KUJE', 'OKADA PARK TUDUWADA AIRPORT ROAD LUGBE', 1, 1, 45, 37, 54, 1, 'EZEGWU  CHIJIOKE  CHRISTIAN', '08039325819', 'NONE', 'BESIDE OKADA PARK TUDUWADA LUGBE', 'BESIDE ISREALITE SCHOOL TUDUWADA AIRPORT ROAD LUGBE', 'ENUGU', 'NSUKA  (OBUKPA)', 'PHARMACY', 'PHARMACY', 'HIS FIRST LOAN HE PERFOM VERY WELL.', NULL, NULL, '2023-04-18 15:39:37'),
(13, 1, 'Kenneth', 'Ndubuisi', 'Nta', '08039316803', 'kennethndubuisi:74@gmail.com', '22169727211', 'voter\'s card / A 20219894', 44, 'No 15 Patrick Okafor Street Chulunre Kubwa Abuja', 'D2 LS- 06 Utako Market Abuja', 1, 1, 44, 38, 55, 0, 'Nta Samuel', '08036304647', 'nil', 'STB  Shop 96 success line utako market', 'House 1 Lugbe zone 5 Hajia Hole house by Apostolic church lugbe Abuja', 'Anambra', 'Nnewi south', 'Textile materials', 'textiles materials', 'confirmed', NULL, NULL, '2023-04-06 15:02:54'),
(14, 2, 'Nwamaka', '[Priscilla', 'Nwafor', '08037005478, 08027681334', 'amababymo@yahoo.com', '22196255811', 'NIMS  S7Y0OG65D0000KS', 44, '117 Ahmed Jordon Kado Estate Abuja', 'Candellux and suites Area 1 Garki Abuja', 1, 1, 44, 39, 56, 1, 'Ifeanyichukwu Christopher', '07032920837', 'nil', 'Plot 350 A 52 Crescent phase 4 Kubwa Abuja', 'Plot 350 A 52 Crescent phase 4 Kubwa Abuja', 'Anambra', 'Orumba North', 'Boutique', 'Hospitality', 'Customer has the capacity to pay', NULL, NULL, '2023-04-06 15:09:42'),
(15, 1, 'Ariyibi .', 'Adesina', 'Olumuyiwa', '08037867549', 'ariyibolumuryiwa@gmail.com', '22163763682', 'national identification', 44, 'Plot C 60 Opobo street Kubwa back of of Movida Lounge Abuja', 'No 8 suit 2B Glory Mojec plaza Alexandria crescent off Aminu Kano Crescent wuse 2 by Banex Plaza Abuja', 1, 1, 44, 40, 57, 1, 'Joyce  Olumuyiwa', '07035692323', 'Joyce2021@gmail.com', 'No 8 suit 2B Glory Mojec plaza Alexandria crescent off Aminu Kano Crescent wuse 2 by Banex Plaza Abuja', 'Plot C 60 Opobo street Kubwa back of of Movida Lounge Abuja', 'Enugu', 'obollo afor', 'Furniture materials', 'civil servant and textiles business', 'He is an active customer', NULL, NULL, '2023-04-19 18:22:33'),
(16, 1, 'Malachy', 'Chinedu', 'Abah', '08069165230/08134455820', 'malachychinedu4z@gmail.com', '22221310867', 'NINS', 44, 'Back of old PHCN Office Mpape', 'EL-FL bus stop Mpape', 1, 1, 44, 41, 58, 1, 'Aba Eunice', '08147014501', 'Eunice 2021@gmail.com', 'Local Education Authority Bwari Area Council FCT', 'Mpape behind deeper life church', 'Enugu', 'Obollo afor', 'furniture Material', 'Civil Servant / textiles business', 'He is an active customer', NULL, NULL, '2023-04-19 18:35:01'),
(17, 1, 'FROZEN FOODS', 'LIMITED', 'OBI JOHNSON OSHOGWE', '08033207540 & 08055249230', 'obijoe75 @gmail.com', '22161849166', 'NIMC (5298 2017 0125 9248)', 45, 'BLOCK 28 FLAT 6 KUBWA NYSC QUATERS ABUJA.', 'BLOCK F, SHOP 5 GARKI OLD MARKET COLD ROOM LINE.', 1, 1, 45, 42, 59, 1, 'KAJO AONDOHEMBA EMMANUEL', '08061562063', 'X', 'BLOCK F SHOP 8 GARKI OLD MARKET ABUJA.', 'DEPT OF BUSINESS ADMINISTRATION, UNIVERSITY OF ABUJA.', 'EDO', 'ORLADO', 'FROZEN & SEA FOODS', 'ASSISTANT LECTURER AND TRADER', 'A RENEWAL CLIENTS WITH INTEGRITY.', NULL, NULL, '2023-04-26 16:07:35'),
(18, 2, 'NIMOTA', 'BOLATITO', 'AREMU', '08052480135 & 08099343774', 'ideraoremu@yahoo.com', '22149335409', 'INTL PASSPORT(B00056133) & VOTERS CARD', 45, 'PLOT L13B SUNNYVALE HOMES ABUJA', 'C SHOP 64 GARKI MORDEN MARKET ABUJA', 1, 1, 45, 43, 60, 1, 'NWANKWO ANTHONY', '08039374904', 'NIL', 'NO 53 KOGI STREET BLOCK C 14 GARKI MORDEN MARKET ABUJA.', 'HOUSE 12 BY OUR LADY OF FATIMA CATHOLIC CHURCH ADO.', 'LAGOS', 'ISOLO', 'PROVISION, FOODSTUFFS  & FROZEN', 'PROVISION & TOILATORIES', 'SHE IS GOOD TO DEAL BUSINESS WITH.', NULL, NULL, '2023-05-05 18:06:08'),
(19, 1, 'ALIYU', 'LEGBO', 'SULE', '08063953338', 'NIL', '22201902749', 'NIN(S7Y0O0ZTF000HO)', 45, 'BEHIND UTC SULEJA KADUNA ROAD', 'BLOCK A35 SHOP 375 WUSE MARKET', 1, 1, 45, 44, 61, 1, 'SAIDU HASSAN', '08036846169', 'NO', 'BLOCK 37 SHOP 402 WUSE MARKET.', 'BESIDE AMAC HOSPITAL ZONE 5 LUGBE.', 'NIGER', 'KACHA', 'TAILORING MATERIALS', 'TAILORING MATERIALS', 'A RENEWAL CLIENT AND HE PAYS VERY WELL.', NULL, NULL, '2023-05-05 18:09:45'),
(20, 2, 'SANDRA', 'ENTERPRISES', 'IFYJOE', '08036742632', 'ifyjoesandra@gmail.com', '22275506258', 'VOTERS CARD (90F5 AED6 5F598732 059)', 45, 'BESIDE MANNER GUEST HOUSE DUTSE', 'BLOCK A 31 SHOP 344 WUSE MARKET', 1, 1, 45, 45, 62, 1, 'ANEKE JOSEPH', '090128226301', 'NIL', 'BLOCK B SHOP 46 WUSE MARKET', 'ANGWAN TV OPP CAC CHURCH MARABA', 'IMO', 'NGOKPALA', 'BABIES ITEMS', 'LADIES SHOES & BAGS', 'A RENEWAL CLIENT, PAY HER LOAN AT WHEN DO.', NULL, NULL, '2023-05-05 18:06:43'),
(21, 2, 'FRIDAY', 'CALISTER', 'IDIKA', '08164845674', 'idikafridaycalister@gmail.com', '22220764944', 'INTERNATIONAL PASSPORT', 44, 'HOUSE 5 PATRICK CLOSE FEDERAL HOUSING ESTATE LUGBE', 'C 107 WUSE MARKET ABUJA', 1, 1, 45, 46, 63, 1, 'FIRST MANNA OIL AND GAS', '08033297124', 'firstmanna@gmail.com', 'BESIDE TOTAL FILLING STATION (THE SAME PLACE)', 'BESIDE TOTAL FILLING STATION AIRPORT ROAD LUGBE', 'EBONYI', 'OVI', 'LADIES SHOES & BAGS', 'LUBRICANT (COOKING GAS)', 'RENEWAL CUSTOMER WITH GOOD CHARACTER', NULL, NULL, '2023-05-05 20:28:00'),
(22, NULL, 'Global', 'Enterprises', 'Jumaxton', '08033442061', 'onwauo@gmail.com', '2222237808', 'International passport', 44, 'Plot 106 Life camp Extension behind Gwarimpa Estate Abuja', 'Shop 203 Queen Elizabeth line Utako Market Abuja', 1, 1, 44, 47, 64, 1, 'Chukwuma Violet Ifeoma', '08033125919', 'Ifeoma207@gmail.com', 'Shop 228 Favor Line Utako Market Abuja', 'plot 11 Wonderland  Estate Abuja', 'Imo', 'Njaba', 'Toiletries and light Distribution', 'Ladies cloth, bags, shoes etc', 'He is an active customer', NULL, NULL, '2023-05-11 14:59:41'),
(23, NULL, 'Calis', 'Nominees', 'Cato', '08036934249', 'derabest007@gmail.com', '22188529654', 'National Identity Card', 38, 'B 29 Chikakore, Kubwa by rail way bridge, Abuja', 'D2 - 104 Olajumoke Plaza, Dutse Alhaji', 1, 1, 44, 48, 65, 1, 'Anselm Obinna Amadi', '08039569109', 'anselmamadi@gmail.com', 'Angwa Hausa,Chikakore, village kubwa Abuja', 'No 29 Chikakore ,village, kubwa Abuja', 'Anambra', NULL, 'Production and distribution of toilet tissue', 'Logistics and agency banking', 'Returning client', NULL, NULL, '2023-05-11 20:04:34'),
(24, 1, 'CATO', 'NOMINEES', 'CALIS', '07051809365', 'o', '22188529654', '59111669353', 38, 'B 29 beside railway bridge Zone B, Chikakore, kuwa, Abuja.', 'D2 - 104 Olajumoke Plaza, Dutse Alhaji, Abuja', 1, 1, 38, 49, 66, 1, 'AMADI ANSELM OBINNA', '08039569109', 'X', 'Angwa Hausa juction,Chikakore, Kubwa', 'B 29 beside railway bridge Zone B, Chikakore, kuwa, Abuja.', 'ANAMBRA', 'EKWUSIGO', 'Production and distribution of toilet tissues', 'Logistics and bank agency', 'He has been a good client', NULL, NULL, '2023-05-17 15:03:23'),
(25, NULL, 'Integrated enterprises', NULL, 'Friyo Kitchen', '08038731373', 'mayorfholdings@gmail.com', '22170825964', 'National I.D Card', 44, 'House 5 opposite Kugbo primary school behind wisdom covenant church, with a brown gate Abuja', 'Shop B4, B5, B6 Dry Informal Sector Wuse Market', 0, 0, 44, 50, 67, 1, 'Pan Luna Nigeria Limited', '09037074178', 'emmaincome@gmail.com', 'Shop 123 Wuse Market', 'Mararaba opposite city rock hotel Abuja', 'Abia', 'Arochukwu', 'Kitchen Utensils', 'Kitchen Utensils', 'Documents verified', NULL, NULL, '2023-05-18 14:16:52'),
(26, 1, 'Friday', 'Chukwu', 'Igwe', '08181816805', 'fridaychukwu17@gmail.com', '22172754637', 'NIN 5298 2050 0696 0194', 45, 'Off zone 5 market, zone 5 lugbe airport road.', 'STC Shop no 5 Front Line beside Fidelity bank Utako Market', 1, 1, 45, 51, 68, 1, 'Raheem Amidu', '08185043257', 'raheemami44@gmail.com', 'STC no 9 Front line Behind Fidelity Bank Utako Market.', 'Sabo Iddo Beside Yoruba Mosque Iddo', 'Enugu', 'Nkanu East', 'aloon Equipment', 'Cosmetics & Beauty Products.', 'Renewal customer .', NULL, NULL, '2023-06-07 12:41:22'),
(27, NULL, 'VENTURE', NULL, 'UCH DON LEE', '08102335080', 'uchedon2012@gmail.com', '22378493860', 'National ID Card', 44, '234 Ali Ashana Dakwa Niger State Suleja', 'Shop 21dry Informal sector wuse market', 1, 1, 44, 52, 69, 1, 'Okorie Oluebube Miracle', '08164391392', 'okorie@gmail.com', 'Block 29 Shop 321 Wuse Market Abuja', '24 Sokode crescent wuse zone 5 Abuja', 'Ebonyi', 'Onitach', 'Take Away and ceramics and Rubber plates', 'Textile and laces', 'the business is vibrant', NULL, NULL, '2023-05-18 20:21:31'),
(28, 2, 'Ogochukwu', 'Felicia', 'Oboigbator', '08033394197', NULL, '22305633037', 'NIN', 44, 'Hose 5 Prymaid Estate behind Light house Estate  Lugbe Abuja', '50 Ebitu Ukiwe street Bright star plaza Jabi Abuja', 0, 0, 44, 53, NULL, 1, 'Monthly salary', '08033394197', NULL, '50 Ebitu Ukiwe street Bright star plaza Jabi Abuja', 'Hose 5 Prymaid Estate behind Light house Estate  Lugbe Abuja', 'Edo', 'Oredo', 'Financing', 'Loan Financing', 'Staff of Credit Hub Limited Jabi Abuja', NULL, NULL, '2023-05-24 13:29:55'),
(29, 2, 'Ifeoma', 'Ifeoma', 'Aghaebe Ifeoma', '08147746222', 'ifeomaghaebe@gmail,com', '22311739220', 'driving license', 44, 'block 1 flate 1 customer estate kagine Abuja', '185 Obasanjo line utako market Abuja', 0, 0, 44, 54, 70, 1, 'Emmaunel  Chigozie', '08035912466', 'Emmanuel2020@gmail.com', '155 Obasanjo line utako market Abuja', 'house 39 Efab 3 mbora district Abuja', 'Anambra', 'Agleri', 'Textile', 'Interior , curtains and windows blinds', 'she is an existing customer', NULL, NULL, '2023-05-24 13:26:30'),
(30, 2, 'Doris', 'Ogechi', 'Adefemi', '08033316116', 'ogedoris70@gmail.com', '22186689725', 'Drivers licence', 45, 'A1- Gamji Estate Phase 2 Block J Wuye', 'Block 2 store 19 wuse Market', 1, 1, 45, 55, 71, 1, 'Adesiyan Bosede', '08061302005', 'x', 'Shop 217 Ahmad Bello line Utako', 'Block 34, Flat 9 Area 1 saction 2 kano street Garki.', 'Imo', 'Ngokpala', 'Bags of  rice, Bottle waters & Biscuits', 'Shoes & Bags', 'A new client', NULL, NULL, '2023-05-24 16:18:32'),
(31, 2, 'Aniefon', 'Peters', 'Okoroafor', '07040660612', 'aniepeter4real@gmail.com', '22150229177', 'NIMC', 45, 'Block1, Flat1 Victoria Estate Opp Joy foundation school Kabayi Nasarawa State.', 'Shop 22 Provision/kolanut line Utako market', 1, 1, 45, 56, 72, 1, 'Iwu Syriacus Nsikan', '08037193097', 'x', 'Stb 311 Chelsea line Utako', 'Opp Odogwu hotel, Beside RCCG Wumba village Apo', 'Imo', 'Ngokpala', 'Bags of Rice, Bottle Waters & Biscuits', 'Shoes & Bags', 'Renewal clients', NULL, NULL, '2023-05-24 16:56:55'),
(32, 1, 'Okechukwu', 'Moses', 'Igwe', '07013008000', 'okechukwu@gmail.com', '22217778880', 'NIMC', 44, 'House 14 Tune Villa Estate Jukwoyi Abuja', 'B 49 Shop 4 Wuse Market Abuja .', 1, 1, 44, 57, 73, 1, 'Ogbu Michael', '08084730354', 'ogbu2@gmail.com', 'Shop 11 Joy Line Utc Area 10 Abuja', 'Zone 5 by living faith church with a blue gate  lugbe Abuja . by Federal Housing  Estate bus stop.', 'Ebonyi', 'Buria  Izza', 'Salon Equipment\'s', 'Textiles', 'He is a new customer', NULL, NULL, '2023-05-26 14:04:23'),
(33, 1, 'CHIMEZIE', 'NWACHIMEREZE', 'OSUJI', '08039377433', 'nwachi97forsure@gmail.com', '22171931592', 'NIMC', 45, 'BEHIND CRUSH ROCK COMPANY MPAPE ABUJA', 'SHOP NO 46 F&M WET LINE UTAKO MARKET ABUJA.', 1, 1, 45, 58, 74, 1, 'ONWU ALEX EDWIN', '08068768155', 'elexedwin4040@yahoo.com', 'DRIVE 7, HOUSE 16, MINISTERS QUATERS FCT', '40B UBIAJA CRESCENT GARKI 2 FCT', 'IMO', 'MBAISE', 'FOOD STUFFS', 'DEALING ON BAGS OF RICE WHOLSES ( CONTRACTOR AS WELL)', 'GOOD CLIENT. HIS THIRD TIME FACILITY IS THIS.', NULL, NULL, '2023-06-01 12:16:08'),
(34, 1, 'Festus', 'Uchenna', 'Okoro', '09054774850', 'onwa@gmail.com', '2222257808', 'International Passport', 44, 'plot 106 life camp extension behind gwarimpa plaza Abuja', '203 queen Elizabeth line utako market Abuja', 0, 0, 44, 59, 75, 1, 'Ifeoma Violet Chukwuma', '08033125919', 'Violet20@gmail.com', 'shop 288 variety Line Utako Market Abuja', 'plot No 11 Wonderland Estate Abuja', 'Imo', 'Njaba', 'Light Distributor', 'laces and textiles', 'Return customer', NULL, NULL, '2023-06-01 11:35:25'),
(35, 1, 'SAMUEL', 'ASISHANA', 'AJAYI', '07067437575', 'shanatik@gmail.com', '22354035125', 'NIMC', 45, 'HOUSE NO 17 NIAMI STREET ZONE 2 WUSE ABUJA', 'B36 SHOP 2 WUSE MARKET ABUJA', 1, 1, 45, 60, 76, 1, 'QUEEN CRAFT WORLD', '08028298879', 'NIL', 'BLOCK B44 SHOP 8 WUSE MARKET ABUJA.', 'NO 7 KORHOGO STREET WUSE ZONE 2 ABUJA', 'EDO', 'AKUKO EDO', 'TOWELS', 'LACES, ASOOKE & TUBAN', 'GOOD CLIENTS', NULL, NULL, '2023-06-05 16:08:18'),
(36, 2, 'Felicia', 'Ogochukwu', 'Oboigbator', '09129442086', 'Ogochukwuoboi@gmail.com', '22305633037', 'National Identity Mgt', 45, 'House 5 Pyramid Estate Lugbe by VON Abuja', '50 Ebitu Ukiwe street Bright Plaza Abuja', 0, 0, 44, 61, 77, 1, 'Happiness Ewoh', '09029785417', 'happiness2020@gmail.com', '414 Anointed line utako Market Abuja', 'House A7 Wisdom  Estate Lugbe Abuja', 'Edo', 'Iguoke Oredo', 'Finance', 'Laces and textiles', 'staff of credit hub limited', NULL, NULL, '2023-06-13 16:34:12'),
(37, 1, 'MARK', 'ONYEBUCHI', 'ELOKA', '07035565661', 'elokamarkforreal@gmail.com', '22363566025', 'NIMC', 45, 'AFTER OKADA PARK TUDUWADA AIRPORT ROAD LUGBE', 'BEFORE OKADA PARK TUDUWADA AIRPORT ROAD LUGBE.', 1, 1, 45, 62, 78, 1, 'PATRICK PETER NZUBEBECHUKWU', '08109141786', 'NIL', 'BLOCK A 39 SHOP 416 WUSE MARKET ABUJA', 'BY CELESTIAL CHURCHU BUS STOP TUDUWADA AIRPORT ROAD LUGBE.', 'ENUGU', 'NSUKA NORTH', 'WHOLE SALES DRINKS', 'TEXTILE & FABRICS', 'HE WANTS TO USE THE FACILITY AND RESTOCK HIS SHOP MOST ESPECIALLY IN NBL PRODUCTS.', NULL, NULL, '2023-06-15 13:33:00'),
(38, 1, 'IBRAHIM', 'JALAM', 'MOHAMMED', '08028800093 & 08095069007', 'jalamibrahim99@gmail.com', '22165562676', 'NATIONAL DRIVING LICENCE', 45, 'BACK OF UTC CHECHENYA KADUNA ROAD SULEJA NIGER STATE.', 'BLOCK A 35 SHOP 379 WUSE MARKET ABUJA.', 1, 1, 45, 63, 79, 1, 'MOHAMMED SANI MUSA', '08023742585', 'NIL', 'BLOCK 33  SHOP 17 WUSE MARKET ABUJA.', 'NO 2 DORAWA ROAD RAMADAN PRESS SULEJA', 'BAUCHI', 'DANBAM', 'CLOTHING MATERIALS', 'TAILORING MATERIALS', 'HE WANT TO BUY MORE MATERIALS FROM ABA MARKET.', NULL, NULL, '2023-06-21 17:57:02'),
(39, 2, 'Ann', 'Ogechukwu', 'Aneke', '08036730553', 'ann.aneke1@gmail.com', '22149753582', 'International passport', 44, '37 Glorious Crescent, Elsalem Estate Lugbe Abuja Opposite Pent House', '2nd Floor Suite 5 Alibro Atrium Plaza Beside ABC Transport Utako Abuja', 1, 1, 44, 64, 80, 1, 'Onovughe Emuejevoke Ifeanyi', '07034722084', 'Onovughe@gmail.com', '365 Augustus alkhome way utako Abuja', '1132 cadastral crescent zone 5 Abuja', 'Enugu East', 'Emene', 'Health products and  internet  mask installer', 'Hacvi global resources. deals on Farm products', 'she want to stock good , drugs of different kinds', NULL, NULL, '2023-06-21 19:42:55'),
(40, 1, 'Okechukwu', 'Innocent', 'Onyejiuto', '08065029428, 08022237824', 'talk2sima@gmail.com', '22155935675', 'Voters Card', 44, 'Plot 516 behind Iron Bridge CRD Lugbe Abuja', 'Suit 10 Dom Plaza Kuje Abuja', 1, 1, 44, 65, 81, 1, 'John Bede Ofoha', '07038884649', 'Bede2020@gmail.com', 'Suite Ambefz Plaza Wuse Zone 5  Abuja', 'G 16 Blk 4 Southend Estate Souka  Abuja  .', 'Imo', 'Obodukwu ideaito North', 'Electrical Materials', 'property manager, Arbitration & immigration services and distribution of POP Cements', 'Customer want to augment with his capital and purchase electrical materials , lights, Nigeria cabals, fitters and others', NULL, NULL, '2023-06-22 14:29:17'),
(41, 1, 'EKENE', 'VITUS', 'OBIORAH', '08109141786', 'ekeneida@gmail.com', '22249251171', 'VOTERS CARD', 44, 'HOUSE NO 26 ROAD F SAUKA KAHUTA LUGBE ABUJA', 'BRIGHT STAR PLAZA 50 EBITU UKIWE STREET JABI ABUJA.', 1, 1, 45, 66, 82, 1, 'UGO ANULIKA', '08062080021', 'marisbbeautyfabrics@gmail.com', 'NO 115 SUCCESS LINE UTAKO MARKET', 'k25 SULTAN DASUKI WAY F.H.A KUBWA', 'ANAMBRA', 'DUNUKOFIA', 'STAFF', 'FABRICS', 'STAFF LOAN', NULL, NULL, '2023-07-28 12:57:55'),
(42, 2, 'VICTORIA', 'ABIKEADE', 'IDEHEN', '08035987515', 'vicociousglobaltravels@gmail.com', '22192778086', 'INTERNATIONAL PASSPORT', 45, 'BESIDE COOL CITY HOTEL GBESSA AIRPORT ROAD ABUJA.', '411 PLAZA BY BIG BITE WUSE 11 ABUJA.', 1, 1, 45, 67, 83, 1, 'RECHEL CHIOMA OKPARA', '08034516555', 'NILL', 'SKY COMPLEX WUSE ZONE 5 ABUJA', 'C.B.N. QUATERS NO 52, WUSHISHI CRESCENT UTAKO.', 'EKITI', 'IJERO', 'STATIONARIES', 'ESTATE MANAGEMENT ALSO STATIONARY WHOHE SALES DEALER.', 'GOOD CLIENT WITH GOOD BUSINESS', NULL, NULL, '2023-07-28 12:36:54'),
(43, 1, 'Ekene', 'Vitus', 'Obiorah', '08038885128', 'ekeneob@gmail.com', '22249251171', 'Voters Card', 44, 'House no 26 Road F Sauks kahuta lugbe Abuja.', 'Bright Star Plaza , 50 Ebitu ukiwe street jabi Abuja.', 0, 0, 44, 68, 84, 1, 'Ndiokwelu Helen Uche', '08160751766', 'nill', 'STC 75 Special line Utako market', 'T2 Unity 3 Abuja street paradise estate lifecamp Abuja.', 'Anambra', 'Dunukofia', 'Staff', 'Provision & Food Stuff', 'Good to go', NULL, NULL, '2023-07-28 13:05:15'),
(44, 1, 'Osi', 'osi', 'Nwaobasi', '08036475764', 'nwaobosi2487@email.com', '22322792487', 'National Identity Management System', 44, 'No 12 Oloye Street Nyanya Abuja', 'Block 14 Shop 144 . Wuse Market Abuja', 1, 1, 44, 69, 85, 1, 'Anthony Mmadubueze', '09096284313', 'Mmadubueze@gmail.com', 'Shop 37ols Extension wuse Market Abuja', 'No 14 Tunis street wuse Market Abuja', 'Enugu', 'Nakanu', 'Lady\'s fashion bags and shoes', 'men English wears', 'His  information\'s are verified', NULL, NULL, '2023-08-16 12:28:17'),
(45, 1, 'Ephraim', 'Ndubuisi', 'Okoroafor', '07030479432', 'ephraimobika124@gmail.com', '22381193522', 'NIMC', 45, 'No 2 Medical Center road Maraba', 'No 17 Orange Market Maraba', 1, 1, 45, 70, 86, 1, 'Eberechukwu Okoroafor', '08059607701', 'edywinta22@gmail.com', 'Blk c12 no 34 Daniel Obika street Garki Modern Market', 'Base 2 Opp Tima plaza Aku Village Maraba', 'Imo', 'Mbaise', 'Yams & Furniture Materials', 'Clothes', 'Good customer', NULL, NULL, '2023-08-28 15:38:32'),
(46, 2, 'INTEGRATED SERVICES', 'ENTERPRISES', 'FAITHLINE', '08036002314', 'faithlineintegrated@gmail.com', '22213056643', 'INTERNATIONAL PASSPORT', 45, 'NO 22 ENUGU STREET GARKI VILLAGE ABUJA', 'PLOT C16 INTEGRATED ALUMINUM VILLAGE IDU INDUSTRIAL.', 1, 1, 45, 71, 87, 1, 'MR EMMANUEL CHIGOZIE NWACHUKWU', '08036868201', 'emmagoz24@gmail.com', 'FCT EDUCATION SECRETARIT', '53D  ENUGU STREET, GARKI VILLAGE ABUJA.', 'ANAMBRA', 'DUNUKOFIA', 'ALUMINUMS', 'CIVIL SERVANT LEVEL 12 ALSO  DEALING ON BUILDING MATERIALS', 'A GOOD CLIENT', NULL, NULL, '2023-08-28 15:45:44'),
(47, 1, 'COMPANY', 'LIMITED', 'EZONS', '08033515378', 'echezonannebeegmail.com.', '22340503083', 'DRIVING LICENCE', 45, 'OPP ARMY QUATERS GIRI ABUJA', 'PLOT 759 SOLOMON LAR WAY BY CHIDA HOTEL JABI ABUJA', 1, 1, 45, 72, 88, 1, 'HI BREED CONSULT SERVICES LIMITED', '08146626688', 'hi breedconsultservies@gmail.com', 'SUITE 5 AMADEN PLAZA, BESIDE MINISTRY OF WORKS MABUCHI', 'PLOT 793 DURUMI DISTRICT AREA 1GARKI ABUJA', 'ENUGU', 'INYI. ORJI RIVER L G AREA', 'MOTOR  LUBRICANT', 'GARDEN BAR, HOTEL & REAL ESTATE', 'A GOOD CLIENT', NULL, NULL, '2023-08-29 18:06:36'),
(48, 2, 'golden fashions business', 'golden fashions business', 'golden fashions business', '08033455702', 'joyusman222@gmail.com', '22190217275', 'National ID Card', 44, 'House 17.59 Crescent off 5th Avenue Gwarimpa Estate', 'Block B36, Shop 3 Wuse market Abuja', 1, 1, 44, 73, 89, 1, 'Osas Kingsley', '07064455605', 'osas2021@gmail.com', 'block B34 shop 3 wuse market Abuja', 'flat E12phase 11 bricks city estate kubwa Abuja', 'Edo', 'Uhumwode', 'Salon items, attachments ,wigs and pharmacy & store', 'weavons and attachments', 'her business is a daily sales business', NULL, NULL, '2023-08-24 20:57:20'),
(49, 1, 'PAUL', 'CHIBUIKE', 'NDUKWE', '07037762962', 'chybike6060@gmail.com', '22232522101', 'NIMC', 45, 'OPP. CHIEF PALACE ZAUDA DEI-DEI ABUJA', 'STB SHOP NO 30, BLESSED LINE UTAKO ABUJA.', 0, 0, 45, 74, 90, 1, 'UDEOJI BLESSING', '08039398408', 'blessed4food@gmail.com', 'DY 56 OFF CALABA LINE UTAKO', 'OPP FISCUS ESTATE JABI UP STIRE', 'ENUGU', 'UDI', 'FABRICS', 'PROVISION & FOOD STUFF', 'GOOD CLIENTS', NULL, NULL, '2023-08-28 19:59:36'),
(50, 1, 'WILSON', 'MADUKA', 'CHENDO', '08080900078', 'wchedo@gmail.com', '22202061993', 'NIMC', 45, '52B ATIKU ABUBAKA CRESENT CITY VIEW ESTATE APO', '52B ATIKU ABUBAKA CRESENT CITY VIEW ESTATE APO', 1, 1, 45, 75, 91, 1, 'MBUTU EGELE IFESINACHI', '09036474968', 'egelefashon@gmail.com', 'SHOP NO 239 WUYE ULTRA MORDEN MARKET WUYE', 'NNPC QUTERS HOUSE NO 8 UTAKO.', 'ANAMBRA', 'DUNUKOFIA', 'SUPERMARKET', 'FASHON DESIGNER & MATERIA (FABRICS)', 'GOOD CLIENTS', NULL, NULL, '2023-08-29 18:41:23'),
(51, 1, 'AMOBI', 'MARTHINS', 'ANI', '08167981117', 'aniama74@gmail.com', '22160500244', 'INTERNATIONAL PASSPORT', 44, 'NO 36 LAGOS CLOSE OFF PEACE AVENUE PEACE VILLAGE ZONE 9 LUGBE', 'BLOCK 39 SHOP NO 420 WUSE MARKET ABUJA.', 1, 1, 45, 76, 92, 1, 'CANDID SYNEGY LIMITED', '07033060089', 'candidsynegy2020@gmail.com', 'BLOCK B53 SHOP 18 WUSE MARKET ABUJA', 'NO 39 LAGOS CLOSE OFF PEACE AVENUE PEACE VILLAGE ZONE 9 LUGBE', 'ENUGU', 'IGBO ETITI', 'INTERIOR DECORATION', 'STATIONARIES', 'HE IS A GOOD CLIENT WITH ENOUGH GOODS', NULL, NULL, '2023-09-06 20:16:35'),
(52, 1, 'AMOBI', 'MARTHINS', 'ANI', '07167981117', 'mobisanim@gmail.com', '22160500244', 'INTERNATIONAL PASSPORT', 45, 'NO 36 LAGOS CLOSE OFF PEACE AVENUE PEACE VILLAGE ZONE 9 LUGBE', 'BLOCK 39 SHOP 420 WUSE MARKET ABUJA', 0, 0, 45, 77, 93, 1, 'CANDID SYNERGY  LIMITED', '07033060089', 'judeugonaoyo45@gmail.com', 'BLOCK B53 SHOP 18 WUSE MARKET ABUJA', 'NO 39 LAGOS CLOSE OFF PEACE AVENUE PEACE VILLAGE ZONE 9 LUGBE', 'ENUGU', 'IGBO ETITI', 'INTERIOR DECORATION', 'STATIONARIES', 'HE IS GOOD CLIENT', NULL, NULL, '2023-09-14 12:07:34'),
(53, 2, 'Aji', 'Rachel', 'Robinson', '08037030555', 'rachelbeke72@gmail.com', '22205577233', 'International Passport', 45, 'House B 161 Unity Drive, Penthouse 111 Pyakasa Lugbe', 'Ground floor, Suite AD2 Sparklight mall, opp Living Faith Church Durumi', 1, 1, 45, 78, 94, 1, 'Ada Otache', '08037006475', 'otache4real@gmail.com', 'AA1 Apo Sparklight Mall Durumi Abuja', 'B 154 Unity Drive, penthouse Estate Lugbe', 'Benue', 'Otukpo', 'Fabric & Tailoring Material', 'Provision & Food Stuffs', 'A Good client with large shop', NULL, NULL, '2023-09-20 15:02:45'),
(54, 2, 'Martha', NULL, 'Enokale', '09059603922', 'marthaenokela4@gmail.com', '22202858757', 'NIMC', 45, 'House no 40B  Ubiaja crescent Garki', 'Block 406 shop 36 Wuse Market', 1, 1, 45, 79, 95, 1, 'Onwu Alex Edwin', '08068768155', 'alexdy6060@gmail.com', 'Drive 7 House 16 Ministers Hill FCT', '40B Ubiaja Crescent Garki  Abuja', 'Benue', 'Otukpo', 'Fabrics & Tailoring Materials', 'Provision & Food Stuff', 'Renewal client with good character', NULL, NULL, '2023-09-21 06:58:58'),
(55, 2, 'Folake', 'Abeni', 'Adesanye', '09082560772', 'folasegunkandayo@gmail.com', '22259945941', 'NIMC', 45, '33 ABU  Brain & Hammer  Estate Galadimawa', '33 ABU Brain & Hammer Estate Galadimawa', 1, 1, 45, 80, 96, 1, 'Predachi Ventures', '08030540702', 'predachi1717@gmail.com', 'Shop no 317 Chelsea line Utako Market', 'Plot 492 Dawaki Ext. Abuja', 'Lagos', 'Amuwo odofin', 'Whole sales Egg & Provision', 'Fabrics', 'Her business is big enough to carry the loan', NULL, NULL, '2023-10-04 14:26:51'),
(56, 2, 'MARY', 'ANULIKA', 'UGO', '08181539802', 'marisbautyfabrics@gmail.com', '22237711506', 'NIMC', 45, 'K25 SULTAN DASUKU WAY FLAT 4 FHA KUBWA', 'SHOP NO 115 SUCCESS LINE UTAKO', 1, 1, 45, 81, 97, 1, 'UGO GEORGE IFEANYI', '08034528068', 'ugogeorge4real@gmail.com', 'F 405 FATH ABUBAKA LINE KUBUWA MARKET', 'k25 SULTAN DASUKU WAY FLAT 1 FIRST FLOOR KUBWA', 'IMO', 'ORLU EAST', 'FABRIC', 'TEXTILE', 'A GOOD CLIENTS', NULL, NULL, '2023-10-06 15:09:08'),
(57, 1, 'KENNETH', 'NDUBUISI', 'NTA', '08039316804', 'kennethndubuisi74@gmail.com', '22169727211', 'NIMC', 45, 'NO 15 PATRICK OKAFOR STREET CHUKUNRE KUBWA FCT ABUJA', 'D2 L5-06  UTAKO MARKET', 1, 1, 45, 82, 98, 1, 'SAMUEL NTA', '08036304647', 'samuel777@gmail.com', 'NO 96 OBAFEMI LINE UTAKO', 'ZONE 5 LUGBE AIRPORT ROAD ABUJA', 'ANAMBRA', 'NNEWI SOUTH', 'TEXTILE', 'TEXTILE', 'RENEWAL CLIENT WITH GOOD MANNER', NULL, NULL, '2023-10-06 15:08:44'),
(58, 1, 'Chima', 'Isaac', 'Ezeofor', '08066141456', 'chimaezeofor4040@gmail.com', '22190475255', 'Drivers Licence', 45, 'Behind first transformer Wumber village Apo Abuja', 'Shop 7 Kaduna street old Garki Market', 1, 1, 45, 83, 99, 1, 'Callistus  Obioma Offor', '08032080077', 'calloffor70@gmail.come', '13 Yakubu jibrim street Garki', '88 Lagos street Garki 2', 'Imo', 'Ideato North', 'Articles & Provisions', 'Provision Dealer', 'He is a good client', NULL, NULL, '2023-10-11 08:14:52'),
(59, 1, 'CHARLES', 'CHIBUEZE', 'EZENWA', '08135179074', 'charlesezetogether23@gmail.com', '22155896420', 'DRIVERS LICENCE', 45, 'HOUSE NO 121 GRA SULEJA', 'SHOP NO 7 HABITAT PLAZA ALUMINIUM VILLAGE DUMEX KADUNA ROAD SULEJA', 1, 1, 45, 84, 100, 1, 'COLLATERAL', '08135179074', 'X', 'X', 'X', 'ANAMBRA', 'IDEMMILI SOUTH', 'ALUMINIUM', 'X', 'A GOOD CLIENT', NULL, NULL, '2023-11-06 08:23:36'),
(60, 1, 'OSHOGWE FROZEN', 'FOOD LIMITED', 'OBI JOHNSON', '08033207540', 'obijohnsonseafoods@gmail.com', '22161849166', 'NIMC', 45, 'BLOCK 28 FLAT 6 NYSC QUATERS KUBWA ABUJA', 'BLOCK F SHOP 5 GARKI OLD MARKET COLD ROOM LINE GARKI .', 1, 1, 45, 85, 101, 1, 'KAJO AONDOHEMBA EMMANUEL', '08061562063', 'kajoemma434@gmail.com', 'BLOCK F SHOP 8 GARKI OLD MARKET', 'NO 19 PHASE 3 LAYOUT GWAGWALADA', 'EDO', 'BENIN CITY', 'FROZEN FOODS AND SEA FOODS', 'FROZEN & SEA FOODS', 'A GOOD CLIENT', NULL, NULL, '2023-11-06 08:28:50'),
(61, 2, 'SANDRA', 'ENTERPRISES', 'IFYJEO', '08036742612', 'ifyjoesandraenterprises@gmail.com', '22275506258', 'NIMC', 45, 'BESIDE MANNER GUEST HOUSE DUTSE', 'BLOCK A 31 SHOP 344 WUSE MARKET', 1, 1, 45, 86, 102, 1, 'ANEKE JOSEPH', '09012826301', 'josephmary4real@gmail.com', 'BLOCK B SHOP 46 WUSE MARKET', 'ANGWAN TV OPP CAC CHURCH MARABA', 'IMO', 'NGO OKPALA', 'BABIES  ITEMS', 'LADIES SHOES & BAGS', 'RENEWAL CLIENT WITH GOOD CHARACTER', NULL, NULL, '2023-11-06 08:36:15'),
(62, 1, 'GLOBAL', 'RESOURCES', 'ARIONTAL', '08036831743', 'ntaonyeka@gmail.com', '22246835437', 'NIMC', 45, 'NO 28 NEW PIWOYI EXTENSION, BEHIND SHOP RITE PIWOYI AIRPORT ROAD.', '303 MODIBO BLOCK GARKI INTERNATIONAL MARKET', 1, 1, 45, 87, 103, 1, 'NWANKWO ANTHONY', '08039316803', 'tonychidiprovision@gmail.com', 'NO 53 KOGI STREET BLOCK 14 GARKI OLD MARKET', 'BESIDE ST MARTHIN CATHOLIC CHURCH LUGBE', 'NIGER', 'GBAKO', 'TAILORING MATERIALS', 'TAILORING MATERIALS', 'HE IS A NEW CLIENT', NULL, NULL, '2023-11-15 08:22:04'),
(63, 1, 'DANIEL', 'CHIMA', 'ANUSIEM', '08169744292', 'danichima92@gmail.com', '22234793378', 'NIMC', 45, 'BEHIND CALVARY SCHOOL ZONE 9 LUGBE', 'STC SHOP NO 105 SPECIAL LINE UTAKO', 1, 1, 45, 88, 104, 1, 'DURU OBINNA', '08135053457', 'NONE', 'STC SHOP NO 63 PROVISION LINE UTAKO MARKET', 'BESIDE DEOGRACIA SCHOOL ZONE 1 LUGBE', 'EDO', 'ISAKO EAST ( AGINIBODE)', 'FROZEN FOODS', 'FROZEN, FOOD STUFFS AND PROVISIONS IN WHOLE SALES', 'HE IS A NEW CLIENT', NULL, NULL, '2023-11-15 10:51:15'),
(64, 2, 'BRIDGET', 'ALIMA', 'AMODU', '08032310154', 'brightalima@gmail.com', '22269312681', 'NIMC', 45, 'OPP HERODIT SCHOOL JIWA ABUJA', 'D 302 LIFE CHICKEN SECTOR GARKI OLD MARKET ABUJA', 1, 1, 45, 89, 105, 1, 'FROZEN AND GROCERY EXCLUSIVE VENTURES', '07067925838', 'harunayarima.hym@gmail.com', 'DIRECT OPPOSIT COURT OFFICE TAKUSHARA', 'BEHIND WHITE HOUSE GUZAMPE', 'EDO', 'ISAKO EAST', 'FROZEN FOODS', 'FROZEN FOODS & PROVISION IN WHOLE SALES', 'A NWA CLIENT', NULL, NULL, '2023-11-15 11:27:31'),
(65, 1, 'Okechukwu', 'Innocent', 'Onyejiuto', '08065029428', 'talk21sima@gmail.com', '22155935675', 'Voters card', 45, 'Plot 516 Behind Iron Bridge CRD Lugbe', 'Suit 10 Dam Plaza Kuje', 1, 1, 45, 90, 106, 1, 'Ofoha J B Attorneys', '07038884649', 'bedejohndrew@yahoo,com', 'Suite 2021 Anbeez Plaza Wuse zone 5', 'G-16 Block 4 Southend Estate Souka', 'Imo', 'Owerre south', 'Electrical Materials', 'Legal Practitioner', 'Registration fee paid', NULL, NULL, '2023-11-21 07:21:45'),
(66, 1, 'STAR', 'ACADEMY', 'GREAT TALENT', '07032288299', 'great-talent2000@yahoo.com', '22208980926', 'VOTERS CARD', 45, 'PLOT A183 AMAC/ACO -HITECK ESTATE LAYOUT SABON LUGBE AIRPORT ROAD ABUJA.', 'PLOT A183 AMAC/ACO-HITECK ESTATE LAYOUT SABON LUGBEAIRPORT ROAD ABUJA.', 1, 1, 45, 91, 107, 1, 'OKEKE OGOCHUKWU CHINASA', '08037242894', 'ogomnasa@gmail.com', 'PLOT 132A AMBASSADOR STREET AMAC/ACO ESTATE SABON LUGBE.', 'PLOT 30A AMBASSADOR STREET AMAC/ACO ESTATE SABON LUGBE.', 'IMO', 'NGOKPALA', 'PLASTIC ROBBERS', 'MENS SHOES', 'HIS BUSINESS IS SO VIBRANT', NULL, NULL, '2023-11-28 13:30:42'),
(67, 2, 'IFEOMA', 'IFY', 'OJUKWU', '08136335385', 'ifyojukwusysten@gmail.com', '22292956665', 'NIMC', 45, 'BEHIND CHIEF PALACE SABURI 1 DEI-DEI ABUJA', 'SHOP NO 131 SUCCESS LINE UTAKO', 1, 1, 45, 92, 108, 1, 'EJIKE SYLVESTER  NNAMANI', '08035074882', 'NIL', 'BEHIND FAVOUR LINE UTAKO', 'HOUSE 72 ZONE 1 LUGBE', 'IMO', 'NGOKPALA', 'RUBBER PLASTICS', 'MEN SHOES', 'A GOOD CLIENTS', NULL, NULL, '2023-11-29 08:54:34');

-- --------------------------------------------------------

--
-- Table structure for table `customer_documents`
--

DROP TABLE IF EXISTS `customer_documents`;
CREATE TABLE IF NOT EXISTS `customer_documents` (
  `id` bigint UNSIGNED NOT NULL AUTO_INCREMENT,
  `customer_id` int NOT NULL,
  `loan_id` int DEFAULT NULL,
  `description` varchar(500) NOT NULL,
  `url` varchar(500) NOT NULL,
  `created_by` int NOT NULL,
  `created_at` timestamp NOT NULL DEFAULT CURRENT_TIMESTAMP,
  UNIQUE KEY `id` (`id`)
) ENGINE=MyISAM AUTO_INCREMENT=103 DEFAULT CHARSET=latin1;

--
-- Dumping data for table `customer_documents`
--

INSERT INTO `customer_documents` (`id`, `customer_id`, `loan_id`, `description`, `url`, `created_by`, `created_at`) VALUES
(9, 8, 9, 'OVOSI MUHAMMED', '/upload/1675956630.pdf', 43, '2023-02-09 15:30:30'),
(8, 7, 7, 'CHIMA EZEOFOR', '/upload/1675931121.pdf', 43, '2023-02-09 08:25:21'),
(3, 4, 5, 'Anulika Ugo', '/upload/1674558114.pdf', 43, '2023-01-24 11:01:54'),
(7, 5, 6, 'Daniel Okeke', '/upload/1675930950.pdf', 43, '2023-02-09 08:22:30'),
(10, 13, 10, 'Mr Kenneth is a returning and active client that is requesting for a renewal of N2,000,000. We have completed documentation process.', '/upload/1680775256.pdf', 44, '2023-04-06 10:00:56'),
(11, 5, 6, 'REPARKAGE DOCUMENTS FOR IYKE DON SYSTEM GLOBAL VENTURES', '/upload/1680777305.pdf', 45, '2023-04-06 10:35:05'),
(12, 8, 9, 'CHANGE OF GUARANTOR', '/upload/1680777554.pdf', 45, '2023-04-06 10:39:14'),
(13, 6, 8, 'HE IS APPLYING FOR A RENEWAL', '/upload/1680777715.pdf', 45, '2023-04-06 10:41:55'),
(14, 14, 12, 'Mrs.Priscilla Nwamaka  has been in business and has capacity to repay back her loan if granted.    We have completed documentation process.', '/upload/1680779698.pdf', 44, '2023-04-06 11:14:58'),
(15, 10, 13, 'HE IS APPLYING FOR A RENEWAL', '/upload/1681817825.pdf', 45, '2023-04-18 11:37:05'),
(16, 12, 15, 'HE IS APPLYING FOR A RENEWAL', '/upload/1681818293.pdf', 45, '2023-04-18 11:44:53'),
(17, 9, 16, 'HE IS APPLYING FOR A RENEWAL', '/upload/1681900215.pdf', 45, '2023-04-19 10:30:15'),
(18, 11, 17, 'She is a new client and has the capacity to pay.', '/upload/1681902076.pdf', 45, '2023-04-19 11:01:16'),
(19, 15, 18, 'Abah Malachy Chinedu', '/upload/1681909019.pdf', 44, '2023-04-19 12:56:59'),
(20, 15, 18, 'Abah Malachy Chinedu', '/upload/1681909080.pdf', 44, '2023-04-19 12:58:00'),
(21, 15, 18, 'Abah Malachy Chinedu', '/upload/1681909258.pdf', 44, '2023-04-19 13:00:58'),
(22, 15, 19, 'Olumuyiwa Ariyibi', '/upload/1681912344.pdf', 44, '2023-04-19 13:52:24'),
(23, 15, 21, 'Olumuyiwa Ariyibi', '/upload/1681915230.pdf', 44, '2023-04-19 14:40:30'),
(24, 16, 22, 'Abah Malachy Chinedu', '/upload/1681915655.pdf', 44, '2023-04-19 14:47:35'),
(25, 10, 13, 'The remaining documents from C TOTAL NATURAL FOOD STORE THAT BEARS HER NAME', '/upload/1682510480.pdf', 45, '2023-04-26 12:01:20'),
(26, 17, 23, 'Obi Johnson Oshogwe Frozen Foods Limited', '/upload/1682511370.pdf', 45, '2023-04-26 12:16:10'),
(27, 18, 24, 'NIMOTA BOLATITO AREMU', '/upload/1683299334.pdf', 45, '2023-05-05 15:08:54'),
(28, 20, 25, 'ifyjoe sandra enterprises', '/upload/1683299847.pdf', 45, '2023-05-05 15:17:27'),
(29, 19, 26, 'ALIYU LEGBO SULE', '/upload/1683300732.pdf', 45, '2023-05-05 15:32:12'),
(30, 21, 27, 'Friday calister', '/upload/1683304652.pdf', 44, '2023-05-05 16:37:32'),
(31, 21, 28, 'Friday calister', '/upload/1683305252.pdf', 44, '2023-05-05 16:47:32'),
(32, 21, 29, 'Friday calister', '/upload/1683305540.pdf', 44, '2023-05-05 16:52:20'),
(33, 22, 30, 'Jumaxton Global Enterprises', '/upload/1683819205.pdf', 44, '2023-05-11 15:33:25'),
(34, 23, 31, 'CALIS CATO NOMINEES', '/upload/1683822279.pdf', 44, '2023-05-11 16:24:39'),
(35, 24, 32, 'CALIS CATO NOMINEES', '/upload/1684322147.pdf', 38, '2023-05-17 11:15:47'),
(36, 25, 33, 'Friyo  Kitchen Ware Integrated  Enterprises', '/upload/1684405340.pdf', 44, '2023-05-18 10:22:20'),
(37, 27, 34, 'Uch Don Lee Venture', '/upload/1684427062.pdf', 44, '2023-05-18 16:24:22'),
(38, 28, 36, 'Ogochukwu', '/upload/1684920865.pdf', 44, '2023-05-24 09:34:25'),
(39, 29, 35, 'IFEOMA', '/upload/1684934874.pdf', 44, '2023-05-24 13:27:54'),
(40, 30, 39, 'DORIS', '/upload/1685003802.pdf', 44, '2023-05-25 08:36:42'),
(41, 31, 40, 'PETER', '/upload/1685003886.pdf', 44, '2023-05-25 08:38:06'),
(42, 32, 41, 'Igwe Okechukwu', '/upload/1685095786.pdf', 44, '2023-05-26 10:09:46'),
(43, 29, 37, 'Ifeoma', '/upload/1685110126.pdf', 44, '2023-05-26 14:08:46'),
(44, 29, 37, 'Ifeoma', '/upload/1685110128.pdf', 44, '2023-05-26 14:08:48'),
(45, 30, 39, 'DORIS', '/upload/1685110262.pdf', 44, '2023-05-26 14:11:02'),
(46, 34, 42, 'Okoro Festus', '/upload/1685541316.pdf', 44, '2023-05-31 13:55:16'),
(47, 34, 43, 'Ogochukwu', '/upload/1685543479.pdf', 44, '2023-05-31 14:31:19'),
(48, 34, 42, 'Okoro Festus', '/upload/1685544145.pdf', 44, '2023-05-31 14:42:25'),
(49, 34, 44, 'Okoro Festus', '/upload/1685605066.pdf', 44, '2023-06-01 07:37:46'),
(50, 33, 45, 'OSUJI CHIMEZIE IS THIRD TIMS RENEWING CLIENT', '/upload/1685607556.pdf', 45, '2023-06-01 08:19:16'),
(51, 35, 46, 'AJAYI SAMUEL ASISHANA', '/upload/1685967176.pdf', 45, '2023-06-05 12:12:56'),
(52, 28, 36, 'Ogochukwu', '/upload/1686656949.pdf', 44, '2023-06-13 11:49:09'),
(53, 36, 48, 'Ogochukwu', '/upload/1686659933.pdf', 44, '2023-06-13 12:38:53'),
(54, 28, 49, 'oboigbator', '/upload/1686664916.pdf', 44, '2023-06-13 14:01:56'),
(55, 26, 47, 'Friday Chukwu Igwe', '/upload/1686667747.pdf', 45, '2023-06-13 14:49:07'),
(56, 37, 50, 'ELOKA MARK ONYEBUCHI', '/upload/1686821872.pdf', 45, '2023-06-15 09:37:52'),
(57, 39, 51, 'ANN ANEKE', '/upload/1687362394.pdf', 44, '2023-06-21 15:46:34'),
(58, 40, 53, 'Okechukwu  Onyejiuto', '/upload/1687429999.pdf', 44, '2023-06-22 10:33:19'),
(59, 38, 52, 'JALAM', '/upload/1687512290.pdf', 44, '2023-06-23 09:24:50'),
(60, 39, 55, 'ANN ANEKE', '/upload/1687517152.pdf', 44, '2023-06-23 10:45:52'),
(61, 41, 57, 'EKENE', '/upload/1688395812.pdf', 44, '2023-07-03 14:50:12'),
(62, 42, 58, 'IDEHEN VICTORIA ABKEADE', '/upload/1690540013.pdf', 45, '2023-07-28 10:26:53'),
(63, 43, 59, 'OBIORAH EKENE', '/upload/1690540130.pdf', 45, '2023-07-28 10:28:50'),
(64, 44, 60, 'Osi Nwaobasi', '/upload/1692197682.pdf', 44, '2023-08-16 14:54:42'),
(65, 48, 61, 'golden fashions', '/upload/1692896400.pdf', 44, '2023-08-24 17:00:00'),
(66, 45, 62, 'Ephraim Okoroafor', '/upload/1693223087.pdf', 45, '2023-08-28 11:44:47'),
(67, 46, 63, 'FAITHLINE INTEGRATED SERVICER ENTERPRESE', '/upload/1693223387.pdf', 45, '2023-08-28 11:49:47'),
(68, 49, 64, 'NDUKWE PAUL CHIBUIKE', '/upload/1693238580.pdf', 45, '2023-08-28 16:03:00'),
(69, 47, 65, 'Ezons oil limited', '/upload/1693318846.pdf', 45, '2023-08-29 14:20:46'),
(70, 47, 65, 'ezons', '/upload/1693320602.pdf', 44, '2023-08-29 14:50:02'),
(71, 50, 67, 'Wilson', '/upload/1693320737.pdf', 44, '2023-08-29 14:52:18'),
(72, 46, 63, 'FAITHLINE INTEGRATED SERVICER ENTERPRESE', '/upload/1693478297.pdf', 45, '2023-08-31 10:38:17'),
(73, 51, 68, 'ANI', '/upload/1694017640.pdf', 44, '2023-09-06 16:27:20'),
(74, 47, 65, 'EZONS PRODUCTS LIMITED', '/upload/1694609125.pdf', 45, '2023-09-13 12:45:25'),
(75, 52, 69, 'ANI AMAOBI', '/upload/1694682540.pdf', 44, '2023-09-14 09:09:00'),
(76, 47, 65, 'EZONS PRODUCTS LIMITED', '/upload/1695128415.pdf', 45, '2023-09-19 13:00:16'),
(77, 51, 68, 'Amobi ANI', '/upload/1695195399.pdf', 45, '2023-09-20 07:36:40'),
(78, 52, 70, 'Amobi Ani', '/upload/1695195693.pdf', 45, '2023-09-20 07:41:33'),
(79, 15, 21, 'ariyibi', '/upload/1695217172.pdf', 13, '2023-09-20 13:39:32'),
(80, 53, 71, 'Enokela Martha', '/upload/1695224112.pdf', 45, '2023-09-20 15:35:12'),
(81, 53, 72, 'Aji Rachel', '/upload/1695225993.pdf', 45, '2023-09-20 16:06:33'),
(82, 54, 73, 'Enokela Martha', '/upload/1695283317.pdf', 45, '2023-09-21 08:01:57'),
(83, 52, 69, 'Amobi Ani', '/upload/1695288704.pdf', 45, '2023-09-21 09:31:44'),
(84, 54, 73, 'Enokela Martha', '/upload/1695295074.pdf', 45, '2023-09-21 11:17:54'),
(85, 55, 74, 'FOLAKE ABENI ADESANYA', '/upload/1696434195.pdf', 45, '2023-10-04 15:43:15'),
(86, 57, 75, 'NTA KENNETH', '/upload/1696845067.pdf', 45, '2023-10-09 09:51:07'),
(87, 56, 76, 'UGO ANULIKA MARY', '/upload/1696845118.pdf', 45, '2023-10-09 09:51:58'),
(88, 58, 77, 'Chima Ezeofor', '/upload/1697015858.pdf', 45, '2023-10-11 09:17:38'),
(89, 55, 74, 'FOLAKE ABENI ADESANYA', '/upload/1697024984.pdf', 45, '2023-10-11 11:49:44'),
(90, 9, 78, 'EZENWA CHARLSE CHIBUEZE', '/upload/1699262847.pdf', 45, '2023-11-06 09:27:27'),
(91, 17, 79, 'Obi Johnson Oshogwe Frozen Foods Limited', '/upload/1699263280.pdf', 45, '2023-11-06 09:34:40'),
(92, 20, 80, 'IFYJOESANDRA ENTERPRISES', '/upload/1699263640.pdf', 45, '2023-11-06 09:40:40'),
(93, 17, 79, 'OBI OSHIOGWE FROZEN FOODS VARIETY', '/upload/1699366766.pdf', 45, '2023-11-07 14:19:26'),
(94, 19, 81, 'ALIYU LEGBO SULE', '/upload/1700038150.pdf', 45, '2023-11-15 08:49:10'),
(95, 62, 82, 'ARIONTAL GLOBAL RESOURCES', '/upload/1700041143.pdf', 45, '2023-11-15 09:39:03'),
(96, 63, 83, 'BRIDGET ALIMA AMODU', '/upload/1700043247.pdf', 45, '2023-11-15 10:14:07'),
(97, 63, 84, 'DANIEL CHIMA ANUSIEM', '/upload/1700050445.pdf', 45, '2023-11-15 12:14:05'),
(98, 64, 85, 'BRIDGET ALIMA AMODU', '/upload/1700051445.pdf', 45, '2023-11-15 12:30:45'),
(99, 40, 86, 'Okechukwu Innocent Onyejiuto', '/upload/1700555113.pdf', 45, '2023-11-21 08:25:13'),
(100, 66, 87, 'IFEOMA OJUKWU', '/upload/1701180963.pdf', 45, '2023-11-28 14:16:03'),
(101, 66, 88, 'GREAT TALENT STAR ACADEMY', '/upload/1701182243.pdf', 45, '2023-11-28 14:37:23'),
(102, 67, 89, 'Ifeoma Ojukwu', '/upload/1701251845.pdf', 45, '2023-11-29 09:57:25');

-- --------------------------------------------------------

--
-- Table structure for table `customer_notes`
--

DROP TABLE IF EXISTS `customer_notes`;
CREATE TABLE IF NOT EXISTS `customer_notes` (
  `id` bigint UNSIGNED NOT NULL AUTO_INCREMENT,
  `customer_id` int NOT NULL,
  `loan_id` int DEFAULT NULL,
  `notes` varchar(191) CHARACTER SET utf8mb4 COLLATE utf8mb4_unicode_ci NOT NULL,
  `created_by` int NOT NULL,
  `created_at` timestamp NULL DEFAULT NULL,
  `updated_at` timestamp NULL DEFAULT NULL,
  PRIMARY KEY (`id`)
) ENGINE=MyISAM AUTO_INCREMENT=515 DEFAULT CHARSET=utf8mb4 COLLATE=utf8mb4_unicode_ci;

--
-- Dumping data for table `customer_notes`
--

INSERT INTO `customer_notes` (`id`, `customer_id`, `loan_id`, `notes`, `created_by`, `created_at`, `updated_at`) VALUES
(1, 4, 5, 'Going forward, please attach cheques of both the guarantor and the client with the statement of accounts', 42, '2023-01-25 18:55:51', '2023-01-25 18:55:51'),
(2, 4, 5, 'She is applying for renewal and verification has been done again.', 43, '2023-01-25 19:48:54', '2023-01-25 19:48:54'),
(3, 4, 5, 'Pls  ask Client for Acknowledgment', 46, '2023-01-26 01:37:12', '2023-01-26 01:37:12'),
(4, 8, 9, 'The guarantor stays together with the client. What is her capacity to repay the loan in case of default..', 42, '2023-02-10 22:28:15', '2023-02-10 22:28:15'),
(5, 8, 7, '1) Please, check the name again. The name you sent to Mr Adeniyi in your email with him on the  6th February is CHIMA OKOROAFOR.', 42, '2023-02-11 18:12:24', '2023-02-11 18:12:24'),
(6, 8, 7, '1) Please, check the name again. The name you sent to Mr Adeniyi in your email with him on the  6th February is CHIMA OKOROAFOR. (2) The loan documents are not attached to this application.', 42, '2023-02-11 18:14:15', '2023-02-11 18:14:15'),
(7, 8, 6, 'Please, attach the relevant loan documents and revert', 42, '2023-02-11 18:15:58', '2023-02-11 18:15:58'),
(8, 8, 8, 'Please, attach the relevant documents related to this loan application.', 42, '2023-02-11 18:17:22', '2023-02-11 18:17:22'),
(9, 8, 7, 'After asking the client about his second name, i found out that the initial \"I\" in his cheque stands for Isaac. We can proceed with the disbursement.', 45, '2023-02-13 16:18:36', '2023-02-13 16:18:36'),
(10, 8, 7, 'The correct name of the client is CHIMA I. EZEOFOR as reflected on the cheque provided. You may wish to proceed further', 42, '2023-02-14 11:35:02', '2023-02-14 11:35:02'),
(11, 8, 9, 'Management fee', 45, '2023-02-17 14:20:47', '2023-02-17 14:20:47'),
(12, 8, 6, 'The company is viable and the CEO is reliable', 45, '2023-02-17 14:22:44', '2023-02-17 14:22:44'),
(13, 13, 6, 'Verification Officer, please act on this and ensure REMITA compliance please.', 42, '2023-04-12 15:23:54', '2023-04-12 15:23:54'),
(14, 13, 9, 'Please process further.', 42, '2023-04-12 15:30:54', '2023-04-12 15:30:54'),
(15, 13, 9, 'Verification has been completed and the client has completed documentation process', 43, '2023-04-12 19:50:55', '2023-04-12 19:50:55'),
(16, 13, 6, 'Verification has been completed and the client has also completed documentation.', 43, '2023-04-12 19:54:54', '2023-04-12 19:54:54'),
(17, 13, 7, 'Verification has been completed and the client has completed documentation process', 43, '2023-04-12 19:56:56', '2023-04-12 19:56:56'),
(18, 13, 10, 'customer has the capacity and he pays his loans as at when due .', 44, '2023-04-13 12:39:48', '2023-04-13 12:39:48'),
(19, 13, 12, 'Mrs. Priscilla is a new customer with a viable business.', 44, '2023-04-13 12:41:25', '2023-04-13 12:41:25'),
(20, 13, 10, 'Please confirm the claim of 460,000 naira total income made on page 11 of the attachments and process further', 42, '2023-04-13 19:11:58', '2023-04-13 19:11:58'),
(21, 13, 8, 'Please process further the loan request of 1.5 million naira.', 42, '2023-04-13 19:20:05', '2023-04-13 19:20:05'),
(22, 13, 8, 'Please process further the loan request of 1.5 million naira. Also remeber the REMITA code verification', 42, '2023-04-13 19:21:24', '2023-04-13 19:21:24'),
(23, 13, 12, 'Please process', 42, '2023-04-13 19:28:29', '2023-04-13 19:28:29'),
(24, 13, 10, 'This has shown a level of credibility in handling previous facilities and verification process has been completed on him.', 43, '2023-04-13 19:56:59', '2023-04-13 19:56:59'),
(25, 13, 8, 'This client has shown a level of credibility in handling previous facilities and verification process has been completed on him.', 43, '2023-04-13 19:57:56', '2023-04-13 19:57:56'),
(26, 13, 12, 'She is a new client, residing in Kado estate with a viable boutique business. Verification has been completed regarding her application for facility.', 43, '2023-04-13 20:01:44', '2023-04-13 20:01:44'),
(27, 13, 10, 'APPROVED', 46, '2023-04-14 18:26:18', '2023-04-14 18:26:18'),
(28, 13, 9, 'APPROVED', 46, '2023-04-14 18:26:58', '2023-04-14 18:26:58'),
(29, 13, 6, 'APPROVED', 46, '2023-04-14 18:27:35', '2023-04-14 18:27:35'),
(30, 13, 7, 'APPROVED', 46, '2023-04-14 18:28:08', '2023-04-14 18:28:08'),
(31, 13, 8, 'APPROVED', 46, '2023-04-14 18:28:34', '2023-04-14 18:28:34'),
(32, 13, 12, 'APPROVED', 46, '2023-04-14 18:29:01', '2023-04-14 18:29:01'),
(33, 13, 13, 'A renewal customer with good character', 45, '2023-04-18 15:33:31', '2023-04-18 15:33:31'),
(34, 13, 15, 'A renewal customer with good character', 45, '2023-04-18 16:02:31', '2023-04-18 16:02:31'),
(35, 13, 17, 'She deals on fabric and her business is lucrative enough to handle the repayment without stress.', 45, '2023-04-19 15:02:28', '2023-04-19 15:02:28'),
(36, 13, 21, 'customer pays his loans as at when due .', 44, '2023-04-19 18:43:02', '2023-04-19 18:43:02'),
(37, 13, 22, 'customer pays his loans as at when due .', 44, '2023-04-19 18:49:13', '2023-04-19 18:49:13'),
(38, 13, 21, 'I believe you have been told not to book any loan guaranteed by a family member. Please, get another guarantor for this customer. His wife can not be the guarantor', 42, '2023-04-20 21:40:09', '2023-04-20 21:40:09'),
(39, 13, 13, 'Please attach the Article of Association. Also, re-examine her capacity for prompt repayment of her capacity to pay without stress.', 42, '2023-04-20 22:06:47', '2023-04-20 22:06:47'),
(40, 13, 17, '1)Please, verify the NET MONTHLY INCOME of #1,500,000 disclosed by the customer    (2) Ensure the applicant has REMITA retrieval reference number. (3) Carry out other neccesary verification', 42, '2023-04-24 23:49:48', '2023-04-24 23:49:48'),
(41, 13, 15, 'Please, verify', 42, '2023-04-24 23:53:22', '2023-04-24 23:53:22'),
(42, 13, 22, 'Please verify the loan request', 42, '2023-04-25 00:23:53', '2023-04-25 00:23:53'),
(43, 13, 16, 'Please, verify the loand request', 42, '2023-04-25 02:25:31', '2023-04-25 02:25:31'),
(44, 13, 16, 'This client has shown a level of credibility in handling previous facilities. He has the business capacity. However, his updated bank statement should be scrutinize before final approval.', 43, '2023-04-26 13:09:34', '2023-04-26 13:09:34'),
(45, 13, 15, 'He is a pharmacist, we gave him N700,000 at first, now his shop at Lugbe has expanded. I am convinced he will be able to handle the repayment with ease.', 43, '2023-04-26 13:33:59', '2023-04-26 13:33:59'),
(46, 13, 22, 'He is applying for a renewal. He has shown commendable level of commitment in handling previous facilities, we can do business with him.', 43, '2023-04-26 13:37:12', '2023-04-26 13:37:12'),
(47, 13, 23, 'Please, process further', 42, '2023-04-26 16:44:00', '2023-04-26 16:44:00'),
(48, 13, 13, 'You may wish to process further', 42, '2023-04-26 16:50:09', '2023-04-26 16:50:09'),
(49, 12, 15, 'APPROVED', 46, '2023-04-26 17:52:06', '2023-04-26 17:52:06'),
(50, 9, 16, 'APPROVED', 46, '2023-04-26 17:52:27', '2023-04-26 17:52:27'),
(51, 16, 22, 'APPROVED', 46, '2023-04-26 17:52:46', '2023-04-26 17:52:46'),
(52, 13, 23, 'This client has shown a level of credibility in handling previous facilities. He deals on frozen and sea foods at Garki market. We can do business with him.', 43, '2023-04-26 18:05:37', '2023-04-26 18:05:37'),
(53, 13, 13, 'She sells food stuff and provisions. She is applying for a renewal. She has maintained a commendable level of credibility in handling previous facilities.', 43, '2023-04-26 18:09:18', '2023-04-26 18:09:18'),
(54, 13, 17, 'She is a new client, residing in Kubwa FHA. She sell fabrics in Utako market while her guarantor sells curtains in the same market.', 43, '2023-04-26 18:15:44', '2023-04-26 18:15:44'),
(55, 13, 17, 'What the Guarantor\'s relationship with the Client? Please, clarify.', 46, '2023-04-27 21:04:02', '2023-04-27 21:04:02'),
(56, 10, 13, 'APPROVED', 46, '2023-04-27 21:05:46', '2023-04-27 21:05:46'),
(57, 13, 17, 'She is a new client, residing in Kubwa FHA. She sell fabrics in Utako market. Her guarantor is her neighbor in the market, they are NOT related .', 43, '2023-04-28 12:55:17', '2023-04-28 12:55:17'),
(58, 4, 5, 'ACKNOWLEDGED', 46, '2023-04-28 18:32:33', '2023-04-28 18:32:33'),
(59, 4, 5, 'ACKNOWLEDGED', 46, '2023-04-28 18:32:49', '2023-04-28 18:32:49'),
(60, 4, 5, 'ACKNOWLEDGED', 46, '2023-04-28 18:33:16', '2023-04-28 18:33:16'),
(61, 4, 5, 'ACKNOWLEDGED', 46, '2023-04-28 18:33:33', '2023-04-28 18:33:33'),
(62, 11, 17, 'APPROVED', 46, '2023-04-28 18:33:58', '2023-04-28 18:33:58'),
(63, 17, 23, 'APPROVED', 46, '2023-04-28 18:34:17', '2023-04-28 18:34:17'),
(64, 13, 13, 'APPROVED', 46, '2023-04-28 18:41:17', '2023-04-28 18:41:17'),
(65, 13, 17, 'APPROVED', 46, '2023-04-28 18:42:04', '2023-04-28 18:42:04'),
(66, 13, 15, 'APPROVED', 46, '2023-04-28 18:44:09', '2023-04-28 18:44:09'),
(67, 13, 23, 'APPROVED', 46, '2023-04-28 18:44:53', '2023-04-28 18:44:53'),
(68, 13, 22, 'APPROVED', 46, '2023-04-28 18:45:37', '2023-04-28 18:45:37'),
(69, 13, 16, 'APPROVED', 46, '2023-04-28 18:47:46', '2023-04-28 18:47:46'),
(70, 13, 24, 'Management fee', 45, '2023-05-05 17:42:00', '2023-05-05 17:42:00'),
(71, 13, 25, 'A renewal customer with good character', 45, '2023-05-05 17:55:04', '2023-05-05 17:55:04'),
(72, 13, 26, 'A renewal customer with good character', 45, '2023-05-05 18:03:36', '2023-05-05 18:03:36'),
(73, 13, 27, 'customer pays his loans as at when due .', 44, '2023-05-05 20:45:52', '2023-05-05 20:45:52'),
(74, 13, 28, 'customer pays his loans as at when due .', 44, '2023-05-05 20:53:56', '2023-05-05 20:53:56'),
(75, 13, 25, 'Please, verify the capacity of this client and the guarantor to pay back', 42, '2023-05-09 13:02:17', '2023-05-09 13:02:17'),
(76, 13, 26, 'I have reservation on the capacity of this client and the guarantor to repay the loan. Please, do your due diligence', 42, '2023-05-09 13:11:55', '2023-05-09 13:11:55'),
(77, 13, 27, 'Verify', 42, '2023-05-09 13:17:49', '2023-05-09 13:17:49'),
(78, 13, 27, 'She is applying for renewal. Has been a good client of ours.', 43, '2023-05-10 14:06:05', '2023-05-10 14:06:05'),
(79, 13, 26, 'He is applying for a renewal of 2M. He was faithful in paying the last repayment.', 43, '2023-05-10 14:08:14', '2023-05-10 14:08:14'),
(80, 13, 25, 'Mrs Okpara Ifeyinwa, was the name she used in the previous facility, now she is using her company\'s name. She is a capable client.', 43, '2023-05-10 14:13:33', '2023-05-10 14:13:33'),
(81, 13, 24, 'She is an elderly woman in her 70s, she is a new client though the account officer said he has known her for years. Her business capacity is commendable.', 43, '2023-05-10 14:19:10', '2023-05-10 14:19:10'),
(82, 18, 24, 'APPROVED', 46, '2023-05-10 16:01:51', '2023-05-10 16:01:51'),
(83, 20, 25, 'APPROVED', 46, '2023-05-10 16:02:08', '2023-05-10 16:02:08'),
(84, 19, 26, 'APPROVED', 46, '2023-05-10 16:02:23', '2023-05-10 16:02:23'),
(85, 21, 27, 'APPROVED', 46, '2023-05-10 16:02:42', '2023-05-10 16:02:42'),
(86, 13, 25, 'APPROVED', 46, '2023-05-10 16:16:56', '2023-05-10 16:16:56'),
(87, 13, 24, 'APPROVED', 46, '2023-05-10 16:17:29', '2023-05-10 16:17:29'),
(88, 13, 26, 'APPROVED', 46, '2023-05-10 16:17:57', '2023-05-10 16:17:57'),
(89, 13, 27, 'APPROVED', 46, '2023-05-10 16:18:24', '2023-05-10 16:18:24'),
(90, 13, 30, 'customer has the capacity and he pays his loans as at when due .', 44, '2023-05-11 19:37:42', '2023-05-11 19:37:42'),
(91, 13, 30, '*The business registration date is 14th July, 2022 therefore, less than one year. This can not be entertained please.', 42, '2023-05-12 13:51:38', '2023-05-12 13:51:38'),
(92, 13, 31, 'He has maintained a commendable level of credibility in handling previous facilities', 38, '2023-05-17 15:18:09', '2023-05-17 15:18:09'),
(93, 13, 33, 'customer pays his loans as at when due .', 44, '2023-05-18 14:24:51', '2023-05-18 14:24:51'),
(94, 13, 34, 'A new customer with a viable business.', 44, '2023-05-18 20:25:25', '2023-05-18 20:25:25'),
(95, 13, 33, 'Please, process further', 42, '2023-05-19 16:51:59', '2023-05-19 16:51:59'),
(96, 13, 34, 'Please, process further', 42, '2023-05-19 16:57:49', '2023-05-19 16:57:49'),
(97, 13, 33, 'He has been a good client for years, verification has been carried out on his business and his guarantor.', 43, '2023-05-19 19:41:15', '2023-05-19 19:41:15'),
(98, 4, 5, 'APPROVED', 46, '2023-05-19 19:44:17', '2023-05-19 19:44:17'),
(99, 13, 32, 'He has maintained a commendable level of credibility in handling previous facilities', 43, '2023-05-19 19:44:21', '2023-05-19 19:44:21'),
(100, 4, 5, 'APPROVED', 46, '2023-05-19 19:45:08', '2023-05-19 19:45:08'),
(101, 5, 6, 'APPROVED', 46, '2023-05-19 19:46:22', '2023-05-19 19:46:22'),
(102, 8, 9, 'APPROVED', 46, '2023-05-19 19:46:45', '2023-05-19 19:46:45'),
(103, 7, 7, 'APPROVED', 46, '2023-05-19 19:47:22', '2023-05-19 19:47:22'),
(104, 6, 8, 'APPROVED', 46, '2023-05-19 19:48:07', '2023-05-19 19:48:07'),
(105, 13, 34, 'He is a new client but has the capacity to handle the facility.', 43, '2023-05-19 19:48:23', '2023-05-19 19:48:23'),
(106, 13, 10, 'APPROVED', 46, '2023-05-19 19:48:40', '2023-05-19 19:48:40'),
(107, 14, 12, 'APPROVED', 46, '2023-05-19 19:48:54', '2023-05-19 19:48:54'),
(108, 25, 33, 'APPROVED', 46, '2023-05-19 20:12:29', '2023-05-19 20:12:29'),
(109, 27, 34, 'APPROVED', 46, '2023-05-19 20:12:57', '2023-05-19 20:12:57'),
(110, 13, 32, 'APPROVED', 46, '2023-05-19 20:36:00', '2023-05-19 20:36:00'),
(111, 13, 33, 'APPROVED', 46, '2023-05-19 20:36:28', '2023-05-19 20:36:28'),
(112, 13, 34, 'APPROVED', 46, '2023-05-19 20:36:59', '2023-05-19 20:36:59'),
(113, 13, 37, 'Customer has the capacity to pay', 44, '2023-05-24 17:29:37', '2023-05-24 17:29:37'),
(114, 13, 41, 'Customer has the capacity to pay', 44, '2023-05-26 14:10:46', '2023-05-26 14:10:46'),
(115, 13, 41, 'Please, confirm the capacity of the guarantor; the REMITA number and other relevant details', 42, '2023-05-26 15:58:51', '2023-05-26 15:58:51'),
(116, 13, 40, 'There is need for further detail assessment of the applicant\'s capacity to repay the loan. Also, the guarantor\'s capacity is doubtful', 42, '2023-05-26 16:09:04', '2023-05-26 16:09:04'),
(117, 13, 39, 'There are no documents uploaded. Please, check and upload the relevant documents', 42, '2023-05-26 16:11:36', '2023-05-26 16:11:36'),
(118, 13, 36, 'Please, *include your guarantor\'s form. *Evidence of upfront payment. * Reflect the accurate monthly income', 42, '2023-05-26 16:32:33', '2023-05-26 16:32:33'),
(119, 13, 37, 'this is the second loan customer is applying for and she paid the first loan as at when do .', 44, '2023-05-26 18:14:29', '2023-05-26 18:14:29'),
(120, 13, 40, 'She has shown commendable level faithfulness in handling previous facility.', 43, '2023-05-26 19:36:42', '2023-05-26 19:36:42'),
(121, 13, 41, 'He is a new client but has the capacity to handle the facility. Kindly confirm payment of management fees before disbursement.', 43, '2023-05-26 19:38:36', '2023-05-26 19:38:36'),
(122, 13, 36, 'Kindly scrutinize and check the policy for staff loan for approval', 43, '2023-05-26 19:41:33', '2023-05-26 19:41:33'),
(123, 13, 39, 'Please, confirm if the application is two million naira or one million and five hundred thousand naira only. I can see two different applications', 42, '2023-05-30 20:39:55', '2023-05-30 20:39:55'),
(124, 13, 37, 'Please process further. Remember REMITA number', 42, '2023-05-30 20:44:17', '2023-05-30 20:44:17'),
(125, 13, 42, 'A new customer with a viable business.', 44, '2023-05-31 17:52:49', '2023-05-31 17:52:49'),
(126, 13, 43, 'Staff Loan', 44, '2023-05-31 18:29:27', '2023-05-31 18:29:27'),
(127, 13, 44, 'A new customer with a viable business.', 44, '2023-06-01 11:38:16', '2023-06-01 11:38:16'),
(128, 13, 38, 'This was sent twice', 42, '2023-06-03 07:24:04', '2023-06-03 07:24:04'),
(129, 13, 39, 'Please, carry out neccessary verification and obtain REMITA code. One Million, Five Hundred Thousand Naira was recommended', 42, '2023-06-03 07:29:27', '2023-06-03 07:29:27'),
(130, 13, 42, 'Check and resubmit. This individual has three applications.', 42, '2023-06-03 07:31:08', '2023-06-03 07:31:08'),
(131, 13, 44, 'Festus Okoro has three applicatios. Please resubmit the correct one', 42, '2023-06-03 07:35:15', '2023-06-03 07:35:15'),
(132, 13, 45, 'Please, deal', 42, '2023-06-03 07:39:54', '2023-06-03 07:39:54'),
(133, 13, 45, 'He has maintained a commendable level of credibility in handling previous facilities', 43, '2023-06-05 11:19:27', '2023-06-05 11:19:27'),
(134, 13, 39, 'She is  a new client but has capacity for repayment. She sells at Wuse market.', 43, '2023-06-05 11:32:40', '2023-06-05 11:32:40'),
(135, 13, 37, 'Mrs. Ifeoma Aghaebe is applying for a renewal, she did well in the previous transaction.', 43, '2023-06-05 11:45:52', '2023-06-05 11:45:52'),
(136, 13, 46, 'HE IS A GOOD CLIENT, IN HIS THIRD CIRCLE WITH US.', 45, '2023-06-05 16:10:57', '2023-06-05 16:10:57'),
(137, 13, 42, 'He is an active customer . Application resend', 44, '2023-06-05 19:54:28', '2023-06-05 19:54:28'),
(138, 13, 42, 'Please, process further. Ensure that informations provided are accurate and obtaim REMITA details', 42, '2023-06-06 18:20:44', '2023-06-06 18:20:44'),
(139, 13, 46, 'Please process further', 42, '2023-06-06 18:40:59', '2023-06-06 18:40:59'),
(140, 29, 37, 'APPROVED', 46, '2023-06-06 19:14:55', '2023-06-06 19:14:55'),
(141, 30, 39, 'APPROVED', 46, '2023-06-06 19:15:14', '2023-06-06 19:15:14'),
(142, 31, 40, 'APPROVED', 46, '2023-06-06 19:15:47', '2023-06-06 19:15:47'),
(143, 32, 41, 'APPROVED', 46, '2023-06-06 19:17:08', '2023-06-06 19:17:08'),
(144, 33, 45, 'APPROVED', 46, '2023-06-06 19:17:26', '2023-06-06 19:17:26'),
(145, 13, 42, 'He has maintained a commendable level of credibility in handling previous facilities', 43, '2023-06-06 19:17:33', '2023-06-06 19:17:33'),
(146, 13, 46, 'He has capacity and has maintained a commendable level of credibility in handling previous facilities', 43, '2023-06-06 19:18:22', '2023-06-06 19:18:22'),
(147, 13, 37, 'APPROVED', 46, '2023-06-06 19:58:46', '2023-06-06 19:58:46'),
(148, 13, 39, 'APPROVED', 46, '2023-06-06 19:59:29', '2023-06-06 19:59:29'),
(149, 13, 40, 'APPROVED', 46, '2023-06-06 20:00:14', '2023-06-06 20:00:14'),
(150, 13, 41, 'APPROVED', 46, '2023-06-06 20:00:47', '2023-06-06 20:00:47'),
(151, 13, 45, 'APPROVED', 46, '2023-06-06 20:01:17', '2023-06-06 20:01:17'),
(152, 11, 17, 'ACKNOWLEDGED', 46, '2023-06-06 20:09:56', '2023-06-06 20:09:56'),
(153, 12, 15, 'ACKNOWLEDGED', 46, '2023-06-06 20:12:13', '2023-06-06 20:12:13'),
(154, 9, 16, 'ACKNOWLEDGED', 46, '2023-06-06 20:13:04', '2023-06-06 20:13:04'),
(155, 17, 23, 'ACKNOWLEDGED', 46, '2023-06-06 20:13:46', '2023-06-06 20:13:46'),
(156, 16, 22, 'ACKNOWLEDGED', 46, '2023-06-06 20:14:20', '2023-06-06 20:14:20'),
(157, 10, 13, 'ACKNOWLEDGED', 46, '2023-06-06 20:14:50', '2023-06-06 20:14:50'),
(158, 10, 13, 'ACKNOWLEDGED', 46, '2023-06-06 20:15:15', '2023-06-06 20:15:15'),
(159, 4, 5, 'ACKNOWLEDGED', 46, '2023-06-06 20:16:12', '2023-06-06 20:16:12'),
(160, 5, 6, 'ACKNOWLEDGED but instalmental payments should be discouraged', 46, '2023-06-06 20:21:33', '2023-06-06 20:21:33'),
(161, 34, 42, 'APPROVED', 46, '2023-06-06 20:22:08', '2023-06-06 20:22:08'),
(162, 35, 46, 'APPROVED', 46, '2023-06-06 20:22:26', '2023-06-06 20:22:26'),
(163, 13, 42, 'APPROVED', 46, '2023-06-06 20:24:53', '2023-06-06 20:24:53'),
(164, 13, 46, 'APPROVED', 46, '2023-06-06 20:25:22', '2023-06-06 20:25:22'),
(165, 13, 47, 'Please, attach all neccessary documents', 42, '2023-06-13 14:25:41', '2023-06-13 14:25:41'),
(166, 13, 36, 'Management fee of 20,000 paid on 5th June 2023 and guarantor form is uploaded', 44, '2023-06-13 15:52:30', '2023-06-13 15:52:30'),
(167, 13, 47, 'Please process further, but, ensure he submit his REMITA code', 42, '2023-06-16 08:25:00', '2023-06-16 08:25:00'),
(168, 13, 50, 'Please, verify. Also, ensure he submit the REMITA code', 42, '2023-06-16 08:43:47', '2023-06-16 08:43:47'),
(169, 13, 48, 'Process further please.', 42, '2023-06-16 08:52:17', '2023-06-16 08:52:17'),
(170, 13, 47, 'He has maintained a commendable level of credibility in handling previous facilities', 43, '2023-06-16 12:14:43', '2023-06-16 12:14:43'),
(171, 13, 48, 'Documentation and verification has been completed. Her guarantor was her former neighbor and she sells in Utako.', 43, '2023-06-16 12:49:55', '2023-06-16 12:49:55'),
(172, 13, 50, 'This client has shown a level of credibility in handling previous facilities and verification process has been completed on him.', 43, '2023-06-16 12:57:02', '2023-06-16 12:57:02'),
(173, 13, 51, 'She a new customer and she is willing to do business with us .', 44, '2023-06-21 19:48:18', '2023-06-21 19:48:18'),
(174, 13, 52, 'TO BUY MORE MATERIALS', 45, '2023-06-21 19:49:02', '2023-06-21 19:49:02'),
(175, 13, 53, 'Customer is a new prospect and his business is highly demanding', 44, '2023-06-22 14:35:48', '2023-06-22 14:35:48'),
(176, 13, 53, 'Please, process. Ensure proper verication of clams on the forms', 42, '2023-06-22 22:56:34', '2023-06-22 22:56:34'),
(177, 13, 51, 'With income above 12 million per month, what does she need a loan of two million for ? Also, the guarantor\'s home address is not traceable or complete', 42, '2023-06-22 23:09:29', '2023-06-22 23:09:29'),
(178, 13, 52, 'There are no documents attached to this application, please.', 42, '2023-06-22 23:18:59', '2023-06-22 23:18:59'),
(179, 13, 53, 'This is the client i went to Kuje, Soaka, Lugbe and Wuse on Wednesday for verification. We can do business with him. He deals on electrical.', 43, '2023-06-23 12:52:26', '2023-06-23 12:52:26'),
(180, 13, 52, 'HE WANT TO BUY NEW MATERIALS FROM ABA', 45, '2023-06-23 13:28:56', '2023-06-23 13:28:56'),
(181, 13, 55, '12 Million  is  cash flow for a month . income after  expense is 700,000 .  guarantor  address is 1132 Cadastral zone wuye Abuja , also verified sir  .', 44, '2023-06-23 14:36:10', '2023-06-23 14:36:10'),
(182, 13, 54, '12 Million for Mrs Ann Aneke is  cash flow for a month . income after  expense is 700,000.  guarantor address is 1132 Cadastral zone wuye Abuja ,  also verified .', 44, '2023-06-23 14:40:21', '2023-06-23 14:40:21'),
(183, 13, 52, 'Please, process further.', 42, '2023-06-23 14:54:55', '2023-06-23 14:54:55'),
(184, 13, 55, 'Please, verify all claims by the applicants.', 42, '2023-06-23 15:01:28', '2023-06-23 15:01:28'),
(185, 36, 48, 'APPROVE', 46, '2023-06-23 15:33:44', '2023-06-23 15:33:44'),
(186, 37, 50, 'APPROVED', 46, '2023-06-23 15:34:00', '2023-06-23 15:34:00'),
(187, 40, 53, 'APPROVED', 46, '2023-06-23 15:34:11', '2023-06-23 15:34:11'),
(188, 13, 47, 'APPROVED', 46, '2023-06-23 15:48:50', '2023-06-23 15:48:50'),
(189, 13, 50, 'APPROVED', 46, '2023-06-23 15:49:16', '2023-06-23 15:49:16'),
(190, 13, 53, 'APPROVED', 46, '2023-06-23 15:50:22', '2023-06-23 15:50:22'),
(191, 13, 52, 'He has maintained a measure of credibility in handling previous facilities. We can do business with him.', 43, '2023-06-23 15:50:30', '2023-06-23 15:50:30'),
(192, 38, 52, 'APPROVED', 46, '2023-06-23 16:14:37', '2023-06-23 16:14:37'),
(193, 13, 52, 'APPROVED', 46, '2023-06-23 16:16:38', '2023-06-23 16:16:38'),
(194, 13, 57, 'Staff Loan', 44, '2023-07-03 18:57:32', '2023-07-03 18:57:32'),
(195, 13, 57, 'Ugo Mary Anulika is a client to the company and can not be a guarantor please', 42, '2023-07-08 21:05:13', '2023-07-08 21:05:13'),
(196, 13, 58, 'A renewal customer with good character', 45, '2023-07-28 12:43:18', '2023-07-28 12:43:18'),
(197, 13, 58, 'Please, confirm the authenticity of the addresses. Confirm the claims of the monthly income and ensure the activation of remitta code', 42, '2023-08-01 15:34:53', '2023-08-01 15:34:53'),
(198, 13, 59, 'Please, verify', 42, '2023-08-01 15:39:17', '2023-08-01 15:39:17'),
(199, 13, 58, 'She is requesting for a renewal after several months, we has a measure of credibility.', 43, '2023-08-08 12:21:01', '2023-08-08 12:21:01'),
(200, 13, 59, 'It is a staff loan, he has completed documentation for the facility.', 43, '2023-08-08 12:29:37', '2023-08-08 12:29:37'),
(201, 42, 58, 'APPROVED', 46, '2023-08-08 21:54:43', '2023-08-08 21:54:43'),
(202, 43, 59, 'APPROVED', 46, '2023-08-08 21:55:05', '2023-08-08 21:55:05'),
(203, 13, 58, 'APPROVED', 46, '2023-08-08 21:57:37', '2023-08-08 21:57:37'),
(204, 13, 59, 'APPROVED', 46, '2023-08-09 15:42:41', '2023-08-09 15:42:41'),
(205, 13, 60, 'customer want to purchase goods with loan', 44, '2023-08-16 18:57:50', '2023-08-16 18:57:50'),
(206, 13, 60, 'Please verify', 42, '2023-08-21 11:11:20', '2023-08-21 11:11:20'),
(207, 13, 60, 'He has maintained a commendable level of credibility in handling previous facilities', 43, '2023-08-21 11:53:32', '2023-08-21 11:53:32'),
(208, 13, 61, 'A new customer with a viable business.', 44, '2023-08-24 21:00:38', '2023-08-24 21:00:38'),
(209, 13, 61, 'Please, verify all relevant claims on the form', 42, '2023-08-25 12:03:00', '2023-08-25 12:03:00'),
(210, 13, 62, 'A renewal customer with good character', 45, '2023-08-28 15:41:21', '2023-08-28 15:41:21'),
(211, 13, 63, 'A renewal customer with good character', 45, '2023-08-28 15:47:05', '2023-08-28 15:47:05'),
(212, 13, 64, 'HE HAS ENOUGH GOODS IN HIS SHOP', 45, '2023-08-28 20:01:18', '2023-08-28 20:01:18'),
(213, 13, 67, 'WILSON CHENDO', 45, '2023-08-29 18:43:31', '2023-08-29 18:43:31'),
(214, 13, 62, 'Please verify every claim made on the applicant form including the total value of his shop.', 42, '2023-08-29 20:18:56', '2023-08-29 20:18:56'),
(215, 13, 63, 'The guarantor is the same as the next of kin. Also, the guarantor is merely a Principal officer on grade level 12 in public service. He can not guarantee a 2Million naira loan with his salary', 42, '2023-08-29 20:31:35', '2023-08-29 20:31:35'),
(216, 13, 64, 'Collect his BVN number before passing the request for approval. confirm both business and residential addresses by looking at the title documents', 42, '2023-08-29 20:42:13', '2023-08-29 20:42:13'),
(217, 13, 67, 'Please, verify', 42, '2023-08-29 21:12:25', '2023-08-29 21:12:25'),
(218, 13, 63, 'He is a cousin brother to the husband & also has a big building material business.', 45, '2023-08-30 11:23:32', '2023-08-30 11:23:32'),
(219, 13, 65, 'The company is big enough to pay the loan', 45, '2023-08-30 11:44:29', '2023-08-30 11:44:29'),
(220, 13, 67, 'He has maintained a commendable level of credibility in handling previous facilities', 43, '2023-08-30 12:07:27', '2023-08-30 12:07:27'),
(221, 13, 62, 'He has maintained a commendable level of credibility in handling previous facilities', 43, '2023-08-30 12:08:18', '2023-08-30 12:08:18'),
(222, 13, 61, 'Verification has been completed and the client has also completed documentation.', 43, '2023-08-30 12:08:54', '2023-08-30 12:08:54'),
(223, 13, 64, 'Verification has been completed and the client has completed documentation process', 43, '2023-08-30 12:28:03', '2023-08-30 12:28:03'),
(224, 44, 60, 'APPROVED', 46, '2023-09-04 06:36:43', '2023-09-04 06:36:43'),
(225, 48, 61, 'APPROVED', 46, '2023-09-04 06:37:03', '2023-09-04 06:37:03'),
(226, 45, 62, 'APPROVED', 46, '2023-09-04 06:37:22', '2023-09-04 06:37:22'),
(227, 49, 64, 'APPROVED', 46, '2023-09-04 06:37:39', '2023-09-04 06:37:39'),
(228, 50, 67, 'APPROVED', 46, '2023-09-04 06:38:33', '2023-09-04 06:38:33'),
(229, 13, 60, 'APPROVED', 46, '2023-09-04 06:47:35', '2023-09-04 06:47:35'),
(230, 13, 67, 'APPROVED', 46, '2023-09-04 06:48:10', '2023-09-04 06:48:10'),
(231, 13, 62, 'APPROVED', 46, '2023-09-04 06:50:29', '2023-09-04 06:50:29'),
(232, 13, 63, 'Please, process further', 42, '2023-09-05 19:27:44', '2023-09-05 19:27:44'),
(233, 13, 63, 'She changed her guarantor as requested and  she has maintained a commendable level of credibility in handling previous facilities', 43, '2023-09-06 12:03:48', '2023-09-06 12:03:48'),
(234, 13, 68, 'A new customer with a viable business.', 44, '2023-09-06 20:27:45', '2023-09-06 20:27:45'),
(235, 46, 63, 'APPROVED', 46, '2023-09-11 22:24:53', '2023-09-11 22:24:53'),
(236, 13, 68, 'We discussed', 42, '2023-09-13 18:08:35', '2023-09-13 18:08:35'),
(237, 13, 65, 'Please, deal as discussed', 42, '2023-09-13 18:10:59', '2023-09-13 18:10:59'),
(238, 13, 69, 'HIS BUSINESS IS GOOD ONE AND I HAVE VERIFIED THE BUSINESS.', 45, '2023-09-14 12:26:53', '2023-09-14 12:26:53'),
(239, 13, 66, 'I HAVE REPACKAGE THE FILE BOTH THE OFFER LETTER AS U SAID.', 45, '2023-09-14 14:12:03', '2023-09-14 14:12:03'),
(240, 13, 65, 'I HAVE REPACKAGE THE FILE BOTH THE OFFER LETTER AS U SAID. THANKS YOU SIR', 45, '2023-09-14 14:13:56', '2023-09-14 14:13:56'),
(241, 13, 70, 'I have correct my mistake and the client in question has travel', 45, '2023-09-20 06:40:19', '2023-09-20 06:40:19'),
(242, 13, 71, 'A renewal customer with good character', 45, '2023-09-20 14:33:48', '2023-09-20 14:33:48'),
(243, 13, 72, 'Management fee', 45, '2023-09-20 15:04:49', '2023-09-20 15:04:49'),
(244, 13, 65, 'Please, process', 42, '2023-09-20 15:12:30', '2023-09-20 15:12:30'),
(245, 13, 69, 'let him sign all the corrections made on the form. Also, ensure to put the new clause under PAYMENT SCHEDULE', 42, '2023-09-20 15:15:41', '2023-09-20 15:15:41'),
(246, 13, 72, 'Please, process', 42, '2023-09-20 15:27:08', '2023-09-20 15:27:08'),
(247, 13, 73, 'A renewal customer with good character', 45, '2023-09-21 07:00:53', '2023-09-21 07:00:53'),
(248, 13, 69, 'He has fill another form for those one he council', 45, '2023-09-21 08:30:28', '2023-09-21 08:30:28'),
(249, 13, 73, 'Please correct the error we discussed about', 42, '2023-09-21 08:56:18', '2023-09-21 08:56:18'),
(250, 13, 69, 'Please, process carefully', 42, '2023-09-21 08:56:44', '2023-09-21 08:56:44'),
(251, 13, 73, 'I have change another analysis  for her', 45, '2023-09-21 10:16:40', '2023-09-21 10:16:40'),
(252, 13, 65, 'He is a new client, verification has been completed and he has paid his management fee.', 43, '2023-09-21 10:17:17', '2023-09-21 10:17:17'),
(253, 13, 69, 'He is a new client, verification has been completed and he has paid his management fee.', 43, '2023-09-21 10:23:23', '2023-09-21 10:23:23'),
(254, 13, 73, 'Please verify the claims on the forms', 42, '2023-09-21 16:54:07', '2023-09-21 16:54:07'),
(255, 13, 72, 'She is applying for renewal and verification has been done again.', 43, '2023-09-21 17:14:06', '2023-09-21 17:14:06'),
(256, 13, 73, 'She is applying for renewal and verification has been done again but she has not yet paid her upfront.', 43, '2023-09-21 17:15:45', '2023-09-21 17:15:45'),
(257, 47, 65, 'APPROVED', 46, '2023-10-03 12:53:47', '2023-10-03 12:53:47'),
(258, 53, 72, 'APPROVED', 46, '2023-10-03 12:54:34', '2023-10-03 12:54:34'),
(259, 54, 73, 'APPROVED', 46, '2023-10-03 12:55:03', '2023-10-03 12:55:03'),
(260, 13, 64, 'APPROVED', 46, '2023-10-03 13:10:28', '2023-10-03 13:10:28'),
(261, 13, 64, 'APPROVED', 46, '2023-10-03 13:12:04', '2023-10-03 13:12:04'),
(262, 13, 61, 'APPROVED', 46, '2023-10-03 13:17:35', '2023-10-03 13:17:35'),
(263, 13, 63, 'APPROVED', 46, '2023-10-03 13:20:59', '2023-10-03 13:20:59'),
(264, 13, 73, 'APPROVED', 46, '2023-10-03 13:47:18', '2023-10-03 13:47:18'),
(265, 13, 65, 'APPROVED', 46, '2023-10-03 13:48:06', '2023-10-03 13:48:06'),
(266, 13, 72, 'APPROVED', 46, '2023-10-03 13:49:59', '2023-10-03 13:49:59'),
(267, 13, 72, 'APPROVED', 46, '2023-10-03 13:51:16', '2023-10-03 13:51:16'),
(268, 18, 24, 'ACKNOWLEDGED', 46, '2023-10-03 13:54:02', '2023-10-03 13:54:02'),
(269, 20, 25, 'ACKNOWLEDGED', 46, '2023-10-03 13:55:26', '2023-10-03 13:55:26'),
(270, 19, 26, 'ACKNOWLEDGED', 46, '2023-10-03 13:57:25', '2023-10-03 13:57:25'),
(271, 5, 6, 'ACKNOWLEDGED', 46, '2023-10-03 14:14:11', '2023-10-03 14:14:11'),
(272, 5, 6, 'ACKNOWLEDGED', 46, '2023-10-03 14:15:20', '2023-10-03 14:15:20'),
(273, 13, 10, 'ACKNOWLEDGED', 46, '2023-10-03 14:17:27', '2023-10-03 14:17:27'),
(274, 12, 15, 'ACKNOWLEDGED', 46, '2023-10-03 14:18:10', '2023-10-03 14:18:10'),
(275, 6, 8, 'ACKNOWLEDGED', 46, '2023-10-03 14:19:28', '2023-10-03 14:19:28'),
(276, 6, 8, 'ACKNOWLEDGED', 46, '2023-10-03 14:20:21', '2023-10-03 14:20:21'),
(277, 27, 34, 'ACKNOWLEDGED', 46, '2023-10-03 14:21:00', '2023-10-03 14:21:00'),
(278, 17, 23, 'ACKNOWLEDGED', 46, '2023-10-03 14:22:45', '2023-10-03 14:22:45'),
(279, 5, 6, 'ACKNOWLEDGED', 46, '2023-10-03 14:28:08', '2023-10-03 14:28:08'),
(280, 7, 7, 'APPROVED', 46, '2023-10-03 14:28:54', '2023-10-03 14:28:54'),
(281, 25, 33, 'ACKNOWLEDGED', 46, '2023-10-03 14:30:47', '2023-10-03 14:30:47'),
(282, 25, 33, 'ACKNOWLEDGED', 46, '2023-10-03 14:31:01', '2023-10-03 14:31:01'),
(283, 14, 12, 'ACKNOWLEDGED', 46, '2023-10-03 14:32:21', '2023-10-03 14:32:21'),
(284, 11, 17, 'ACKNOWLEDGED', 46, '2023-10-03 14:33:02', '2023-10-03 14:33:02'),
(285, 10, 13, 'ACKNOWLEDGED', 46, '2023-10-03 14:35:03', '2023-10-03 14:35:03'),
(286, 9, 16, 'ACKNOWLEDGED', 46, '2023-10-03 14:36:15', '2023-10-03 14:36:15'),
(287, 30, 39, 'ACKNOWLEDGED', 46, '2023-10-03 14:39:04', '2023-10-03 14:39:04'),
(288, 33, 45, 'ACKNOWLEDGED', 46, '2023-10-03 14:40:04', '2023-10-03 14:40:04'),
(289, 4, 5, 'ACKNOWLEDGED', 46, '2023-10-03 14:41:12', '2023-10-03 14:41:12'),
(290, 11, 17, 'ACKNOWLEDGED', 46, '2023-10-03 14:43:12', '2023-10-03 14:43:12'),
(291, 31, 40, 'ACKNOWLEDGED', 46, '2023-10-03 15:49:52', '2023-10-03 15:49:52'),
(292, 35, 46, 'ACKNOWLEDGED', 46, '2023-10-03 15:50:28', '2023-10-03 15:50:28'),
(293, 4, 5, 'ACKNOWLEDGED', 46, '2023-10-03 15:50:41', '2023-10-03 15:50:41'),
(294, 18, 24, 'ACKNOWLEDGED', 46, '2023-10-03 15:51:39', '2023-10-03 15:51:39'),
(295, 19, 26, 'ACKNOWLEDGED', 46, '2023-10-03 15:51:59', '2023-10-03 15:51:59'),
(296, 18, 24, 'ACKNOWLEDGED', 46, '2023-10-03 15:52:24', '2023-10-03 15:52:24'),
(297, 32, 41, 'ACKNOWLEDGED', 46, '2023-10-03 15:53:18', '2023-10-03 15:53:18'),
(298, 34, 42, 'ACKNOWLEDGED', 46, '2023-10-03 15:54:03', '2023-10-03 15:54:03'),
(299, 34, 42, 'ACKNOWLEDGED', 46, '2023-10-03 15:54:26', '2023-10-03 15:54:26'),
(300, 29, 37, 'ACKNOWLEDGED', 46, '2023-10-03 15:54:50', '2023-10-03 15:54:50'),
(301, 27, 34, 'ACKNOWLEDGED', 46, '2023-10-03 15:55:28', '2023-10-03 15:55:28'),
(302, 13, 10, 'ACKNOWLEDGED', 46, '2023-10-03 16:06:47', '2023-10-03 16:06:47'),
(303, 34, 42, 'ACKNOWLEDGED', 46, '2023-10-03 16:08:34', '2023-10-03 16:08:34'),
(304, 40, 53, 'ACKNOWLEDGED', 46, '2023-10-03 16:09:10', '2023-10-03 16:09:10'),
(305, 35, 46, 'APPROVED', 46, '2023-10-03 16:10:52', '2023-10-03 16:10:52'),
(306, 35, 46, 'APPROVED', 46, '2023-10-03 16:10:53', '2023-10-03 16:10:53'),
(307, 35, 46, 'APPROVED', 46, '2023-10-03 16:10:53', '2023-10-03 16:10:53'),
(308, 35, 46, 'APPROVED', 46, '2023-10-03 16:10:53', '2023-10-03 16:10:53'),
(309, 35, 46, 'APPROVED', 46, '2023-10-03 16:10:53', '2023-10-03 16:10:53'),
(310, 35, 46, 'APPROVED', 46, '2023-10-03 16:10:53', '2023-10-03 16:10:53'),
(311, 35, 46, 'APPROVED', 46, '2023-10-03 16:10:53', '2023-10-03 16:10:53'),
(312, 35, 46, 'APPROVED', 46, '2023-10-03 16:10:53', '2023-10-03 16:10:53'),
(313, 35, 46, 'APPROVED', 46, '2023-10-03 16:10:53', '2023-10-03 16:10:53'),
(314, 35, 46, 'APPROVED', 46, '2023-10-03 16:10:53', '2023-10-03 16:10:53'),
(315, 35, 46, 'APPROVED', 46, '2023-10-03 16:10:53', '2023-10-03 16:10:53'),
(316, 4, 5, 'ACKNOWLEDGED', 46, '2023-10-03 16:12:23', '2023-10-03 16:12:23'),
(317, 21, 27, 'ACKNOWLEDGED', 46, '2023-10-03 16:14:10', '2023-10-03 16:14:10'),
(318, 20, 25, 'ACKNOWLEDGED', 46, '2023-10-03 16:14:46', '2023-10-03 16:14:46'),
(319, 6, 8, 'ACKNOWLEDGED', 46, '2023-10-03 16:16:00', '2023-10-03 16:16:00'),
(320, 5, 6, 'ACKNOWLEDGED', 46, '2023-10-03 16:16:29', '2023-10-03 16:16:29'),
(321, 5, 6, 'ACKNOWLEDGED', 46, '2023-10-03 16:17:29', '2023-10-03 16:17:29'),
(322, 7, 7, 'ACKNOWLEDGED', 46, '2023-10-03 16:17:53', '2023-10-03 16:17:53'),
(323, 31, 40, 'ACKNOWLEDGED', 46, '2023-10-03 16:18:19', '2023-10-03 16:18:19'),
(324, 25, 33, 'ACKNOWLEDGED', 46, '2023-10-03 16:18:52', '2023-10-03 16:18:52'),
(325, 38, 52, 'ACKNOWLEDGED', 46, '2023-10-03 16:19:37', '2023-10-03 16:19:37'),
(326, 6, 8, 'ACKNOWLEDGED', 46, '2023-10-03 16:21:02', '2023-10-03 16:21:02'),
(327, 4, 5, 'ACKNOWLEDGED', 46, '2023-10-03 16:21:53', '2023-10-03 16:21:53'),
(328, 25, 33, 'ACKNOWLEDGED', 46, '2023-10-03 16:22:27', '2023-10-03 16:22:27'),
(329, 37, 50, 'ACKNOWLEDGED', 46, '2023-10-03 16:23:01', '2023-10-03 16:23:01'),
(330, 37, 50, 'ACKNOWLEDGED', 46, '2023-10-03 16:23:48', '2023-10-03 16:23:48'),
(331, 21, 27, 'ACKNOWLEDGED', 46, '2023-10-03 16:25:23', '2023-10-03 16:25:23'),
(332, 25, 33, 'ACKNOWLEDGED', 46, '2023-10-03 16:25:49', '2023-10-03 16:25:49'),
(333, 14, 12, 'ACKNOWLEDGED', 46, '2023-10-03 22:02:47', '2023-10-03 22:02:47'),
(334, 34, 42, 'ACKNOWLEDGED', 46, '2023-10-03 22:03:47', '2023-10-03 22:03:47'),
(335, 16, 22, 'ACKNOWLEDGED', 46, '2023-10-03 22:04:48', '2023-10-03 22:04:48'),
(336, 12, 15, 'ACKNOWLEDGED', 46, '2023-10-03 22:07:42', '2023-10-03 22:07:42'),
(337, 26, 47, 'ACKNOWLEDGED', 46, '2023-10-03 22:13:49', '2023-10-03 22:13:49'),
(338, 5, 6, 'ACKNOWLEDGED', 46, '2023-10-03 22:15:42', '2023-10-03 22:15:42'),
(339, 35, 46, 'ACKNOWLEDGED', 46, '2023-10-03 22:19:38', '2023-10-03 22:19:38'),
(340, 26, 47, 'ACKNOWLEDGED', 46, '2023-10-03 22:20:56', '2023-10-03 22:20:56'),
(341, 26, 47, 'ACKNOWLEDGED', 46, '2023-10-03 22:23:08', '2023-10-03 22:23:08'),
(342, 9, 16, 'ACKNOWLEDGED', 46, '2023-10-03 22:23:57', '2023-10-03 22:23:57'),
(343, 19, 26, 'ACKNOWLEDGED', 46, '2023-10-03 22:28:49', '2023-10-03 22:28:49'),
(344, 32, 41, 'ACKNOWLEDGED', 46, '2023-10-03 22:30:23', '2023-10-03 22:30:23'),
(345, 11, 17, 'ACKNOWLEDGED', 46, '2023-10-03 22:31:21', '2023-10-03 22:31:21'),
(346, 10, 13, 'ACKNOWLEDGED', 46, '2023-10-03 22:37:01', '2023-10-03 22:37:01'),
(347, 10, 13, 'ACKNOWLEDGED', 46, '2023-10-03 22:37:11', '2023-10-03 22:37:11'),
(348, 11, 17, 'ACKNOWLEDGED', 46, '2023-10-03 22:37:59', '2023-10-03 22:37:59'),
(349, 11, 17, 'ACKNOWLEDGED', 46, '2023-10-03 22:38:09', '2023-10-03 22:38:09'),
(350, 20, 25, 'ACKNOWLEDGED', 46, '2023-10-03 22:40:37', '2023-10-03 22:40:37'),
(351, 33, 45, 'ACKNOWLEDGED', 46, '2023-10-03 22:43:07', '2023-10-03 22:43:07'),
(352, 37, 50, 'ACKNOWLEDGED', 46, '2023-10-03 22:43:56', '2023-10-03 22:43:56'),
(353, 13, 10, 'ACKNOWLEDGED', 46, '2023-10-03 22:45:50', '2023-10-03 22:45:50'),
(354, 21, 27, 'ACKNOWLEDGED', 46, '2023-10-03 22:46:45', '2023-10-03 22:46:45'),
(355, 38, 52, 'ACKNOWLEDGED', 46, '2023-10-03 22:47:29', '2023-10-03 22:47:29'),
(356, 35, 46, 'ACKNOWLEDGED', 46, '2023-10-03 22:48:11', '2023-10-03 22:48:11'),
(357, 9, 16, 'ACKNOWLEDGED', 46, '2023-10-03 22:52:38', '2023-10-03 22:52:38'),
(358, 37, 50, 'ACKNOWLEDGED', 46, '2023-10-03 22:53:20', '2023-10-03 22:53:20'),
(359, 31, 40, 'ACKNOWLEDGED', 46, '2023-10-03 22:54:15', '2023-10-03 22:54:15'),
(360, 30, 39, 'ACKNOWLEDGED', 46, '2023-10-03 22:54:57', '2023-10-03 22:54:57'),
(361, 6, 8, 'ACKNOWLEDGED', 46, '2023-10-03 22:59:39', '2023-10-03 22:59:39'),
(362, 17, 23, 'ACKNOWLEDGED', 46, '2023-10-03 23:02:59', '2023-10-03 23:02:59'),
(363, 10, 13, 'ACKNOWLEDGED', 46, '2023-10-03 23:04:22', '2023-10-03 23:04:22'),
(364, 10, 13, 'APPROVED', 46, '2023-10-03 23:04:36', '2023-10-03 23:04:36'),
(365, 10, 13, 'ACKNOWLEDGED', 46, '2023-10-03 23:04:54', '2023-10-03 23:04:54'),
(366, 7, 7, 'ACKNOWLEDGED', 46, '2023-10-03 23:05:30', '2023-10-03 23:05:30'),
(367, 37, 50, 'ACKNOWLEDGED', 46, '2023-10-03 23:08:04', '2023-10-03 23:08:04'),
(368, 26, 47, 'ACKNOWLEDGED', 46, '2023-10-03 23:08:33', '2023-10-03 23:08:33'),
(369, 35, 46, 'ACKNOWLEDGED', 46, '2023-10-03 23:13:17', '2023-10-03 23:13:17'),
(370, 30, 39, 'ACKNOWLEDGED', 46, '2023-10-03 23:14:39', '2023-10-03 23:14:39'),
(371, 27, 34, 'ACKNOWLEDGED', 46, '2023-10-03 23:33:20', '2023-10-03 23:33:20'),
(372, 37, 50, 'ACKNOWLEDGED', 46, '2023-10-03 23:34:19', '2023-10-03 23:34:19'),
(373, 17, 23, 'ACKNOWLEDGED', 46, '2023-10-03 23:37:16', '2023-10-03 23:37:16'),
(374, 5, 6, 'ACKNOWLEDGED', 46, '2023-10-03 23:40:03', '2023-10-03 23:40:03'),
(375, 13, 74, 'Her business can carry the loan with easy', 45, '2023-10-04 14:28:44', '2023-10-04 14:28:44'),
(376, 31, 40, 'ACKNOWLEDGED', 46, '2023-10-04 18:06:19', '2023-10-04 18:06:19'),
(377, 33, 45, 'ACKNOWLEDGED', 46, '2023-10-04 18:07:16', '2023-10-04 18:07:16'),
(378, 18, 24, 'ACKNOWLEDGED', 46, '2023-10-04 18:08:41', '2023-10-04 18:08:41'),
(379, 18, 24, 'ACKNOWLEDGED', 46, '2023-10-04 18:09:19', '2023-10-04 18:09:19'),
(380, 19, 26, 'ACKNOWLEDGED', 46, '2023-10-04 18:09:46', '2023-10-04 18:09:46'),
(381, 20, 25, 'ACKNOWLEDGED', 46, '2023-10-04 18:12:02', '2023-10-04 18:12:02'),
(382, 5, 6, 'ACKNOWLEDGED', 46, '2023-10-04 18:14:46', '2023-10-04 18:14:46'),
(383, 8, 9, 'ACKNOWLEDGED', 46, '2023-10-04 18:15:39', '2023-10-04 18:15:39'),
(384, 9, 16, 'ACKNOWLEDGED', 46, '2023-10-04 18:19:48', '2023-10-04 18:19:48'),
(385, 6, 8, 'ACKNOWLEDGED', 46, '2023-10-04 18:20:50', '2023-10-04 18:20:50'),
(386, 18, 24, 'ACKNOWLEDGED', 46, '2023-10-04 18:31:21', '2023-10-04 18:31:21'),
(387, 5, 6, 'ACKNOWLEDGED', 46, '2023-10-04 18:34:24', '2023-10-04 18:34:24'),
(388, 11, 17, 'ACKNOWLEDGED', 46, '2023-10-04 18:35:46', '2023-10-04 18:35:46'),
(389, 17, 23, 'ACKNOWLEDGED', 46, '2023-10-04 18:37:42', '2023-10-04 18:37:42'),
(390, 10, 13, 'ACKNOWLEDGED', 46, '2023-10-04 18:39:56', '2023-10-04 18:39:56'),
(391, 18, 24, 'ACKNOWLEDGED', 46, '2023-10-04 18:41:58', '2023-10-04 18:41:58'),
(392, 45, 62, 'ACKNOWLEDGED', 46, '2023-10-06 13:26:13', '2023-10-06 13:26:13'),
(393, 26, 47, 'ACKNOWLEDGED', 46, '2023-10-06 13:28:33', '2023-10-06 13:28:33'),
(394, 35, 46, 'ACKNOWLEDGED', 46, '2023-10-06 13:29:43', '2023-10-06 13:29:43'),
(395, 35, 46, 'ACKNOWLEDGED', 46, '2023-10-06 13:29:57', '2023-10-06 13:29:57'),
(396, 26, 47, 'ACKNOWLEDGED', 46, '2023-10-06 13:31:30', '2023-10-06 13:31:30'),
(397, 26, 47, 'ACKNOWLEDGED', 46, '2023-10-06 13:31:45', '2023-10-06 13:31:45'),
(398, 26, 47, 'ACKNOWLEDGED', 46, '2023-10-06 13:32:24', '2023-10-06 13:32:24'),
(399, 49, 64, 'ACKNOWLEDGED', 46, '2023-10-06 13:33:16', '2023-10-06 13:33:16'),
(400, 50, 67, 'ACKNOWLEDGED', 46, '2023-10-06 13:34:36', '2023-10-06 13:34:36'),
(401, 38, 52, 'ACKNOWLEDGED', 46, '2023-10-06 13:37:28', '2023-10-06 13:37:28'),
(402, 37, 50, 'ACKNOWLEDGED', 46, '2023-10-06 13:38:41', '2023-10-06 13:38:41'),
(403, 42, 58, 'ACKNOWLEDGED', 46, '2023-10-06 13:41:08', '2023-10-06 13:41:08'),
(404, 13, 75, 'Management fee', 45, '2023-10-06 15:10:35', '2023-10-06 15:10:35'),
(405, 13, 76, 'Management fee', 45, '2023-10-06 15:12:19', '2023-10-06 15:12:19'),
(406, 13, 77, 'A renewal customer with good character', 45, '2023-10-11 08:16:40', '2023-10-11 08:16:40'),
(407, 13, 74, 'Check the value requested for again', 42, '2023-10-11 09:24:15', '2023-10-11 09:24:15'),
(408, 13, 75, 'You may go ahead and process', 42, '2023-10-11 09:25:03', '2023-10-11 09:25:03'),
(409, 13, 76, 'Process', 42, '2023-10-11 09:51:37', '2023-10-11 09:51:37'),
(410, 13, 77, 'Process', 42, '2023-10-11 09:51:59', '2023-10-11 09:51:59'),
(411, 13, 74, 'The client has refile her form again & apply for 1,000,000', 45, '2023-10-11 10:47:26', '2023-10-11 10:47:26'),
(412, 13, 75, 'He has handled previous transactions responsibly. He has paid management fees and we can do business with him.', 43, '2023-10-12 08:19:35', '2023-10-12 08:19:35'),
(413, 13, 76, 'She is applying for renewal and verification has been done again and she has  paid her management fee.', 43, '2023-10-12 08:21:13', '2023-10-12 08:21:13'),
(414, 13, 77, 'He is applying for renewal, he is one of our most faithful clients. He has paid his management fee.', 43, '2023-10-12 08:24:29', '2023-10-12 08:24:29'),
(415, 13, 74, 'You may process', 42, '2023-10-18 12:35:35', '2023-10-18 12:35:35'),
(416, 52, 69, 'APPROVED', 46, '2023-10-18 13:11:32', '2023-10-18 13:11:32'),
(417, 57, 75, 'APPROVED', 46, '2023-10-18 13:11:54', '2023-10-18 13:11:54'),
(418, 56, 76, 'APPROVED', 46, '2023-10-18 13:12:15', '2023-10-18 13:12:15'),
(419, 58, 77, 'APPROVED', 46, '2023-10-18 13:12:30', '2023-10-18 13:12:30'),
(420, 13, 75, 'APPROVED', 46, '2023-10-18 13:28:48', '2023-10-18 13:28:48'),
(421, 13, 76, 'APPROVED', 46, '2023-10-18 13:29:29', '2023-10-18 13:29:29'),
(422, 13, 77, 'APPROVED', 46, '2023-10-18 13:29:56', '2023-10-18 13:29:56'),
(423, 13, 74, 'She is a new client, her business capacity will be able to handle the repayment with ease, she is yet to pay her upfront.', 43, '2023-10-19 14:28:20', '2023-10-19 14:28:20'),
(424, 30, 39, 'ACKNOWLEDGED', 46, '2023-10-23 10:36:33', '2023-10-23 10:36:33'),
(425, 46, 63, 'ACKNOWLEDGED', 46, '2023-10-23 10:36:59', '2023-10-23 10:36:59'),
(426, 46, 63, 'ACKNOWLEDGED', 46, '2023-10-23 10:37:22', '2023-10-23 10:37:22'),
(427, 7, 7, 'ACKNOWLEDGED', 46, '2023-10-23 10:39:10', '2023-10-23 10:39:10'),
(428, 7, 7, 'ACKNOWLEDGED', 46, '2023-10-23 10:40:47', '2023-10-23 10:40:47'),
(429, 19, 26, 'ACKNOWLEDGED', 46, '2023-10-23 10:41:38', '2023-10-23 10:41:38'),
(430, 26, 47, 'ACKNOWLEDGED', 46, '2023-10-23 10:43:01', '2023-10-23 10:43:01'),
(431, 26, 47, 'ACKNOWLEDGED', 46, '2023-10-23 10:46:25', '2023-10-23 10:46:25'),
(432, 5, 6, 'ACKNOWLEDGED', 46, '2023-10-23 10:48:43', '2023-10-23 10:48:43'),
(433, 5, 6, 'ACKNOWLEDGED', 46, '2023-10-23 10:48:55', '2023-10-23 10:48:55'),
(434, 6, 8, 'ACKNOWLEDGED', 46, '2023-10-23 10:50:10', '2023-10-23 10:50:10'),
(435, 35, 46, 'ACKNOWLEDGED', 46, '2023-10-23 10:54:40', '2023-10-23 10:54:40'),
(436, 33, 45, 'ACKNOWLEDGED', 46, '2023-10-23 10:59:01', '2023-10-23 10:59:01'),
(437, 20, 25, 'ACKNOWLEDGED', 46, '2023-10-23 11:06:46', '2023-10-23 11:06:46'),
(438, 26, 47, 'ACKNOWLEDGED', 46, '2023-10-23 11:27:34', '2023-10-23 11:27:34'),
(439, 55, 74, 'APPROVED', 46, '2023-11-01 17:00:48', '2023-11-01 17:00:48'),
(440, 13, 74, 'APPROVED', 46, '2023-11-01 17:05:40', '2023-11-01 17:05:40'),
(441, 13, 78, 'A renewal customer with good character', 45, '2023-11-06 08:25:40', '2023-11-06 08:25:40'),
(442, 13, 79, 'Management fee', 45, '2023-11-06 08:31:06', '2023-11-06 08:31:06'),
(443, 13, 80, 'Management fee', 45, '2023-11-06 08:38:18', '2023-11-06 08:38:18'),
(444, 13, 78, 'Veify the collateral and other relevant documents please', 42, '2023-11-06 13:56:55', '2023-11-06 13:56:55'),
(445, 13, 80, 'Please process further', 42, '2023-11-06 14:30:11', '2023-11-06 14:30:11'),
(446, 13, 79, 'There are major discripancies in your documentations', 42, '2023-11-06 14:31:06', '2023-11-06 14:31:06'),
(447, 13, 79, 'He has repackage his documents', 45, '2023-11-07 13:17:27', '2023-11-07 13:17:27'),
(448, 13, 79, 'You can verify the documents and addresses. Evidence of shop ownership and REMITA registration are necessary please', 42, '2023-11-07 20:38:31', '2023-11-07 20:38:31'),
(449, 13, 78, 'He is applying for renewal, he is one of our most faithful clients. He has paid his management fee.', 43, '2023-11-08 15:06:50', '2023-11-08 15:06:50'),
(450, 13, 80, 'She is applying for renewal and verification has been done again. She has shown a level of faithfulness in handling previous facilities.', 43, '2023-11-08 15:08:13', '2023-11-08 15:08:13'),
(451, 13, 79, 'He is applying for renewal, he is one of our most faithful clients. He has paid his management fee.', 43, '2023-11-08 15:08:46', '2023-11-08 15:08:46'),
(452, 9, 78, 'APPROVED', 46, '2023-11-08 22:15:07', '2023-11-08 22:15:07'),
(453, 17, 79, 'APPROVED', 46, '2023-11-08 22:15:38', '2023-11-08 22:15:38'),
(454, 20, 80, 'APPROVED', 46, '2023-11-08 22:16:24', '2023-11-08 22:16:24'),
(455, 13, 80, 'APPROVED', 46, '2023-11-08 22:23:34', '2023-11-08 22:23:34'),
(456, 13, 79, 'APPROVED', 46, '2023-11-08 22:24:17', '2023-11-08 22:24:17'),
(457, 13, 78, 'APPROVED', 46, '2023-11-08 22:24:46', '2023-11-08 22:24:46'),
(458, 43, 59, 'ACKNOWLEDGED', 46, '2023-11-08 22:38:24', '2023-11-08 22:38:24'),
(459, 53, 72, 'ACKNOWLEDGED', 46, '2023-11-08 22:39:17', '2023-11-08 22:39:17'),
(460, 47, 65, 'ACKNOWLEDGED', 46, '2023-11-08 22:40:20', '2023-11-08 22:40:20'),
(461, 9, 16, 'ACKNOWLEDGED', 46, '2023-11-08 22:40:52', '2023-11-08 22:40:52'),
(462, 9, 16, 'ACKNOWLEDGED', 46, '2023-11-08 22:41:15', '2023-11-08 22:41:15'),
(463, 8, 9, 'ACKNOWLEDGED', 46, '2023-11-08 22:45:57', '2023-11-08 22:45:57'),
(464, 5, 6, 'ACKNOWLEDGED', 46, '2023-11-08 22:46:15', '2023-11-08 22:46:15'),
(465, 6, 8, 'ACKNOWLEDGED', 46, '2023-11-08 22:47:33', '2023-11-08 22:47:33'),
(466, 6, 8, 'ACKNOWLEDGED', 46, '2023-11-08 22:51:10', '2023-11-08 22:51:10'),
(467, 6, 8, 'ACKNOWLEDGED', 46, '2023-11-08 22:53:10', '2023-11-08 22:53:10'),
(468, 26, 47, 'ACKNOWLEDGED', 46, '2023-11-08 23:03:00', '2023-11-08 23:03:00'),
(469, 26, 47, 'ACKNOWLEDGED', 46, '2023-11-08 23:07:18', '2023-11-08 23:07:18'),
(470, 12, 15, 'ACKNOWLEDGED', 46, '2023-11-08 23:09:36', '2023-11-08 23:09:36'),
(471, 11, 17, 'ACKNOWLEDGED', 46, '2023-11-08 23:13:55', '2023-11-08 23:13:55'),
(472, 45, 62, 'ACKNOWLEDGED', 46, '2023-11-08 23:18:11', '2023-11-08 23:18:11'),
(473, 38, 52, 'ACKNOWLEDGED', 46, '2023-11-08 23:19:19', '2023-11-08 23:19:19'),
(474, 38, 52, 'ACKNOWLEDGED', 46, '2023-11-08 23:19:37', '2023-11-08 23:19:37'),
(475, 37, 50, 'ACKNOWLEDGED', 46, '2023-11-08 23:21:59', '2023-11-08 23:21:59'),
(476, 18, 24, 'ACKNOWLEDGED', 46, '2023-11-08 23:24:05', '2023-11-08 23:24:05'),
(477, 18, 24, 'ACKNOWLEDGED', 46, '2023-11-08 23:24:53', '2023-11-08 23:24:53'),
(478, 10, 13, 'ACKNOWLEDGED', 46, '2023-11-08 23:28:07', '2023-11-08 23:28:07'),
(479, 17, 23, 'ACKNOWLEDGED', 46, '2023-11-08 23:29:22', '2023-11-08 23:29:22'),
(480, 20, 25, 'ACKNOWLEDGED', 46, '2023-11-08 23:30:52', '2023-11-08 23:30:52'),
(481, 49, 64, 'ACKNOWLEDGED', 46, '2023-11-08 23:32:21', '2023-11-08 23:32:21'),
(482, 50, 67, 'ACKNOWLEDGED', 46, '2023-11-08 23:34:50', '2023-11-08 23:34:50'),
(483, 54, 73, 'ACKNOWLEDGED', 46, '2023-11-08 23:37:54', '2023-11-08 23:37:54'),
(484, 13, 81, 'A renewal customer with good character', 45, '2023-11-15 07:46:49', '2023-11-15 07:46:49'),
(485, 13, 82, 'Management fee', 45, '2023-11-15 08:24:57', '2023-11-15 08:24:57'),
(486, 13, 83, 'SHE IS A NEW CLIENT AND HAS A GOOD REFERER AND GUARANTOR', 45, '2023-11-15 08:58:01', '2023-11-15 08:58:01'),
(487, 13, 84, 'A GOOD CLIENT AND HE HAS MUCH GOODS IN HIS SHOP', 45, '2023-11-15 10:54:52', '2023-11-15 10:54:52'),
(488, 13, 85, 'A NEW CLIENT', 45, '2023-11-15 11:29:02', '2023-11-15 11:29:02'),
(489, 13, 81, 'You can verify', 42, '2023-11-16 04:24:41', '2023-11-16 04:24:41'),
(490, 13, 85, 'You may proceed to verify', 42, '2023-11-16 04:44:53', '2023-11-16 04:44:53'),
(491, 13, 84, 'Please carry out necessary verification', 42, '2023-11-16 04:53:25', '2023-11-16 04:53:25'),
(492, 13, 81, 'He has handled previous transactions responsibly. He has paid management fees and we can do business with him.', 43, '2023-11-17 15:02:19', '2023-11-17 15:02:19');
INSERT INTO `customer_notes` (`id`, `customer_id`, `loan_id`, `notes`, `created_by`, `created_at`, `updated_at`) VALUES
(493, 13, 84, 'He is a new client, verification has been completed and he has paid his management fee.', 43, '2023-11-17 15:02:53', '2023-11-17 15:02:53'),
(494, 13, 82, 'He is a new client referred by his brother Kenneth Nta, he has paid his management fee.', 43, '2023-11-17 15:05:36', '2023-11-17 15:05:36'),
(495, 13, 82, 'He is a new client referred by his brother Kenneth Nta, he has paid his management fee.', 43, '2023-11-17 15:05:44', '2023-11-17 15:05:44'),
(496, 13, 85, 'She is a new client, verification has been completed and she has paid her management fee.', 43, '2023-11-17 15:10:41', '2023-11-17 15:10:41'),
(497, 19, 81, 'APPROVED', 46, '2023-11-20 18:32:06', '2023-11-20 18:32:06'),
(498, 62, 82, 'APPROVED', 46, '2023-11-20 18:33:14', '2023-11-20 18:33:14'),
(499, 63, 84, 'APPROVED', 46, '2023-11-20 18:33:46', '2023-11-20 18:33:46'),
(500, 64, 85, 'APPROVED', 46, '2023-11-20 18:34:15', '2023-11-20 18:34:15'),
(501, 13, 81, 'APPROVED', 46, '2023-11-20 18:47:40', '2023-11-20 18:47:40'),
(502, 13, 82, 'ACKNOWLEDGED', 46, '2023-11-20 18:48:07', '2023-11-20 18:48:07'),
(503, 13, 84, 'APPROVED', 46, '2023-11-20 18:48:38', '2023-11-20 18:48:38'),
(504, 13, 85, 'APPROVED', 46, '2023-11-20 18:49:01', '2023-11-20 18:49:01'),
(505, 13, 86, 'A renewal customer with good character', 45, '2023-11-21 07:23:20', '2023-11-21 07:23:20'),
(506, 13, 86, 'The BVN should be verify with other relevant informations concerning the guarantor and the applicant.', 42, '2023-11-21 08:12:54', '2023-11-21 08:12:54'),
(507, 13, 86, 'He is applying for a renewal, he handled the previous transaction responsibly. He has paid his management fee.', 43, '2023-11-21 10:28:28', '2023-11-21 10:28:28'),
(508, 40, 86, 'APPROVED', 46, '2023-11-22 19:21:03', '2023-11-22 19:21:03'),
(509, 13, 86, 'APPROVED', 46, '2023-11-23 01:59:27', '2023-11-23 01:59:27'),
(510, 13, 87, 'Management fee', 45, '2023-11-28 13:14:46', '2023-11-28 13:14:46'),
(511, 13, 88, 'Management fee', 45, '2023-11-28 13:35:00', '2023-11-28 13:35:00'),
(512, 13, 88, 'This loan request will not fly. The onewship has issues. Using School documents to borrow money for pharmacy.', 42, '2023-11-29 08:46:36', '2023-11-29 08:46:36'),
(513, 13, 87, 'Wrong presentation. Names presented are wrong. Also, how did you arrive at a plastis sell worth #1.5 million ??', 42, '2023-11-29 08:55:19', '2023-11-29 08:55:19'),
(514, 13, 89, 'Management fee', 45, '2023-11-29 08:56:09', '2023-11-29 08:56:09');

-- --------------------------------------------------------

--
-- Table structure for table `default_setups`
--

DROP TABLE IF EXISTS `default_setups`;
CREATE TABLE IF NOT EXISTS `default_setups` (
  `id` bigint UNSIGNED NOT NULL AUTO_INCREMENT,
  `code` varchar(20) DEFAULT NULL,
  `Particular` varchar(50) NOT NULL,
  `headid` int NOT NULL,
  `accoountId` int NOT NULL DEFAULT '0',
  UNIQUE KEY `id` (`id`)
) ENGINE=MyISAM AUTO_INCREMENT=4 DEFAULT CHARSET=latin1;

--
-- Dumping data for table `default_setups`
--

INSERT INTO `default_setups` (`id`, `code`, `Particular`, `headid`, `accoountId`) VALUES
(1, NULL, 'Petty Cash', 1, 7),
(2, 'PL', 'Profit/Lost Closing Account ', 6, 82),
(3, 'EQ', 'Equity Closing Account', 5, 38);

-- --------------------------------------------------------

--
-- Table structure for table `failed_jobs`
--

DROP TABLE IF EXISTS `failed_jobs`;
CREATE TABLE IF NOT EXISTS `failed_jobs` (
  `id` bigint UNSIGNED NOT NULL AUTO_INCREMENT,
  `uuid` varchar(191) CHARACTER SET utf8mb4 COLLATE utf8mb4_unicode_ci NOT NULL,
  `connection` text CHARACTER SET utf8mb4 COLLATE utf8mb4_unicode_ci NOT NULL,
  `queue` text CHARACTER SET utf8mb4 COLLATE utf8mb4_unicode_ci NOT NULL,
  `payload` longtext CHARACTER SET utf8mb4 COLLATE utf8mb4_unicode_ci NOT NULL,
  `exception` longtext CHARACTER SET utf8mb4 COLLATE utf8mb4_unicode_ci NOT NULL,
  `failed_at` timestamp NOT NULL DEFAULT CURRENT_TIMESTAMP,
  PRIMARY KEY (`id`),
  UNIQUE KEY `failed_jobs_uuid_unique` (`uuid`)
) ENGINE=MyISAM DEFAULT CHARSET=utf8mb4 COLLATE=utf8mb4_unicode_ci;

-- --------------------------------------------------------

--
-- Table structure for table `fee_charges`
--

DROP TABLE IF EXISTS `fee_charges`;
CREATE TABLE IF NOT EXISTS `fee_charges` (
  `id` bigint UNSIGNED NOT NULL AUTO_INCREMENT,
  `particular` text NOT NULL,
  `amount` double NOT NULL,
  UNIQUE KEY `id` (`id`)
) ENGINE=MyISAM AUTO_INCREMENT=4 DEFAULT CHARSET=latin1;

--
-- Dumping data for table `fee_charges`
--

INSERT INTO `fee_charges` (`id`, `particular`, `amount`) VALUES
(1, 'Registration', 10000),
(2, 'Processing Fees', 5),
(3, 'Defaulter Fees', 4);

-- --------------------------------------------------------

--
-- Table structure for table `fstage`
--

DROP TABLE IF EXISTS `fstage`;
CREATE TABLE IF NOT EXISTS `fstage` (
  `id` bigint UNSIGNED NOT NULL AUTO_INCREMENT,
  `stage_text` varchar(200) NOT NULL,
  UNIQUE KEY `id` (`id`)
) ENGINE=MyISAM AUTO_INCREMENT=7 DEFAULT CHARSET=latin1;

--
-- Dumping data for table `fstage`
--

INSERT INTO `fstage` (`id`, `stage_text`) VALUES
(1, 'Waiting to be forwarded to Account Office'),
(2, 'Awaiting Account officer action'),
(3, 'Awaiting Financial officer action'),
(4, 'Awaiting Verifier officer action'),
(5, 'Awaiting final approval'),
(6, 'Awaiting disbursement');

-- --------------------------------------------------------

--
-- Table structure for table `liquidation_types`
--

DROP TABLE IF EXISTS `liquidation_types`;
CREATE TABLE IF NOT EXISTS `liquidation_types` (
  `id` bigint UNSIGNED NOT NULL AUTO_INCREMENT,
  `particular` varchar(50) NOT NULL,
  UNIQUE KEY `id` (`id`)
) ENGINE=MyISAM AUTO_INCREMENT=3 DEFAULT CHARSET=latin1;

--
-- Dumping data for table `liquidation_types`
--

INSERT INTO `liquidation_types` (`id`, `particular`) VALUES
(1, 'Prorata'),
(2, 'Flat');

-- --------------------------------------------------------

--
-- Table structure for table `loans`
--

DROP TABLE IF EXISTS `loans`;
CREATE TABLE IF NOT EXISTS `loans` (
  `id` bigint UNSIGNED NOT NULL AUTO_INCREMENT,
  `customer_id` int NOT NULL,
  `loan_type_id` int NOT NULL,
  `amount` double(20,2) NOT NULL DEFAULT '0.00',
  `amount_marketer` double(20,2) NOT NULL DEFAULT '0.00',
  `amount_accountant` double(20,2) NOT NULL DEFAULT '0.00',
  `amount_approved` double(20,2) NOT NULL DEFAULT '0.00',
  `marketer_id` int DEFAULT NULL,
  `accountant_id` int DEFAULT NULL,
  `approver_id` int DEFAULT NULL,
  `period` int NOT NULL,
  `percentage` double(11,2) DEFAULT NULL,
  `approval_date` varchar(100) CHARACTER SET utf8mb4 COLLATE utf8mb4_unicode_ci DEFAULT NULL,
  `disbursed_date` varchar(100) CHARACTER SET utf8mb4 COLLATE utf8mb4_unicode_ci DEFAULT NULL,
  `total_interest` double(20,2) NOT NULL DEFAULT '0.00',
  `monthly_repayment` double(20,2) NOT NULL DEFAULT '0.00',
  `total_repayment` double(20,2) NOT NULL DEFAULT '0.00',
  `amount_outstanding` double(20,2) DEFAULT '0.00',
  `first_due_date` varchar(50) CHARACTER SET utf8mb4 COLLATE utf8mb4_unicode_ci DEFAULT NULL,
  `next_due_date` varchar(100) CHARACTER SET utf8mb4 COLLATE utf8mb4_unicode_ci DEFAULT NULL,
  `remarks` varchar(1000) CHARACTER SET utf8mb4 COLLATE utf8mb4_unicode_ci DEFAULT NULL,
  `stage` int NOT NULL DEFAULT '0',
  `status` int NOT NULL DEFAULT '0',
  `is_processed` tinyint NOT NULL DEFAULT '0',
  `created_at` timestamp NULL DEFAULT NULL,
  `updated_at` timestamp NULL DEFAULT NULL,
  PRIMARY KEY (`id`)
) ENGINE=MyISAM AUTO_INCREMENT=90 DEFAULT CHARSET=utf8mb4 COLLATE=utf8mb4_unicode_ci;

--
-- Dumping data for table `loans`
--

INSERT INTO `loans` (`id`, `customer_id`, `loan_type_id`, `amount`, `amount_marketer`, `amount_accountant`, `amount_approved`, `marketer_id`, `accountant_id`, `approver_id`, `period`, `percentage`, `approval_date`, `disbursed_date`, `total_interest`, `monthly_repayment`, `total_repayment`, `amount_outstanding`, `first_due_date`, `next_due_date`, `remarks`, `stage`, `status`, `is_processed`, `created_at`, `updated_at`) VALUES
(10, 13, 1, 2000000.00, 2000000.00, 2000000.00, 2000000.00, 44, 43, 46, 6, 5.00, '2023-04-14', '2023-04-14', 350000.00, 391666.67, 2350000.00, 1966542.72, '2023-04-14', '2024-02-14', 'Business Loan', 7, 2, 1, '2023-04-06 13:40:23', '2024-01-30 08:44:47'),
(9, 8, 1, 2000000.00, 2000000.00, 2000000.00, 2000000.00, 45, 43, 46, 6, 5.00, '2023-04-14', '2023-04-14', 350000.00, 391666.67, 2350000.00, 2520843.24, '2023-04-14', '2024-02-14', 'BUSINESS EXPANSION', 7, 2, 1, '2023-02-09 18:42:07', '2024-01-30 08:44:47'),
(6, 5, 1, 2000000.00, 2000000.00, 2000000.00, 2000000.00, 45, 43, 46, 6, 5.00, '2023-04-14', '2023-04-14', 350000.00, 391666.67, 2350000.00, 1562142.86, '2023-04-14', '2024-02-14', 'BUSINESS UPGRADE', 7, 2, 1, '2023-01-31 14:21:24', '2024-01-30 08:44:47'),
(7, 7, 1, 2000000.00, 2000000.00, 2000000.00, 2000000.00, 45, 43, 46, 6, 5.00, '2023-04-14', '2023-04-14', 350000.00, 391666.67, 2350000.00, 1107544.46, '2023-04-14', '2024-02-14', 'BUSINESS UPGRADE', 7, 2, 1, '2023-01-31 14:25:21', '2024-01-30 08:44:47'),
(8, 6, 1, 1500000.00, 1500000.00, 1500000.00, 1500000.00, 45, 43, 46, 6, 5.00, '2023-04-14', '2023-04-14', 262500.00, 293750.00, 1762500.00, 995823.93, '2023-04-14', '2024-02-14', 'BUSINESS EXPANSION', 7, 2, 1, '2023-02-09 18:26:41', '2024-01-30 08:44:47'),
(5, 4, 1, 2000000.00, 2000000.00, 2000000.00, 2000000.00, 45, 43, 46, 6, 5.00, '2023-01-25', '2023-01-20', 350000.00, 391666.67, 2350000.00, 2215083.20, '2023-01-25', '2024-02-25', 'Business upgrade', 7, 2, 1, '2023-01-24 15:41:54', '2024-01-30 08:44:47'),
(21, 15, 1, 1000000.00, 1000000.00, 1000000.00, 1000000.00, 44, NULL, NULL, 6, 5.00, NULL, NULL, 175000.00, 195833.33, 1175000.00, 0.00, NULL, NULL, 'Business loan', 2, 0, 0, '2023-04-19 18:37:59', '2023-04-20 21:40:09'),
(12, 14, 1, 2000000.00, 2000000.00, 2000000.00, 2000000.00, 44, 43, 46, 6, 5.00, '2023-04-14', '2023-04-14', 350000.00, 391666.67, 2350000.00, 2469762.30, '2023-04-14', '2024-02-14', 'Business loan', 7, 2, 1, '2023-04-06 15:10:30', '2024-01-30 08:44:47'),
(13, 10, 1, 2000000.00, 2000000.00, 2000000.00, 2000000.00, 45, 43, 46, 6, 5.00, '2023-04-28', '2023-04-28', 350000.00, 391666.67, 2350000.00, 1736926.82, '2023-03-29', '2024-02-29', 'Business Loan', 7, 2, 1, '2023-04-18 15:29:24', '2024-01-30 08:44:47'),
(17, 11, 1, 1000000.00, 1000000.00, 1000000.00, 1000000.00, 45, 43, 46, 6, 5.00, '2023-04-28', '2023-04-28', 175000.00, 195833.33, 1175000.00, 744739.92, '2023-04-29', '2024-02-29', 'Business Loan', 7, 2, 1, '2023-04-19 14:56:09', '2024-01-30 08:44:47'),
(15, 12, 1, 2000000.00, 2000000.00, 2000000.00, 2000000.00, 45, 43, 46, 6, 5.00, '2023-04-27', '2023-04-26', 350000.00, 391666.67, 2350000.00, 2210203.54, '2023-04-27', '2024-02-27', 'Business Loan', 7, 2, 1, '2023-04-18 15:42:36', '2024-01-30 08:44:47'),
(16, 9, 1, 5000000.00, 5000000.00, 5000000.00, 5000000.00, 45, 43, 46, 6, 5.00, '2023-04-27', '2023-04-26', 875000.00, 979166.67, 5875000.00, 3752006.48, '2023-04-27', '2024-02-27', 'Business Loan', 7, 2, 1, '2023-04-19 14:27:34', '2024-01-30 08:44:47'),
(22, 16, 1, 1500000.00, 1500000.00, 1500000.00, 1500000.00, 44, 43, 46, 6, 5.00, '2023-04-27', '2023-04-26', 262500.00, 293750.00, 1762500.00, 2475268.68, '2023-04-27', '2024-02-27', 'Business loan', 7, 2, 1, '2023-04-19 18:44:43', '2024-01-30 08:44:47'),
(23, 17, 1, 2000000.00, 2000000.00, 2000000.00, 2000000.00, 45, 43, 46, 6, 5.00, '2023-04-28', '2023-04-28', 350000.00, 391666.67, 2350000.00, 1185383.08, '2023-04-29', '2024-02-29', 'Business Loan', 7, 2, 1, '2023-04-26 16:09:08', '2024-01-30 08:44:47'),
(24, 18, 1, 2000000.00, 2000000.00, 2000000.00, 2000000.00, 45, 43, 46, 6, 5.00, '2023-05-10', '2023-05-10', 350000.00, 391666.67, 2350000.00, 1626989.68, '2023-05-11', '2024-02-11', 'Business loan', 7, 2, 1, '2023-05-05 17:38:33', '2024-01-30 08:44:47'),
(25, 20, 1, 2000000.00, 2000000.00, 2000000.00, 2000000.00, 45, 43, 46, 6, 5.00, '2023-05-10', '2023-05-10', 350000.00, 391666.67, 2350000.00, 825089.06, '2023-05-11', '2024-02-11', 'Business loan', 7, 2, 1, '2023-05-05 17:54:12', '2024-01-30 08:44:47'),
(26, 19, 1, 2000000.00, 2000000.00, 2000000.00, 2000000.00, 45, 43, 46, 6, 5.00, '2023-05-10', '2023-05-10', 350000.00, 391666.67, 2350000.00, 1211707.14, '2023-05-11', '2024-02-11', 'Business loan', 7, 2, 1, '2023-05-05 17:56:43', '2024-01-30 08:44:47'),
(27, 21, 1, 1200000.00, 1200000.00, 1200000.00, 1200000.00, 44, 43, 46, 6, 5.00, '2023-05-10', '2023-05-10', 210000.00, 235000.00, 1410000.00, 1747519.35, '2023-05-11', '2024-02-11', 'Business loan', 7, 2, 1, '2023-05-05 20:31:07', '2024-01-30 08:44:47'),
(28, 21, 1, 1200000.00, 1200000.00, 1200000.00, 1200000.00, 44, NULL, NULL, 6, 5.00, NULL, NULL, 210000.00, 235000.00, 1410000.00, 0.00, NULL, NULL, 'Business loan', 2, 0, 0, '2023-05-05 20:43:54', '2023-05-12 13:35:08'),
(29, 21, 1, 1200000.00, 1200000.00, 1200000.00, 1200000.00, 44, NULL, NULL, 6, 5.00, NULL, NULL, 210000.00, 235000.00, 1410000.00, 0.00, NULL, NULL, 'Business loan', 2, 0, 0, '2023-05-05 20:49:18', '2023-05-05 20:49:30'),
(30, 22, 1, 2000000.00, 2000000.00, 2000000.00, 2000000.00, 44, NULL, NULL, 6, 5.00, NULL, NULL, 350000.00, 391666.67, 2350000.00, 0.00, NULL, NULL, 'BUSINESS LOAN', 2, 0, 0, '2023-05-11 15:01:06', '2023-05-12 13:51:38'),
(31, 23, 1, 500000.00, 500000.00, 500000.00, 500000.00, 38, 42, NULL, 6, 5.00, NULL, NULL, 87500.00, 97916.67, 587500.00, 0.00, NULL, NULL, 'Business Loan', 2, 0, 0, '2023-05-11 20:09:42', '2023-05-26 16:16:12'),
(32, 24, 1, 500000.00, 500000.00, 500000.00, 500000.00, 38, 43, 46, 6, 5.00, '2023-05-20', '2023-05-19', 87500.00, 97916.67, 587500.00, 905394.39, '2023-05-20', '2024-02-20', 'business upgrade', 7, 2, 1, '2023-05-17 15:06:25', '2024-01-30 08:44:47'),
(33, 25, 1, 2000000.00, 2000000.00, 2000000.00, 2000000.00, 44, 43, 46, 6, 5.00, '2023-05-20', '2023-05-19', 350000.00, 391666.67, 2350000.00, 2588348.62, '2023-05-20', '2024-02-20', 'Business Loan', 7, 2, 1, '2023-05-18 14:18:03', '2024-01-30 08:44:47'),
(34, 27, 1, 2000000.00, 2000000.00, 2000000.00, 2000000.00, 44, 43, 46, 6, 5.00, '2023-05-20', '2023-05-19', 350000.00, 391666.67, 2350000.00, 2102065.50, '2023-05-20', '2024-02-20', 'Business Loan', 7, 2, 1, '2023-05-18 20:22:27', '2024-01-30 08:44:47'),
(35, 29, 1, 1000000.00, 1000000.00, 1000000.00, 1000000.00, 44, NULL, NULL, 6, 5.00, NULL, NULL, 175000.00, 195833.33, 1175000.00, 0.00, NULL, NULL, 'Business Loan', 2, 0, 0, '2023-05-24 13:28:27', '2023-05-24 13:29:06'),
(36, 28, 2, 500000.00, 500000.00, 500000.00, 500000.00, 44, 43, NULL, 12, 0.00, NULL, NULL, 0.00, 41666.67, 500000.00, 0.00, NULL, NULL, 'Education   Loan', 8, 4, 0, '2023-05-24 13:32:32', '2023-06-13 15:52:30'),
(37, 29, 1, 1000000.00, 1000000.00, 1000000.00, 1000000.00, 44, 43, 46, 6, 5.00, '2023-06-06', '2023-06-06', 175000.00, 195833.33, 1175000.00, 1310407.40, '2023-06-07', '2024-02-07', 'Business Loan', 7, 2, 1, '2023-05-24 13:37:10', '2024-01-09 10:03:45'),
(38, 30, 1, 2000000.00, 2000000.00, 2000000.00, 2000000.00, 45, NULL, NULL, 6, 5.00, NULL, NULL, 350000.00, 391666.67, 2350000.00, 0.00, NULL, NULL, 'Business Loan', 2, 0, 0, '2023-05-24 16:01:33', '2023-06-03 07:24:04'),
(39, 30, 1, 1500000.00, 1500000.00, 1500000.00, 1500000.00, 45, 43, 46, 6, 5.00, '2023-06-06', '2023-06-06', 262500.00, 293750.00, 1762500.00, 858632.20, '2023-06-07', '2024-02-07', 'Business Loan', 7, 2, 1, '2023-05-24 16:31:02', '2024-01-09 10:03:45'),
(40, 31, 1, 2000000.00, 2000000.00, 2000000.00, 2000000.00, 45, 43, 46, 6, 5.00, '2023-06-06', '2023-06-06', 350000.00, 391666.67, 2350000.00, 2237120.00, '2023-06-07', '2024-02-07', 'Business Loan', 7, 2, 1, '2023-05-24 16:57:47', '2024-01-09 10:03:45'),
(41, 32, 1, 2000000.00, 2000000.00, 2000000.00, 2000000.00, 44, 43, 46, 6, 5.00, '2023-06-06', '2023-06-06', 350000.00, 391666.67, 2350000.00, 2115164.21, '2023-06-07', '2024-02-07', 'Business Loan', 7, 2, 1, '2023-05-26 14:07:52', '2024-01-09 10:03:45'),
(42, 34, 1, 2000000.00, 2000000.00, 2000000.00, 2000000.00, 44, 43, 46, 6, 5.00, '2023-06-06', '2023-06-06', 350000.00, 391666.67, 2350000.00, 1316558.09, '2023-06-07', '2024-02-07', 'Business Loan', 7, 2, 1, '2023-05-31 17:51:27', '2024-01-09 10:03:45'),
(45, 33, 1, 2000000.00, 2000000.00, 2000000.00, 2000000.00, 45, 43, 46, 6, 5.00, '2023-06-06', '2023-06-06', 350000.00, 391666.67, 2350000.00, 1184196.39, '2023-06-07', '2024-02-07', 'BUSINESS LOAN', 7, 2, 1, '2023-06-01 12:17:15', '2024-01-09 10:03:45'),
(46, 35, 1, 2000000.00, 2000000.00, 2000000.00, 2000000.00, 45, 43, 46, 6, 5.00, '2023-06-06', '2023-06-06', 350000.00, 391666.67, 2350000.00, 1053218.56, '2023-06-07', '2024-02-07', 'BUSINESS LOAN', 7, 2, 1, '2023-06-05 16:09:18', '2024-01-09 10:03:45'),
(47, 26, 1, 2000000.00, 2000000.00, 2000000.00, 2000000.00, 45, 43, 46, 6, 7.00, '2023-06-23', '2023-06-23', 490000.00, 415000.00, 2490000.00, 1976059.67, '2023-06-24', '2024-02-24', 'business Loan', 7, 2, 1, '2023-06-09 17:37:30', '2024-01-30 08:44:47'),
(48, 36, 2, 500000.00, 500000.00, 500000.00, 500000.00, 45, 43, 46, 12, 0.00, '2023-06-23', NULL, 0.00, 41666.67, 500000.00, 0.00, NULL, NULL, 'Education', 6, 1, 0, '2023-06-13 16:35:57', '2023-06-23 15:33:44'),
(49, 28, 2, 500000.00, 500000.00, 500000.00, 500000.00, 45, NULL, NULL, 12, 0.00, NULL, NULL, 0.00, 41666.67, 500000.00, 0.00, NULL, NULL, 'Education', 2, 0, 0, '2023-06-13 16:45:42', '2023-06-16 08:52:35'),
(50, 37, 1, 1500000.00, 1500000.00, 1500000.00, 1500000.00, 45, 43, 46, 6, 7.00, '2023-06-23', '2023-06-23', 367500.00, 311250.00, 1867500.00, 1474859.26, '2023-06-24', '2024-02-24', 'BUSINESS LOAN', 7, 2, 1, '2023-06-15 13:34:14', '2024-01-30 08:44:47'),
(51, 39, 1, 2000000.00, 2000000.00, 2000000.00, 2000000.00, 44, NULL, NULL, 6, 7.00, NULL, NULL, 490000.00, 415000.00, 2490000.00, 0.00, NULL, NULL, 'business Loan', 2, 0, 0, '2023-06-21 19:44:46', '2023-06-22 23:09:29'),
(52, 38, 1, 2000000.00, 2000000.00, 2000000.00, 2000000.00, 45, 43, 46, 6, 7.00, '2023-06-23', '2023-06-23', 490000.00, 415000.00, 2490000.00, 1281221.89, '2023-06-24', '2024-02-24', 'BUSINESS LOAN', 7, 2, 1, '2023-06-21 19:47:53', '2024-01-30 08:44:47'),
(53, 40, 1, 2000000.00, 2000000.00, 2000000.00, 2000000.00, 44, 43, 46, 3, 7.00, '2023-06-23', '2023-06-23', 280000.00, 760000.00, 2280000.00, 4816484.85, '2023-06-24', '2024-02-24', 'Business Loan', 7, 2, 1, '2023-06-22 14:30:24', '2024-01-30 08:44:47'),
(54, 39, 1, 2000000.00, 2000000.00, 2000000.00, 2000000.00, 44, NULL, NULL, 6, 7.00, NULL, NULL, 490000.00, 415000.00, 2490000.00, 0.00, NULL, NULL, 'BUSINESS LOAN', 2, 0, 0, '2023-06-23 14:17:58', '2023-06-23 15:01:41'),
(55, 39, 1, 2000000.00, 2000000.00, 2000000.00, 2000000.00, 44, 42, NULL, 6, 7.00, NULL, NULL, 490000.00, 415000.00, 2490000.00, 0.00, NULL, NULL, 'Business Loan', 4, 0, 0, '2023-06-23 14:24:32', '2023-06-23 15:01:27'),
(56, 41, 1, 500000.00, 500000.00, 500000.00, 500000.00, 44, NULL, NULL, 12, 5.00, NULL, NULL, 162500.00, 55208.33, 662500.00, 0.00, NULL, NULL, NULL, 2, 0, 0, '2023-07-03 18:03:17', '2023-07-03 18:04:59'),
(57, 41, 1, 500000.00, 500000.00, 500000.00, 500000.00, 44, NULL, NULL, 12, 0.00, NULL, NULL, 0.00, 41666.67, 500000.00, 0.00, NULL, NULL, NULL, 2, 0, 0, '2023-07-03 18:14:55', '2023-07-08 21:05:13'),
(58, 42, 1, 1000000.00, 1000000.00, 1000000.00, 1000000.00, 45, 43, 46, 6, 7.00, '2023-08-09', '2023-08-09', 245000.00, 207500.00, 1245000.00, 925663.34, '2023-08-09', '2024-02-09', 'BUSINESS', 7, 2, 1, '2023-07-28 12:41:04', '2024-01-09 10:03:45'),
(59, 43, 1, 500000.00, 500000.00, 500000.00, 500000.00, 44, 43, 46, 12, 0.00, '2023-08-09', '2023-08-09', 0.00, 41666.67, 500000.00, 166633.33, '2023-08-09', '2024-02-09', 'Staff loan', 7, 2, 1, '2023-07-28 13:06:59', '2024-01-09 10:03:45'),
(60, 44, 1, 500000.00, 500000.00, 500000.00, 500000.00, 44, 43, 46, 6, 7.00, '2023-09-04', '2023-08-30', 122500.00, 103750.00, 622500.00, 617942.53, '2023-08-30', '2024-03-01', 'Business Loan', 7, 2, 1, '2023-08-16 12:31:06', '2024-01-30 08:44:47'),
(61, 48, 1, 2000000.00, 2000000.00, 2000000.00, 2000000.00, 44, 43, 46, 6, 7.00, '2023-09-04', '2023-09-03', 490000.00, 415000.00, 2490000.00, 2471770.13, '2023-09-03', '2024-03-03', 'Business Loan', 7, 2, 1, '2023-08-24 20:58:37', '2024-02-03 09:40:08'),
(62, 45, 1, 1000000.00, 1000000.00, 1000000.00, 1000000.00, 45, 43, 46, 6, 7.00, '2023-09-04', '2023-08-30', 245000.00, 207500.00, 1245000.00, 670282.71, '2023-08-30', '2024-03-01', 'Business Loan', 7, 2, 1, '2023-08-28 15:40:27', '2024-01-30 08:44:47'),
(63, 46, 1, 2000000.00, 2000000.00, 2000000.00, 2000000.00, 45, 43, 46, 6, 7.00, '2023-09-12', '2023-09-11', 490000.00, 415000.00, 2490000.00, 1375075.75, '2023-09-11', '2024-02-11', 'Business Loan', 7, 2, 1, '2023-08-28 15:46:31', '2024-01-30 08:44:47'),
(64, 49, 1, 2000000.00, 2000000.00, 2000000.00, 2000000.00, 45, 43, 46, 6, 7.00, '2023-09-04', '2023-08-30', 490000.00, 415000.00, 2490000.00, 4105134.58, '2023-08-30', '2024-03-01', NULL, 7, 2, 1, '2023-08-28 20:00:07', '2024-01-30 08:44:47'),
(65, 47, 1, 2000000.00, 2000000.00, 2000000.00, 2000000.00, 45, 43, 46, 6, 7.00, '2023-09-29', '2023-09-29', 490000.00, 415000.00, 2490000.00, 1412929.69, '2023-09-29', '2024-02-29', 'BUSINESS LOAN', 7, 2, 1, '2023-08-29 18:07:46', '2024-01-30 08:44:47'),
(66, 47, 1, 2000000.00, 2000000.00, 2000000.00, 2000000.00, 45, NULL, NULL, 6, 7.00, NULL, NULL, 490000.00, 415000.00, 2490000.00, 0.00, NULL, NULL, 'BUSINESS LOAN', 2, 0, 0, '2023-08-29 18:15:37', '2023-09-20 15:16:03'),
(67, 50, 1, 2000000.00, 2000000.00, 2000000.00, 2000000.00, 45, 43, 46, 6, 7.00, '2023-09-04', '2023-08-30', 490000.00, 415000.00, 2490000.00, 1300057.34, '2023-08-30', '2024-03-01', 'BUSINESS LOAN', 7, 2, 1, '2023-08-29 18:42:26', '2024-01-30 08:44:47'),
(68, 51, 1, 2000000.00, 2000000.00, 2000000.00, 2000000.00, 44, NULL, NULL, 4, 7.00, NULL, NULL, 350000.00, 587500.00, 2350000.00, 0.00, NULL, NULL, 'BUSINESS LOAN', 2, 0, 0, '2023-09-06 20:17:52', '2023-09-13 18:08:35'),
(69, 52, 1, 2000000.00, 2000000.00, 2000000.00, 2000000.00, 45, 43, 46, 4, 7.00, '2023-10-18', NULL, 350000.00, 587500.00, 2350000.00, 0.00, NULL, NULL, 'BUSINESS LOAN', 6, 1, 0, '2023-09-14 12:24:50', '2023-10-18 13:11:32'),
(70, 52, 1, 2000000.00, 2000000.00, 2000000.00, 2000000.00, 45, NULL, NULL, 4, 7.00, NULL, NULL, 350000.00, 587500.00, 2350000.00, 0.00, NULL, NULL, 'Business loan', 2, 0, 0, '2023-09-20 06:38:40', '2023-09-20 15:16:18'),
(71, 53, 1, 2000000.00, 2000000.00, 2000000.00, 2000000.00, 45, NULL, NULL, 6, 7.00, NULL, NULL, 490000.00, 415000.00, 2490000.00, 0.00, NULL, NULL, 'Business loan', 2, 0, 0, '2023-09-20 14:32:13', '2023-09-20 15:27:23'),
(72, 53, 1, 2000000.00, 2000000.00, 2000000.00, 2000000.00, 45, 43, 46, 6, 7.00, '2023-09-29', '2023-09-29', 490000.00, 415000.00, 2490000.00, 3996664.10, '2023-09-29', '2024-02-29', 'Business loan', 7, 2, 1, '2023-09-20 15:04:21', '2024-01-30 08:44:47'),
(73, 54, 1, 2000000.00, 2000000.00, 2000000.00, 2000000.00, 45, 43, 46, 6, 7.00, '2023-09-29', '2023-09-29', 490000.00, 415000.00, 2490000.00, 1375071.67, '2023-09-29', '2024-02-29', 'BUSINESS LOAN', 7, 2, 1, '2023-09-21 07:00:06', '2024-01-30 08:44:47'),
(75, 57, 1, 2000000.00, 2000000.00, 2000000.00, 2000000.00, 45, 43, 46, 6, 7.00, '2023-10-18', '2023-10-18', 490000.00, 415000.00, 2490000.00, 1450086.00, '2023-10-18', '2024-02-18', 'BUSINESS LOAN', 7, 2, 1, '2023-10-06 15:09:57', '2024-01-30 08:44:48'),
(74, 55, 1, 1000000.00, 1000000.00, 1000000.00, 1000000.00, 45, 43, 46, 6, 7.00, '2023-11-01', '2023-11-01', 245000.00, 207500.00, 1245000.00, 725043.00, '2023-11-01', '2024-03-01', 'Business loan', 7, 2, 1, '2023-10-04 14:27:40', '2024-02-01 08:02:39'),
(76, 56, 1, 2000000.00, 2000000.00, 2000000.00, 2000000.00, 45, 43, 46, 6, 7.00, '2023-10-18', '2023-10-18', 490000.00, 415000.00, 2490000.00, 1450086.00, '2023-10-18', '2024-02-18', 'BUSINESS LOAN', 7, 2, 1, '2023-10-06 15:11:50', '2024-01-30 08:44:48'),
(77, 58, 1, 2000000.00, 2000000.00, 2000000.00, 2000000.00, 45, 43, 46, 6, 7.00, '2023-10-18', '2023-10-18', 490000.00, 415000.00, 2490000.00, 1450086.00, '2023-10-18', '2024-02-18', 'Business Loan', 7, 2, 1, '2023-10-11 08:16:01', '2024-01-30 08:44:48'),
(78, 9, 1, 5000000.00, 5000000.00, 5000000.00, 5000000.00, 45, 43, 46, 6, 7.00, '2023-11-09', '2023-11-09', 1225000.00, 1037500.00, 6225000.00, 2391166.67, '2023-11-09', '2024-02-09', 'BUSINESS LOAN', 7, 2, 1, '2023-11-06 08:24:36', '2024-01-09 10:03:46'),
(81, 19, 1, 2000000.00, 2000000.00, 2000000.00, 2000000.00, 45, 43, 46, 6, 7.00, '2023-11-20', '2023-11-20', 490000.00, 415000.00, 2490000.00, 956466.67, '2023-11-20', '2024-02-20', 'BUSINESS LOAN', 7, 2, 1, '2023-11-15 07:46:13', '2024-01-30 08:44:48'),
(79, 17, 1, 2000000.00, 2000000.00, 2000000.00, 2000000.00, 45, 43, 46, 6, 7.00, '2023-11-09', '2023-11-09', 490000.00, 415000.00, 2490000.00, 956466.67, '2023-11-09', '2024-02-09', 'BUSINESS LOAN', 7, 2, 1, '2023-11-06 08:30:13', '2024-01-09 10:03:46'),
(80, 20, 1, 2000000.00, 2000000.00, 2000000.00, 2000000.00, 45, 43, 46, 6, 7.00, '2023-11-09', '2023-11-09', 490000.00, 415000.00, 2490000.00, 956466.67, '2023-11-09', '2024-02-09', 'BUSINESS LOAN', 7, 2, 1, '2023-11-06 08:37:15', '2024-01-09 10:03:46'),
(82, 62, 1, 2000000.00, 2000000.00, 2000000.00, 2000000.00, 45, 43, 46, 6, 7.00, '2023-11-20', '2023-11-20', 490000.00, 415000.00, 2490000.00, 956466.67, '2023-11-20', '2024-02-20', 'BUSINESS LOAN', 7, 2, 1, '2023-11-15 08:23:13', '2024-01-30 08:44:48'),
(83, 63, 1, 2000000.00, 2000000.00, 2000000.00, 2000000.00, 45, NULL, NULL, 6, 7.00, NULL, NULL, 490000.00, 415000.00, 2490000.00, 0.00, NULL, NULL, 'BUSINESS LOAN', 2, 0, 0, '2023-11-15 08:56:14', '2023-11-16 04:53:53'),
(84, 63, 1, 2000000.00, 2000000.00, 2000000.00, 2000000.00, 45, 43, 46, 6, 7.00, '2023-11-20', '2023-11-20', 490000.00, 415000.00, 2490000.00, 956466.67, '2023-11-20', '2024-02-20', 'BUSINESS LOAN', 7, 2, 1, '2023-11-15 10:53:29', '2024-01-30 08:44:48'),
(85, 64, 1, 2000000.00, 2000000.00, 2000000.00, 2000000.00, 45, 43, 46, 6, 7.00, '2023-11-20', '2023-11-20', 490000.00, 415000.00, 2490000.00, 956466.67, '2023-11-20', '2024-02-20', 'BUSINESS LOAN', 7, 2, 1, '2023-11-15 11:28:23', '2024-01-30 08:44:48'),
(86, 40, 1, 2000000.00, 2000000.00, 2000000.00, 2000000.00, 45, 43, 46, 3, 7.00, '2023-11-23', '2023-11-23', 280000.00, 760000.00, 2280000.00, 1623133.33, '2023-11-23', '2024-02-23', 'Business Loan', 7, 2, 1, '2023-11-21 07:22:45', '2024-01-30 08:44:48'),
(87, 66, 1, 1500000.00, 1500000.00, 1500000.00, 1500000.00, 45, NULL, NULL, 6, 7.00, NULL, NULL, 367500.00, 311250.00, 1867500.00, 0.00, NULL, NULL, 'BUSINESS LOAN', 2, 0, 0, '2023-11-28 13:14:12', '2023-11-29 08:55:19'),
(88, 66, 1, 2000000.00, 2000000.00, 2000000.00, 2000000.00, 45, NULL, NULL, 6, 7.00, NULL, NULL, 490000.00, 415000.00, 2490000.00, 0.00, NULL, NULL, 'BUSINESS LOAN', 2, 0, 0, '2023-11-28 13:32:51', '2023-11-29 08:46:36'),
(89, 67, 1, 1500000.00, 1500000.00, 1500000.00, 1500000.00, 45, NULL, NULL, 6, 7.00, NULL, NULL, 367500.00, 311250.00, 1867500.00, 0.00, NULL, NULL, 'BUSINESS LOAN', 3, 0, 0, '2023-11-29 08:55:32', '2023-11-29 08:56:09');

-- --------------------------------------------------------

--
-- Table structure for table `loan_statuses`
--

DROP TABLE IF EXISTS `loan_statuses`;
CREATE TABLE IF NOT EXISTS `loan_statuses` (
  `id` bigint UNSIGNED NOT NULL AUTO_INCREMENT,
  `code` int NOT NULL,
  `status` varchar(191) CHARACTER SET utf8mb4 COLLATE utf8mb4_unicode_ci NOT NULL,
  `rank` int NOT NULL,
  PRIMARY KEY (`id`)
) ENGINE=MyISAM AUTO_INCREMENT=7 DEFAULT CHARSET=utf8mb4 COLLATE=utf8mb4_unicode_ci;

--
-- Dumping data for table `loan_statuses`
--

INSERT INTO `loan_statuses` (`id`, `code`, `status`, `rank`) VALUES
(1, 0, 'Application', 1),
(2, 1, 'Approved', 3),
(3, 2, 'Active', 4),
(4, 3, 'Expired', 6),
(5, 9, 'Declined', 2),
(6, 4, 'Pause', 5);

-- --------------------------------------------------------

--
-- Table structure for table `loan_transactions`
--

DROP TABLE IF EXISTS `loan_transactions`;
CREATE TABLE IF NOT EXISTS `loan_transactions` (
  `id` bigint UNSIGNED NOT NULL AUTO_INCREMENT,
  `customer_id` int NOT NULL,
  `loan_id` int NOT NULL,
  `debit` double NOT NULL DEFAULT '0',
  `credit` double NOT NULL DEFAULT '0',
  `transaction_date` varchar(100) CHARACTER SET utf8mb4 COLLATE utf8mb4_unicode_ci DEFAULT NULL,
  `transaction_type` int NOT NULL,
  `remarks` text CHARACTER SET utf8mb4 COLLATE utf8mb4_unicode_ci,
  `created_at` timestamp NULL DEFAULT NULL,
  `updated_at` timestamp NULL DEFAULT NULL,
  PRIMARY KEY (`id`)
) ENGINE=MyISAM AUTO_INCREMENT=589 DEFAULT CHARSET=utf8mb4 COLLATE=utf8mb4_unicode_ci;

--
-- Dumping data for table `loan_transactions`
--

INSERT INTO `loan_transactions` (`id`, `customer_id`, `loan_id`, `debit`, `credit`, `transaction_date`, `transaction_type`, `remarks`, `created_at`, `updated_at`) VALUES
(1, 4, 5, 2000000, 0, '2023-01-20', 1, 'Loan disbursement', '2023-01-26 01:37:12', '2023-01-26 01:37:12'),
(2, 4, 5, 100000, 0, '2023-02-25', 1, 'Interest charge', '2023-02-25 14:19:03', '2023-02-25 14:19:03'),
(3, 4, 5, 105000, 0, '2023-03-25', 1, 'Interest charge', '2023-04-03 17:32:13', '2023-04-03 17:32:13'),
(4, 13, 10, 2000000, 0, '2023-04-14', 1, 'Loan disbursement', '2023-04-14 18:26:18', '2023-04-14 18:26:18'),
(5, 8, 9, 2000000, 0, '2023-04-14', 1, 'Loan disbursement', '2023-04-14 18:26:58', '2023-04-14 18:26:58'),
(6, 5, 6, 2000000, 0, '2023-04-14', 1, 'Loan disbursement', '2023-04-14 18:27:35', '2023-04-14 18:27:35'),
(7, 7, 7, 2000000, 0, '2023-04-14', 1, 'Loan disbursement', '2023-04-14 18:28:08', '2023-04-14 18:28:08'),
(8, 6, 8, 1500000, 0, '2023-04-14', 1, 'Loan disbursement', '2023-04-14 18:28:34', '2023-04-14 18:28:34'),
(9, 14, 12, 2000000, 0, '2023-04-14', 1, 'Loan disbursement', '2023-04-14 18:29:01', '2023-04-14 18:29:01'),
(10, 4, 5, 110250, 0, '2023-04-25', 1, 'Interest charge', '2023-04-25 20:48:01', '2023-04-25 20:48:01'),
(11, 4, 5, 0, 170000, '2023-03-12', 2, 'Loan repayment with ref to TRANSFER TO ZENITH BANK', '2023-04-28 18:32:33', '2023-04-28 18:32:33'),
(12, 4, 5, 0, 263333, '2023-03-14', 2, 'Loan repayment with ref to Transfer to Zenith bank.', '2023-04-28 18:32:49', '2023-04-28 18:32:49'),
(13, 4, 5, 0, 200000, '2023-04-04', 2, 'Loan repayment with ref to Transfer to Zenith bank', '2023-04-28 18:33:16', '2023-04-28 18:33:16'),
(14, 4, 5, 0, 216666, '2023-04-14', 2, 'Loan repayment with ref to Transfer to Zenith bank', '2023-04-28 18:33:33', '2023-04-28 18:33:33'),
(15, 10, 13, 2000000, 0, '2023-04-28', 1, 'Loan disbursement', '2023-04-28 18:41:17', '2023-04-28 18:41:17'),
(16, 11, 17, 1000000, 0, '2023-04-28', 1, 'Loan disbursement', '2023-04-28 18:42:04', '2023-04-28 18:42:04'),
(17, 12, 15, 2000000, 0, '2023-04-26', 1, 'Loan disbursement', '2023-04-28 18:44:09', '2023-04-28 18:44:09'),
(18, 17, 23, 2000000, 0, '2023-04-28', 1, 'Loan disbursement', '2023-04-28 18:44:53', '2023-04-28 18:44:53'),
(19, 16, 22, 1500000, 0, '2023-04-26', 1, 'Loan disbursement', '2023-04-28 18:45:37', '2023-04-28 18:45:37'),
(20, 9, 16, 5000000, 0, '2023-04-26', 1, 'Loan disbursement', '2023-04-28 18:47:46', '2023-04-28 18:47:46'),
(21, 10, 13, 100000, 0, '2023-04-29', 1, 'Interest charge', '2023-05-02 11:17:33', '2023-05-02 11:17:33'),
(22, 20, 25, 2000000, 0, '2023-05-10', 1, 'Loan disbursement', '2023-05-10 16:16:56', '2023-05-10 16:16:56'),
(23, 18, 24, 2000000, 0, '2023-05-10', 1, 'Loan disbursement', '2023-05-10 16:17:29', '2023-05-10 16:17:29'),
(24, 19, 26, 2000000, 0, '2023-05-10', 1, 'Loan disbursement', '2023-05-10 16:17:57', '2023-05-10 16:17:57'),
(25, 21, 27, 1200000, 0, '2023-05-10', 1, 'Loan disbursement', '2023-05-10 16:18:24', '2023-05-10 16:18:24'),
(26, 13, 10, 100000, 0, '2023-05-14', 1, 'Interest charge', '2023-05-15 16:28:45', '2023-05-15 16:28:45'),
(27, 8, 9, 100000, 0, '2023-05-14', 1, 'Interest charge', '2023-05-15 16:28:46', '2023-05-15 16:28:46'),
(28, 5, 6, 100000, 0, '2023-05-14', 1, 'Interest charge', '2023-05-15 16:28:46', '2023-05-15 16:28:46'),
(29, 7, 7, 100000, 0, '2023-05-14', 1, 'Interest charge', '2023-05-15 16:28:46', '2023-05-15 16:28:46'),
(30, 6, 8, 75000, 0, '2023-05-14', 1, 'Interest charge', '2023-05-15 16:28:46', '2023-05-15 16:28:46'),
(31, 14, 12, 100000, 0, '2023-05-14', 1, 'Interest charge', '2023-05-15 16:28:46', '2023-05-15 16:28:46'),
(32, 4, 5, 0, 150000, '2023-05-02', 2, 'Loan repayment with ref to Transfer to Zenith Bank', '2023-05-19 19:44:17', '2023-05-19 19:44:17'),
(33, 4, 5, 0, 250000, '2023-05-07', 2, 'Loan repayment with ref to POS Marisbeauty Fabrics', '2023-05-19 19:45:08', '2023-05-19 19:45:08'),
(34, 5, 6, 0, 325000, '2023-05-15', 2, 'Loan repayment with ref to Transfer', '2023-05-19 19:46:22', '2023-05-19 19:46:22'),
(35, 8, 9, 105000, 0, '2023-06-14', 1, 'Interest charge', '2023-05-19 19:46:45', '2023-05-19 19:46:45'),
(36, 8, 9, 0, 434000, '2023-05-16', 2, 'Loan repayment with ref to Transfer', '2023-05-19 19:46:45', '2023-05-19 19:46:45'),
(37, 7, 7, 0, 433333.33, '2023-05-16', 2, 'Loan repayment with ref to Transfer', '2023-05-19 19:47:22', '2023-05-19 19:47:22'),
(38, 6, 8, 0, 325000, '2023-05-17', 2, 'Loan repayment with ref to Direct Deposit', '2023-05-19 19:48:07', '2023-05-19 19:48:07'),
(39, 13, 10, 0, 433333.33, '2023-05-17', 2, 'Loan repayment with ref to Transfer to credit hub limited zenith bank account', '2023-05-19 19:48:40', '2023-05-19 19:48:40'),
(40, 14, 12, 0, 433333.33, '2023-05-18', 2, 'Loan repayment with ref to Remittal', '2023-05-19 19:48:54', '2023-05-19 19:48:54'),
(41, 24, 32, 500000, 0, '2023-05-19', 1, 'Loan disbursement', '2023-05-19 20:36:00', '2023-05-19 20:36:00'),
(42, 25, 33, 2000000, 0, '2023-05-19', 1, 'Loan disbursement', '2023-05-19 20:36:28', '2023-05-19 20:36:28'),
(43, 27, 34, 2000000, 0, '2023-05-19', 1, 'Loan disbursement', '2023-05-19 20:36:59', '2023-05-19 20:36:59'),
(44, 4, 5, 53262.55, 0, '2023-05-25', 1, 'Interest charge', '2023-05-25 12:35:08', '2023-05-25 12:35:08'),
(45, 10, 13, 105000, 0, '2023-05-29', 1, 'Interest charge', '2023-05-30 12:03:42', '2023-05-30 12:03:42'),
(46, 11, 17, 50000, 0, '2023-05-29', 1, 'Interest charge', '2023-05-30 12:03:42', '2023-05-30 12:03:42'),
(47, 12, 15, 100000, 0, '2023-05-27', 1, 'Interest charge', '2023-05-30 12:03:42', '2023-05-30 12:03:42'),
(48, 9, 16, 250000, 0, '2023-05-27', 1, 'Interest charge', '2023-05-30 12:03:42', '2023-05-30 12:03:42'),
(49, 16, 22, 75000, 0, '2023-05-27', 1, 'Interest charge', '2023-05-30 12:03:42', '2023-05-30 12:03:42'),
(50, 17, 23, 100000, 0, '2023-05-29', 1, 'Interest charge', '2023-05-30 12:03:42', '2023-05-30 12:03:42'),
(51, 29, 37, 1000000, 0, '2023-06-06', 1, 'Loan disbursement', '2023-06-06 19:58:46', '2023-06-06 19:58:46'),
(52, 30, 39, 1500000, 0, '2023-06-06', 1, 'Loan disbursement', '2023-06-06 19:59:29', '2023-06-06 19:59:29'),
(53, 31, 40, 2000000, 0, '2023-06-06', 1, 'Loan disbursement', '2023-06-06 20:00:14', '2023-06-06 20:00:14'),
(54, 32, 41, 2000000, 0, '2023-06-06', 1, 'Loan disbursement', '2023-06-06 20:00:47', '2023-06-06 20:00:47'),
(55, 33, 45, 2000000, 0, '2023-06-06', 1, 'Loan disbursement', '2023-06-06 20:01:17', '2023-06-06 20:01:17'),
(56, 11, 17, 52500, 0, '2023-06-29', 1, 'Interest charge', '2023-06-06 20:09:56', '2023-06-06 20:09:56'),
(57, 11, 17, 0, 216667, '2023-05-31', 2, 'Loan repayment with ref to Transfer from key stone bank to zenith bank', '2023-06-06 20:09:56', '2023-06-06 20:09:56'),
(58, 12, 15, 105000, 0, '2023-06-27', 1, 'Interest charge', '2023-06-06 20:12:13', '2023-06-06 20:12:13'),
(59, 12, 15, 0, 433500, '2023-05-30', 2, 'Loan repayment with ref to POS Nurudeen business center & communication', '2023-06-06 20:12:13', '2023-06-06 20:12:13'),
(60, 9, 16, 0, 1083000, '2023-05-31', 2, 'Loan repayment with ref to TRANSFER', '2023-06-06 20:13:04', '2023-06-06 20:13:04'),
(61, 17, 23, 105000, 0, '2023-06-29', 1, 'Interest charge', '2023-06-06 20:13:46', '2023-06-06 20:13:46'),
(62, 17, 23, 0, 433400, '2023-05-30', 2, 'Loan repayment with ref to PAID THROUGH POS ASSET WORLD DUTSE SOKALE', '2023-06-06 20:13:46', '2023-06-06 20:13:46'),
(63, 16, 22, 0, 325000, '2023-05-31', 2, 'Loan repayment with ref to Transfer', '2023-06-06 20:14:20', '2023-06-06 20:14:20'),
(64, 10, 13, 0, 325000, '2023-06-01', 2, 'Loan repayment with ref to POS C TOTAL', '2023-06-06 20:14:50', '2023-06-06 20:14:50'),
(65, 10, 13, 0, 108350, '2023-06-01', 2, 'Loan repayment with ref to DEPOSITE', '2023-06-06 20:15:15', '2023-06-06 20:15:15'),
(66, 4, 5, 0, 383333.33, '2023-06-01', 2, 'Loan repayment with ref to POS Money point Marisbeauty Fabrics', '2023-06-06 20:16:12', '2023-06-06 20:16:12'),
(67, 5, 6, 0, 87500, '2023-05-23', 2, 'Loan repayment with ref to Deposit', '2023-06-06 20:21:33', '2023-06-06 20:21:33'),
(68, 34, 42, 2000000, 0, '2023-06-06', 1, 'Loan disbursement', '2023-06-06 20:24:53', '2023-06-06 20:24:53'),
(69, 35, 46, 2000000, 0, '2023-06-06', 1, 'Loan disbursement', '2023-06-06 20:25:22', '2023-06-06 20:25:22'),
(70, 18, 24, 100000, 0, '2023-06-11', 1, 'Interest charge', '2023-06-13 11:51:36', '2023-06-13 11:51:36'),
(71, 20, 25, 100000, 0, '2023-06-11', 1, 'Interest charge', '2023-06-13 11:51:36', '2023-06-13 11:51:36'),
(72, 19, 26, 100000, 0, '2023-06-11', 1, 'Interest charge', '2023-06-13 11:51:36', '2023-06-13 11:51:36'),
(73, 21, 27, 60000, 0, '2023-06-11', 1, 'Interest charge', '2023-06-13 11:51:36', '2023-06-13 11:51:36'),
(74, 28, 36, 0, 0, '2023-06-13', 3, 'Liquidation: Management fee of 20,000 paid on 5th June 2023 and guarantor form is uploaded', '2023-06-13 15:52:30', '2023-06-13 15:52:30'),
(75, 13, 10, 83333.3335, 0, '2023-06-14', 1, 'Interest charge', '2023-06-14 11:03:45', '2023-06-14 11:03:45'),
(76, 5, 6, 84375, 0, '2023-06-14', 1, 'Interest charge', '2023-06-14 11:03:46', '2023-06-14 11:03:46'),
(77, 7, 7, 83333.3335, 0, '2023-06-14', 1, 'Interest charge', '2023-06-14 11:03:46', '2023-06-14 11:03:46'),
(78, 6, 8, 62500, 0, '2023-06-14', 1, 'Interest charge', '2023-06-14 11:03:46', '2023-06-14 11:03:46'),
(79, 14, 12, 83333.3335, 0, '2023-06-14', 1, 'Interest charge', '2023-06-14 11:03:46', '2023-06-14 11:03:46'),
(80, 24, 32, 25000, 0, '2023-06-20', 1, 'Interest charge', '2023-06-20 11:16:30', '2023-06-20 11:16:30'),
(81, 25, 33, 100000, 0, '2023-06-20', 1, 'Interest charge', '2023-06-20 11:16:30', '2023-06-20 11:16:30'),
(82, 27, 34, 100000, 0, '2023-06-20', 1, 'Interest charge', '2023-06-20 11:16:30', '2023-06-20 11:16:30'),
(83, 26, 47, 2000000, 0, '2023-06-23', 1, 'Loan disbursement', '2023-06-23 15:48:50', '2023-06-23 15:48:50'),
(84, 37, 50, 1500000, 0, '2023-06-23', 1, 'Loan disbursement', '2023-06-23 15:49:16', '2023-06-23 15:49:16'),
(85, 40, 53, 2000000, 0, '2023-06-23', 1, 'Loan disbursement', '2023-06-23 15:50:22', '2023-06-23 15:50:22'),
(86, 38, 52, 2000000, 0, '2023-06-23', 1, 'Loan disbursement', '2023-06-23 16:16:38', '2023-06-23 16:16:38'),
(87, 4, 5, 36759.011, 0, '2023-06-25', 1, 'Interest charge', '2023-06-26 14:44:20', '2023-06-26 14:44:20'),
(88, 10, 13, 88582.5, 0, '2023-06-29', 1, 'Interest charge', '2023-07-03 18:05:06', '2023-07-03 18:05:06'),
(89, 9, 16, 208350, 0, '2023-06-27', 1, 'Interest charge', '2023-07-03 18:05:06', '2023-07-03 18:05:06'),
(90, 16, 22, 62500, 0, '2023-06-27', 1, 'Interest charge', '2023-07-03 18:05:06', '2023-07-03 18:05:06'),
(91, 29, 37, 50000, 0, '2023-07-07', 1, 'Interest charge', '2023-07-07 13:04:03', '2023-07-07 13:04:03'),
(92, 30, 39, 75000, 0, '2023-07-07', 1, 'Interest charge', '2023-07-07 13:04:03', '2023-07-07 13:04:03'),
(93, 31, 40, 100000, 0, '2023-07-07', 1, 'Interest charge', '2023-07-07 13:04:03', '2023-07-07 13:04:03'),
(94, 32, 41, 100000, 0, '2023-07-07', 1, 'Interest charge', '2023-07-07 13:04:03', '2023-07-07 13:04:03'),
(95, 34, 42, 100000, 0, '2023-07-07', 1, 'Interest charge', '2023-07-07 13:04:03', '2023-07-07 13:04:03'),
(96, 33, 45, 100000, 0, '2023-07-07', 1, 'Interest charge', '2023-07-07 13:04:03', '2023-07-07 13:04:03'),
(97, 35, 46, 100000, 0, '2023-07-07', 1, 'Interest charge', '2023-07-07 13:04:03', '2023-07-07 13:04:03'),
(98, 13, 10, 87500.000175, 0, '2023-07-14', 1, 'Interest charge', '2023-07-28 12:43:24', '2023-07-28 12:43:24'),
(99, 8, 9, 88550, 0, '2023-07-14', 1, 'Interest charge', '2023-07-28 12:43:24', '2023-07-28 12:43:24'),
(100, 5, 6, 88593.75, 0, '2023-07-14', 1, 'Interest charge', '2023-07-28 12:43:24', '2023-07-28 12:43:24'),
(101, 7, 7, 87500.000175, 0, '2023-07-14', 1, 'Interest charge', '2023-07-28 12:43:24', '2023-07-28 12:43:24'),
(102, 6, 8, 65625, 0, '2023-07-14', 1, 'Interest charge', '2023-07-28 12:43:24', '2023-07-28 12:43:24'),
(103, 4, 5, 38596.96155, 0, '2023-07-25', 1, 'Interest charge', '2023-07-28 12:43:24', '2023-07-28 12:43:24'),
(104, 14, 12, 87500.000175, 0, '2023-07-14', 1, 'Interest charge', '2023-07-28 12:43:24', '2023-07-28 12:43:24'),
(105, 12, 15, 88575, 0, '2023-07-27', 1, 'Interest charge', '2023-07-28 12:43:24', '2023-07-28 12:43:24'),
(106, 9, 16, 218767.5, 0, '2023-07-27', 1, 'Interest charge', '2023-07-28 12:43:24', '2023-07-28 12:43:24'),
(107, 16, 22, 65625, 0, '2023-07-27', 1, 'Interest charge', '2023-07-28 12:43:24', '2023-07-28 12:43:24'),
(108, 18, 24, 105000, 0, '2023-07-11', 1, 'Interest charge', '2023-07-28 12:43:24', '2023-07-28 12:43:24'),
(109, 20, 25, 105000, 0, '2023-07-11', 1, 'Interest charge', '2023-07-28 12:43:24', '2023-07-28 12:43:24'),
(110, 19, 26, 105000, 0, '2023-07-11', 1, 'Interest charge', '2023-07-28 12:43:24', '2023-07-28 12:43:24'),
(111, 21, 27, 63000, 0, '2023-07-11', 1, 'Interest charge', '2023-07-28 12:43:24', '2023-07-28 12:43:24'),
(112, 24, 32, 26250, 0, '2023-07-20', 1, 'Interest charge', '2023-07-28 12:43:24', '2023-07-28 12:43:24'),
(113, 25, 33, 105000, 0, '2023-07-20', 1, 'Interest charge', '2023-07-28 12:43:24', '2023-07-28 12:43:24'),
(114, 27, 34, 105000, 0, '2023-07-20', 1, 'Interest charge', '2023-07-28 12:43:24', '2023-07-28 12:43:24'),
(115, 26, 47, 140000, 0, '2023-07-24', 1, 'Interest charge', '2023-07-28 12:43:24', '2023-07-28 12:43:24'),
(116, 37, 50, 105000, 0, '2023-07-24', 1, 'Interest charge', '2023-07-28 12:43:24', '2023-07-28 12:43:24'),
(117, 38, 52, 140000, 0, '2023-07-24', 1, 'Interest charge', '2023-07-28 12:43:24', '2023-07-28 12:43:24'),
(118, 40, 53, 140000, 0, '2023-07-24', 1, 'Interest charge', '2023-07-28 12:43:24', '2023-07-28 12:43:24'),
(119, 10, 13, 93011.625, 0, '2023-07-29', 1, 'Interest charge', '2023-08-01 11:53:31', '2023-08-01 11:53:31'),
(120, 11, 17, 44291.65, 0, '2023-07-29', 1, 'Interest charge', '2023-08-01 11:53:31', '2023-08-01 11:53:31'),
(121, 17, 23, 88580, 0, '2023-07-29', 1, 'Interest charge', '2023-08-01 11:53:31', '2023-08-01 11:53:31'),
(122, 29, 37, 52500, 0, '2023-08-07', 1, 'Interest charge', '2023-08-08 12:24:25', '2023-08-08 12:24:25'),
(123, 30, 39, 78750, 0, '2023-08-07', 1, 'Interest charge', '2023-08-08 12:24:25', '2023-08-08 12:24:25'),
(124, 31, 40, 105000, 0, '2023-08-07', 1, 'Interest charge', '2023-08-08 12:24:25', '2023-08-08 12:24:25'),
(125, 32, 41, 105000, 0, '2023-08-07', 1, 'Interest charge', '2023-08-08 12:24:25', '2023-08-08 12:24:25'),
(126, 34, 42, 105000, 0, '2023-08-07', 1, 'Interest charge', '2023-08-08 12:24:25', '2023-08-08 12:24:25'),
(127, 33, 45, 105000, 0, '2023-08-07', 1, 'Interest charge', '2023-08-08 12:24:25', '2023-08-08 12:24:25'),
(128, 35, 46, 105000, 0, '2023-08-07', 1, 'Interest charge', '2023-08-08 12:24:25', '2023-08-08 12:24:25'),
(129, 42, 58, 1000000, 0, '2023-08-09', 1, 'Loan disbursement', '2023-08-08 21:57:37', '2023-08-08 21:57:37'),
(130, 43, 59, 500000, 0, '2023-08-09', 1, 'Loan disbursement', '2023-08-09 15:42:41', '2023-08-09 15:42:41'),
(131, 13, 10, 91875.00018375, 0, '2023-08-14', 1, 'Interest charge', '2023-08-16 11:54:45', '2023-08-16 11:54:45'),
(132, 8, 9, 92977.5, 0, '2023-08-14', 1, 'Interest charge', '2023-08-16 11:54:45', '2023-08-16 11:54:45'),
(133, 5, 6, 93023.4375, 0, '2023-08-14', 1, 'Interest charge', '2023-08-16 11:54:45', '2023-08-16 11:54:45'),
(134, 7, 7, 91875.00018375, 0, '2023-08-14', 1, 'Interest charge', '2023-08-16 11:54:45', '2023-08-16 11:54:45'),
(135, 6, 8, 68906.25, 0, '2023-08-14', 1, 'Interest charge', '2023-08-16 11:54:45', '2023-08-16 11:54:45'),
(136, 14, 12, 91875.00018375, 0, '2023-08-14', 1, 'Interest charge', '2023-08-16 11:54:45', '2023-08-16 11:54:45'),
(137, 18, 24, 110250, 0, '2023-08-11', 1, 'Interest charge', '2023-08-16 11:54:45', '2023-08-16 11:54:45'),
(138, 20, 25, 110250, 0, '2023-08-11', 1, 'Interest charge', '2023-08-16 11:54:45', '2023-08-16 11:54:45'),
(139, 19, 26, 110250, 0, '2023-08-11', 1, 'Interest charge', '2023-08-16 11:54:45', '2023-08-16 11:54:45'),
(140, 21, 27, 66150, 0, '2023-08-11', 1, 'Interest charge', '2023-08-16 11:54:45', '2023-08-16 11:54:45'),
(141, 24, 32, 27562.5, 0, '2023-08-20', 1, 'Interest charge', '2023-08-21 11:38:38', '2023-08-21 11:38:38'),
(142, 25, 33, 110250, 0, '2023-08-20', 1, 'Interest charge', '2023-08-21 11:38:38', '2023-08-21 11:38:38'),
(143, 27, 34, 110250, 0, '2023-08-20', 1, 'Interest charge', '2023-08-21 11:38:38', '2023-08-21 11:38:38'),
(144, 26, 47, 149800, 0, '2023-08-24', 1, 'Interest charge', '2023-08-24 12:00:03', '2023-08-24 12:00:03'),
(145, 37, 50, 112350, 0, '2023-08-24', 1, 'Interest charge', '2023-08-24 12:00:03', '2023-08-24 12:00:03'),
(146, 38, 52, 149800, 0, '2023-08-24', 1, 'Interest charge', '2023-08-24 12:00:03', '2023-08-24 12:00:03'),
(147, 40, 53, 149800, 0, '2023-08-24', 1, 'Interest charge', '2023-08-24 12:00:03', '2023-08-24 12:00:03'),
(148, 4, 5, 40526.8096275, 0, '2023-08-25', 1, 'Interest charge', '2023-08-28 12:28:03', '2023-08-28 12:28:03'),
(149, 12, 15, 93003.75, 0, '2023-08-27', 1, 'Interest charge', '2023-08-28 12:28:03', '2023-08-28 12:28:03'),
(150, 9, 16, 229705.875, 0, '2023-08-27', 1, 'Interest charge', '2023-08-28 12:28:03', '2023-08-28 12:28:03'),
(151, 16, 22, 68906.25, 0, '2023-08-27', 1, 'Interest charge', '2023-08-28 12:28:03', '2023-08-28 12:28:03'),
(152, 10, 13, 97662.20625, 0, '2023-08-29', 1, 'Interest charge', '2023-08-29 11:20:49', '2023-08-29 11:20:49'),
(153, 11, 17, 46506.2325, 0, '2023-08-29', 1, 'Interest charge', '2023-08-29 11:20:49', '2023-08-29 11:20:49'),
(154, 17, 23, 93009, 0, '2023-08-29', 1, 'Interest charge', '2023-08-29 11:20:49', '2023-08-29 11:20:49'),
(155, 44, 60, 500000, 0, '2023-08-30', 1, 'Loan disbursement', '2023-09-04 06:47:35', '2023-09-04 06:47:35'),
(156, 50, 67, 2000000, 0, '2023-08-30', 1, 'Loan disbursement', '2023-09-04 06:48:10', '2023-09-04 06:48:10'),
(157, 45, 62, 1000000, 0, '2023-08-30', 1, 'Loan disbursement', '2023-09-04 06:50:29', '2023-09-04 06:50:29'),
(158, 29, 37, 55125, 0, '2023-09-07', 1, 'Interest charge', '2023-09-07 12:52:54', '2023-09-07 12:52:54'),
(159, 30, 39, 82687.5, 0, '2023-09-07', 1, 'Interest charge', '2023-09-07 12:52:54', '2023-09-07 12:52:54'),
(160, 31, 40, 110250, 0, '2023-09-07', 1, 'Interest charge', '2023-09-07 12:52:54', '2023-09-07 12:52:54'),
(161, 32, 41, 110250, 0, '2023-09-07', 1, 'Interest charge', '2023-09-07 12:52:54', '2023-09-07 12:52:54'),
(162, 34, 42, 110250, 0, '2023-09-07', 1, 'Interest charge', '2023-09-07 12:52:54', '2023-09-07 12:52:54'),
(163, 33, 45, 110250, 0, '2023-09-07', 1, 'Interest charge', '2023-09-07 12:52:54', '2023-09-07 12:52:54'),
(164, 35, 46, 110250, 0, '2023-09-07', 1, 'Interest charge', '2023-09-07 12:52:54', '2023-09-07 12:52:54'),
(165, 18, 24, 115762.5, 0, '2023-09-11', 1, 'Interest charge', '2023-09-11 13:14:36', '2023-09-11 13:14:36'),
(166, 20, 25, 115762.5, 0, '2023-09-11', 1, 'Interest charge', '2023-09-11 13:14:36', '2023-09-11 13:14:36'),
(167, 19, 26, 115762.5, 0, '2023-09-11', 1, 'Interest charge', '2023-09-11 13:14:36', '2023-09-11 13:14:36'),
(168, 21, 27, 69457.5, 0, '2023-09-11', 1, 'Interest charge', '2023-09-11 13:14:36', '2023-09-11 13:14:36'),
(169, 42, 58, 70000, 0, '2023-09-09', 1, 'Interest charge', '2023-09-11 13:14:36', '2023-09-11 13:14:36'),
(170, 43, 59, 0, 0, '2023-09-09', 1, 'Interest charge', '2023-09-11 13:14:36', '2023-09-11 13:14:36'),
(171, 13, 10, 96468.750192937, 0, '2023-09-14', 1, 'Interest charge', '2023-09-14 11:46:55', '2023-09-14 11:46:55'),
(172, 8, 9, 97626.375, 0, '2023-09-14', 1, 'Interest charge', '2023-09-14 11:46:55', '2023-09-14 11:46:55'),
(173, 5, 6, 97674.609375, 0, '2023-09-14', 1, 'Interest charge', '2023-09-14 11:46:55', '2023-09-14 11:46:55'),
(174, 7, 7, 96468.750192937, 0, '2023-09-14', 1, 'Interest charge', '2023-09-14 11:46:55', '2023-09-14 11:46:55'),
(175, 6, 8, 72351.5625, 0, '2023-09-14', 1, 'Interest charge', '2023-09-14 11:46:55', '2023-09-14 11:46:55'),
(176, 14, 12, 96468.750192937, 0, '2023-09-14', 1, 'Interest charge', '2023-09-14 11:46:55', '2023-09-14 11:46:55'),
(177, 24, 32, 28940.625, 0, '2023-09-20', 1, 'Interest charge', '2023-09-20 06:33:47', '2023-09-20 06:33:47'),
(178, 25, 33, 115762.5, 0, '2023-09-20', 1, 'Interest charge', '2023-09-20 06:33:47', '2023-09-20 06:33:47'),
(179, 27, 34, 115762.5, 0, '2023-09-20', 1, 'Interest charge', '2023-09-20 06:33:47', '2023-09-20 06:33:47'),
(180, 4, 5, 42553.150108875, 0, '2023-09-25', 1, 'Interest charge', '2023-09-25 07:01:44', '2023-09-25 07:01:44'),
(181, 26, 47, 160286, 0, '2023-09-24', 1, 'Interest charge', '2023-09-25 07:01:44', '2023-09-25 07:01:44'),
(182, 37, 50, 120214.5, 0, '2023-09-24', 1, 'Interest charge', '2023-09-25 07:01:44', '2023-09-25 07:01:44'),
(183, 38, 52, 160286, 0, '2023-09-24', 1, 'Interest charge', '2023-09-25 07:01:44', '2023-09-25 07:01:44'),
(184, 40, 53, 160286, 0, '2023-09-24', 1, 'Interest charge', '2023-09-25 07:01:45', '2023-09-25 07:01:45'),
(185, 12, 15, 97653.9375, 0, '2023-09-27', 1, 'Interest charge', '2023-09-28 06:38:07', '2023-09-28 06:38:07'),
(186, 9, 16, 241191.16875, 0, '2023-09-27', 1, 'Interest charge', '2023-09-28 06:38:07', '2023-09-28 06:38:07'),
(187, 16, 22, 72351.5625, 0, '2023-09-27', 1, 'Interest charge', '2023-09-28 06:38:07', '2023-09-28 06:38:07'),
(188, 10, 13, 102545.3165625, 0, '2023-09-29', 1, 'Interest charge', '2023-10-03 07:02:46', '2023-10-03 07:02:46'),
(189, 11, 17, 48831.544125, 0, '2023-09-29', 1, 'Interest charge', '2023-10-03 07:02:46', '2023-10-03 07:02:46'),
(190, 17, 23, 97659.45, 0, '2023-09-29', 1, 'Interest charge', '2023-10-03 07:02:46', '2023-10-03 07:02:46'),
(191, 44, 60, 35000, 0, '2023-09-30', 1, 'Interest charge', '2023-10-03 07:02:46', '2023-10-03 07:02:46'),
(192, 45, 62, 70000, 0, '2023-09-30', 1, 'Interest charge', '2023-10-03 07:02:46', '2023-10-03 07:02:46'),
(193, 50, 67, 140000, 0, '2023-09-30', 1, 'Interest charge', '2023-10-03 07:02:46', '2023-10-03 07:02:46'),
(194, 49, 64, 2000000, 0, '2023-08-30', 1, 'Loan disbursement', '2023-10-03 13:10:28', '2023-10-03 13:10:28'),
(195, 49, 64, 2000000, 0, '2023-08-30', 1, 'Loan disbursement', '2023-10-03 13:12:04', '2023-10-03 13:12:04'),
(196, 48, 61, 2000000, 0, '2023-09-03', 1, 'Loan disbursement', '2023-10-03 13:17:35', '2023-10-03 13:17:35'),
(197, 46, 63, 2000000, 0, '2023-09-11', 1, 'Loan disbursement', '2023-10-03 13:20:59', '2023-10-03 13:20:59'),
(198, 54, 73, 2000000, 0, '2023-09-29', 1, 'Loan disbursement', '2023-10-03 13:47:18', '2023-10-03 13:47:18'),
(199, 47, 65, 2000000, 0, '2023-09-29', 1, 'Loan disbursement', '2023-10-03 13:48:06', '2023-10-03 13:48:06'),
(200, 53, 72, 2000000, 0, '2023-09-29', 1, 'Loan disbursement', '2023-10-03 13:49:59', '2023-10-03 13:49:59'),
(201, 53, 72, 2000000, 0, '2023-09-29', 1, 'Loan disbursement', '2023-10-03 13:51:16', '2023-10-03 13:51:16'),
(202, 18, 24, 0, 450000, '2023-06-12', 2, 'Loan repayment with ref to TRANSFER FROM GTB TO ZENITH BANK', '2023-10-03 13:54:02', '2023-10-03 13:54:02'),
(203, 20, 25, 0, 434000, '2023-06-13', 2, 'Loan repayment with ref to TRANSFER', '2023-10-03 13:55:26', '2023-10-03 13:55:26'),
(204, 19, 26, 0, 433333.33, '2023-06-13', 2, 'Loan repayment with ref to TRANSFER', '2023-10-03 13:57:25', '2023-10-03 13:57:25'),
(205, 5, 6, 0, 200000, '2023-06-15', 2, 'Loan repayment with ref to PAID THROUGH POS    U U BELLO EVESTMENT', '2023-10-03 14:14:11', '2023-10-03 14:14:11'),
(206, 5, 6, 0, 112500, '2023-06-16', 2, 'Loan repayment with ref to Transfer through Iyke Don System', '2023-10-03 14:15:20', '2023-10-03 14:15:20'),
(207, 13, 10, 0, 416666.67, '2023-06-16', 2, 'Loan repayment with ref to Remittal', '2023-10-03 14:17:27', '2023-10-03 14:17:27'),
(208, 12, 15, 0, 417000, '2023-06-30', 2, 'Loan repayment with ref to POS EUNICE ENTERPRISE', '2023-10-03 14:18:10', '2023-10-03 14:18:10'),
(209, 6, 8, 0, 208000, '2023-06-24', 2, 'Loan repayment with ref to POS  GOODLUCKS COSMETICS', '2023-10-03 14:19:28', '2023-10-03 14:19:28'),
(210, 6, 8, 0, 104500, '2023-06-26', 2, 'Loan repayment with ref to DEPOSITE', '2023-10-03 14:20:21', '2023-10-03 14:20:21'),
(211, 27, 34, 0, 433333.33, '2023-06-20', 2, 'Loan repayment with ref to Remittal', '2023-10-03 14:21:00', '2023-10-03 14:21:00'),
(212, 17, 23, 0, 416000, '2023-06-28', 2, 'Loan repayment with ref to Transfer from Aihengbe Patience Ekata (Tajbank)', '2023-10-03 14:22:45', '2023-10-03 14:22:45'),
(213, 5, 6, 0, 110000, '2023-06-30', 2, 'Loan repayment with ref to DEPOSIT', '2023-10-03 14:28:08', '2023-10-03 14:28:08'),
(214, 7, 7, 0, 416700, '2023-06-16', 2, 'Loan repayment with ref to TRANSFER', '2023-10-03 14:28:54', '2023-10-03 14:28:54'),
(215, 25, 33, 0, 300000, '2023-06-24', 2, 'Loan repayment with ref to Transfer', '2023-10-03 14:30:47', '2023-10-03 14:30:47'),
(216, 25, 33, 0, 133353, '2023-06-26', 2, 'Loan repayment with ref to Transfer', '2023-10-03 14:31:01', '2023-10-03 14:31:01'),
(217, 14, 12, 0, 416666.67, '2023-06-19', 2, 'Loan repayment with ref to POS   . Agiande victor igali', '2023-10-03 14:32:21', '2023-10-03 14:32:21'),
(218, 11, 17, 0, 180000, '2023-07-03', 2, 'Loan repayment with ref to Transfer', '2023-10-03 14:33:02', '2023-10-03 14:33:02'),
(219, 10, 13, 0, 416000, '2023-07-03', 2, 'Loan repayment with ref to DEPOSITE', '2023-10-03 14:35:03', '2023-10-03 14:35:03'),
(220, 9, 16, 0, 1040000, '2023-07-01', 2, 'Loan repayment with ref to Transfer from Global chibest UBA', '2023-10-03 14:36:15', '2023-10-03 14:36:15'),
(221, 30, 39, 0, 350000, '2023-07-03', 2, 'Loan repayment with ref to Transfer', '2023-10-03 14:39:04', '2023-10-03 14:39:04'),
(222, 33, 45, 0, 433400, '2023-07-06', 2, 'Loan repayment with ref to POS Chimezie Nwachimereze Osuji', '2023-10-03 14:40:04', '2023-10-03 14:40:04'),
(223, 4, 5, 0, 200000, '2023-07-02', 2, 'Loan repayment with ref to POS Marisbeauty fabric', '2023-10-03 14:41:12', '2023-10-03 14:41:12'),
(224, 11, 17, 0, 28400, '2023-07-06', 2, 'Loan repayment with ref to Transfer', '2023-10-03 14:43:12', '2023-10-03 14:43:12'),
(225, 31, 40, 0, 300000, '2023-07-09', 2, 'Loan repayment with ref to TRANSFER', '2023-10-03 15:49:52', '2023-10-03 15:49:52'),
(226, 35, 46, 0, 400000, '2023-07-09', 2, 'Loan repayment with ref to TRANSFER', '2023-10-03 15:50:28', '2023-10-03 15:50:28'),
(227, 4, 5, 0, 166666.67, '2023-07-10', 2, 'Loan repayment with ref to POS  Marisbeauty Fabrics', '2023-10-03 15:50:41', '2023-10-03 15:50:41'),
(228, 18, 24, 0, 300000, '2023-07-10', 2, 'Loan repayment with ref to Transfer', '2023-10-03 15:51:39', '2023-10-03 15:51:39'),
(229, 19, 26, 0, 416666.67, '2023-07-11', 2, 'Loan repayment with ref to Transfer', '2023-10-03 15:51:59', '2023-10-03 15:51:59'),
(230, 18, 24, 0, 120000, '2023-07-11', 2, 'Loan repayment with ref to TRANSFER', '2023-10-03 15:52:24', '2023-10-03 15:52:24'),
(231, 32, 41, 0, 433333.33, '2023-07-12', 2, 'Loan repayment with ref to Transfer', '2023-10-03 15:53:18', '2023-10-03 15:53:18'),
(232, 34, 42, 0, 433333.33, '2023-07-13', 2, 'Loan repayment with ref to transfere', '2023-10-03 15:54:03', '2023-10-03 15:54:03'),
(233, 34, 42, 0, 433333.33, '2023-07-12', 2, 'Loan repayment with ref to transfer', '2023-10-03 15:54:26', '2023-10-03 15:54:26'),
(234, 29, 37, 0, 216666.67, '2023-07-09', 2, 'Loan repayment with ref to transfer', '2023-10-03 15:54:50', '2023-10-03 15:54:50'),
(235, 27, 34, 0, 416666, '2023-07-18', 2, 'Loan repayment with ref to Transfer', '2023-10-03 15:55:28', '2023-10-03 15:55:28'),
(236, 13, 10, 0, 400000, '2023-07-17', 2, 'Loan repayment with ref to transfer', '2023-10-03 16:06:47', '2023-10-03 16:06:47'),
(237, 34, 42, 0, 433333.33, '2023-07-12', 2, 'Loan repayment with ref to transfer', '2023-10-03 16:08:34', '2023-10-03 16:08:34'),
(238, 40, 53, 0, 810000, '2023-07-23', 2, 'Loan repayment with ref to Transfer to FCMB Account', '2023-10-03 16:09:10', '2023-10-03 16:09:10'),
(239, 35, 46, 0, 43400, '2023-07-24', 2, 'Loan repayment with ref to Transfer', '2023-10-03 16:10:52', '2023-10-03 16:10:52'),
(240, 35, 46, 0, 43400, '2023-07-24', 2, 'Loan repayment with ref to Transfer', '2023-10-03 16:10:53', '2023-10-03 16:10:53'),
(241, 35, 46, 0, 43400, '2023-07-24', 2, 'Loan repayment with ref to Transfer', '2023-10-03 16:10:53', '2023-10-03 16:10:53'),
(242, 35, 46, 0, 43400, '2023-07-24', 2, 'Loan repayment with ref to Transfer', '2023-10-03 16:10:53', '2023-10-03 16:10:53'),
(243, 35, 46, 0, 43400, '2023-07-24', 2, 'Loan repayment with ref to Transfer', '2023-10-03 16:10:53', '2023-10-03 16:10:53'),
(244, 35, 46, 0, 43400, '2023-07-24', 2, 'Loan repayment with ref to Transfer', '2023-10-03 16:10:53', '2023-10-03 16:10:53'),
(245, 35, 46, 0, 43400, '2023-07-24', 2, 'Loan repayment with ref to Transfer', '2023-10-03 16:10:53', '2023-10-03 16:10:53'),
(246, 35, 46, 0, 43400, '2023-07-24', 2, 'Loan repayment with ref to Transfer', '2023-10-03 16:10:53', '2023-10-03 16:10:53'),
(247, 35, 46, 0, 43400, '2023-07-24', 2, 'Loan repayment with ref to Transfer', '2023-10-03 16:10:53', '2023-10-03 16:10:53'),
(248, 35, 46, 0, 43400, '2023-07-24', 2, 'Loan repayment with ref to Transfer', '2023-10-03 16:10:53', '2023-10-03 16:10:53'),
(249, 35, 46, 0, 43400, '2023-07-24', 2, 'Loan repayment with ref to Transfer', '2023-10-03 16:10:53', '2023-10-03 16:10:53'),
(250, 4, 5, 0, 150000, '2023-07-28', 2, 'Loan repayment with ref to POS Marisbeauty Fabrics', '2023-10-03 16:12:23', '2023-10-03 16:12:23'),
(251, 21, 27, 0, 185000, '2023-07-18', 2, 'Loan repayment with ref to TRANSFER', '2023-10-03 16:14:10', '2023-10-03 16:14:10'),
(252, 20, 25, 0, 434000, '2023-07-10', 2, 'Loan repayment with ref to Transfer', '2023-10-03 16:14:46', '2023-10-03 16:14:46'),
(253, 6, 8, 0, 100000, '2023-07-19', 2, 'Loan repayment with ref to Deposit', '2023-10-03 16:16:00', '2023-10-03 16:16:00'),
(254, 5, 6, 0, 150000, '2023-07-17', 2, 'Loan repayment with ref to Transfer from iykedon account', '2023-10-03 16:16:29', '2023-10-03 16:16:29'),
(255, 5, 6, 0, 150000, '2023-07-19', 2, 'Loan repayment with ref to POS  Zaino Trading company', '2023-10-03 16:17:29', '2023-10-03 16:17:29'),
(256, 7, 7, 0, 406666.66, '2023-07-19', 2, 'Loan repayment with ref to Transfer', '2023-10-03 16:17:53', '2023-10-03 16:17:53'),
(257, 31, 40, 0, 133000, '2023-07-20', 2, 'Loan repayment with ref to Transfer', '2023-10-03 16:18:19', '2023-10-03 16:18:19'),
(258, 25, 33, 0, 200000, '2023-07-20', 2, 'Loan repayment with ref to Transfer to zenith account', '2023-10-03 16:18:52', '2023-10-03 16:18:52'),
(259, 38, 52, 0, 473333.33, '2023-07-23', 2, 'Loan repayment with ref to Transfer', '2023-10-03 16:19:37', '2023-10-03 16:19:37'),
(260, 6, 8, 0, 200000, '2023-07-25', 2, 'Loan repayment with ref to POS Goodluck cosmetics', '2023-10-03 16:21:02', '2023-10-03 16:21:02'),
(261, 4, 5, 0, 200000, '2023-07-25', 2, 'Loan repayment with ref to POS Marisbeauty fabrics', '2023-10-03 16:21:53', '2023-10-03 16:21:53'),
(262, 25, 33, 0, 116687, '2023-07-25', 2, 'Loan repayment with ref to transfer to zenith account', '2023-10-03 16:22:27', '2023-10-03 16:22:27'),
(263, 37, 50, 0, 123350, '2023-07-24', 2, 'Loan repayment with ref to Deposited by Sunday Chukwuemeka', '2023-10-03 16:23:01', '2023-10-03 16:23:01'),
(264, 37, 50, 0, 100000, '2023-07-26', 2, 'Loan repayment with ref to Deposite', '2023-10-03 16:23:48', '2023-10-03 16:23:48'),
(265, 21, 27, 0, 65000, '2023-07-28', 2, 'Loan repayment with ref to TANSFER', '2023-10-03 16:25:23', '2023-10-03 16:25:23'),
(266, 25, 33, 0, 100000, '2023-07-22', 2, 'Loan repayment with ref to transfer to zenith account', '2023-10-03 16:25:49', '2023-10-03 16:25:49'),
(267, 14, 12, 0, 400000, '2023-07-28', 2, 'Loan repayment with ref to POS', '2023-10-03 22:02:47', '2023-10-03 22:02:47'),
(268, 34, 42, 50762.5005, 0, '2023-10-07', 1, 'Interest charge', '2023-10-03 22:03:47', '2023-10-03 22:03:47'),
(269, 34, 42, 0, 216666, '2023-08-14', 2, 'Loan repayment with ref to Transfer', '2023-10-03 22:03:47', '2023-10-03 22:03:47'),
(270, 16, 22, 0, 100000, '2023-08-03', 2, 'Loan repayment with ref to POS (OPAY) UC FASHION', '2023-10-03 22:04:48', '2023-10-03 22:04:48'),
(271, 12, 15, 0, 400000, '2023-08-01', 2, 'Loan repayment with ref to POS Benard Irifo', '2023-10-03 22:07:42', '2023-10-03 22:07:42'),
(272, 26, 47, 0, 210000, '2023-08-01', 2, 'Loan repayment with ref to DEPOSITE', '2023-10-03 22:13:49', '2023-10-03 22:13:49'),
(273, 5, 6, 0, 100000, '2023-08-15', 2, 'Loan repayment with ref to Deposit', '2023-10-03 22:15:42', '2023-10-03 22:15:42'),
(274, 35, 46, 0, 100000, '2023-08-14', 2, 'Loan repayment with ref to Transfer', '2023-10-03 22:19:38', '2023-10-03 22:19:38'),
(275, 26, 47, 0, 185000, '2023-08-15', 2, 'Loan repayment with ref to DEPOSITE', '2023-10-03 22:20:56', '2023-10-03 22:20:56'),
(276, 26, 47, 0, 78400, '2023-08-16', 2, 'Loan repayment with ref to DEPOSITE', '2023-10-03 22:23:08', '2023-10-03 22:23:08'),
(277, 9, 16, 0, 1000000, '2023-08-02', 2, 'Loan repayment with ref to Transfer', '2023-10-03 22:23:57', '2023-10-03 22:23:57'),
(278, 19, 26, 0, 400000, '2023-08-14', 2, 'Loan repayment with ref to Deposite', '2023-10-03 22:28:49', '2023-10-03 22:28:49'),
(279, 32, 41, 0, 416000, '2023-08-08', 2, 'Loan repayment with ref to Transfer', '2023-10-03 22:30:23', '2023-10-03 22:30:23'),
(280, 11, 17, 0, 100000, '2023-07-31', 2, 'Loan repayment with ref to TRANSFER', '2023-10-03 22:31:21', '2023-10-03 22:31:21'),
(281, 10, 13, 0, 100000, '2023-08-07', 2, 'Loan repayment with ref to Deposite', '2023-10-03 22:37:01', '2023-10-03 22:37:01'),
(282, 10, 13, 0, 300000, '2023-08-03', 2, 'Loan repayment with ref to POS Gazzcom multy services', '2023-10-03 22:37:11', '2023-10-03 22:37:11'),
(283, 11, 17, 0, 50000, '2023-08-28', 2, 'Loan repayment with ref to Transfer', '2023-10-03 22:37:59', '2023-10-03 22:37:59'),
(284, 11, 17, 0, 80000, '2023-08-14', 2, 'Loan repayment with ref to TRANSFER', '2023-10-03 22:38:09', '2023-10-03 22:38:09'),
(285, 20, 25, 0, 434000, '2023-08-10', 2, 'Loan repayment with ref to Transfer', '2023-10-03 22:40:37', '2023-10-03 22:40:37'),
(286, 33, 45, 0, 416700, '2023-08-09', 2, 'Loan repayment with ref to POS  Chimezie Osuji', '2023-10-03 22:43:07', '2023-10-03 22:43:07'),
(287, 37, 50, 0, 131650, '2023-08-09', 2, 'Loan repayment with ref to DEPOSITE', '2023-10-03 22:43:56', '2023-10-03 22:43:56'),
(288, 13, 10, 0, 414000, '2023-08-21', 2, 'Loan repayment with ref to TRANSFER', '2023-10-03 22:45:50', '2023-10-03 22:45:50'),
(289, 21, 27, 0, 100000, '2023-08-21', 2, 'Loan repayment with ref to POS MONI POINT', '2023-10-03 22:46:45', '2023-10-03 22:46:45'),
(290, 38, 52, 0, 449999.99, '2023-08-22', 2, 'Loan repayment with ref to Transfer', '2023-10-03 22:47:29', '2023-10-03 22:47:29'),
(291, 35, 46, 0, 99000, '2023-08-21', 2, 'Loan repayment with ref to Transfer', '2023-10-03 22:48:11', '2023-10-03 22:48:11'),
(292, 9, 16, 0, 950000, '2023-08-29', 2, 'Loan repayment with ref to Transfer', '2023-10-03 22:52:38', '2023-10-03 22:52:38'),
(293, 37, 50, 0, 180000, '2023-08-29', 2, 'Loan repayment with ref to Deposite', '2023-10-03 22:53:20', '2023-10-03 22:53:20'),
(294, 31, 40, 0, 200000, '2023-08-30', 2, 'Loan repayment with ref to Transfer', '2023-10-03 22:54:15', '2023-10-03 22:54:15'),
(295, 30, 39, 0, 300000, '2023-08-31', 2, 'Loan repayment with ref to Transfer', '2023-10-03 22:54:57', '2023-10-03 22:54:57'),
(296, 6, 8, 0, 191700, '2023-08-23', 2, 'Loan repayment with ref to Transfer', '2023-10-03 22:59:39', '2023-10-03 22:59:39'),
(297, 17, 23, 0, 383000, '2023-09-03', 2, 'Loan repayment with ref to Transfer', '2023-10-03 23:02:59', '2023-10-03 23:02:59'),
(298, 10, 13, 0, 285000, '2023-09-03', 2, 'Loan repayment with ref to POS C Total', '2023-10-03 23:04:22', '2023-10-03 23:04:22'),
(299, 10, 13, 0, 2000, '2023-09-04', 2, 'Loan repayment with ref to POS C Total', '2023-10-03 23:04:36', '2023-10-03 23:04:36'),
(300, 10, 13, 0, 96000, '2023-09-05', 2, 'Loan repayment with ref to Deposit', '2023-10-03 23:04:54', '2023-10-03 23:04:54'),
(301, 7, 7, 0, 400000, '2023-09-01', 2, 'Loan repayment with ref to Transfer by Chizyk poly nig ltd', '2023-10-03 23:05:30', '2023-10-03 23:05:30'),
(302, 37, 50, 0, 40000, '2023-09-05', 2, 'Loan repayment with ref to Deposit', '2023-10-03 23:08:04', '2023-10-03 23:08:04'),
(303, 26, 47, 0, 120000, '2023-09-05', 2, 'Loan repayment with ref to Deposit', '2023-10-03 23:08:33', '2023-10-03 23:08:33'),
(304, 35, 46, 0, 150000, '2023-08-10', 2, 'Loan repayment with ref to Transfer', '2023-10-03 23:13:17', '2023-10-03 23:13:17'),
(305, 30, 39, 0, 300000, '2023-08-05', 2, 'Loan repayment with ref to TRANSFER', '2023-10-03 23:14:39', '2023-10-03 23:14:39'),
(306, 27, 34, 0, 400107, '2023-08-18', 2, 'Loan repayment with ref to Transfer', '2023-10-03 23:33:20', '2023-10-03 23:33:20'),
(307, 37, 50, 0, 117500, '2023-08-25', 2, 'Loan repayment with ref to Deposited by Chukwuemeka', '2023-10-03 23:34:19', '2023-10-03 23:34:19'),
(308, 17, 23, 0, 400000, '2023-08-01', 2, 'Loan repayment with ref to Transfer from Aihengbe Patience', '2023-10-03 23:37:16', '2023-10-03 23:37:16'),
(309, 5, 6, 0, 100000, '2023-08-16', 2, 'Loan repayment with ref to Deposite', '2023-10-03 23:40:02', '2023-10-03 23:40:02'),
(310, 48, 61, 140000, 0, '2023-10-03', 1, 'Interest charge', '2023-10-04 14:28:56', '2023-10-04 14:28:56'),
(311, 49, 64, 280000, 0, '2023-09-30', 1, 'Interest charge', '2023-10-04 14:28:56', '2023-10-04 14:28:56'),
(312, 31, 40, 0, 116000, '2023-09-11', 2, 'Loan repayment with ref to TRANSFER', '2023-10-04 18:06:19', '2023-10-04 18:06:19'),
(313, 33, 45, 0, 400000, '2023-09-08', 2, 'Loan repayment with ref to POS CHIMEZIE OSUJI', '2023-10-04 18:07:16', '2023-10-04 18:07:16'),
(314, 18, 24, 0, 130000, '2023-10-01', 2, 'Loan repayment with ref to TRANSFER', '2023-10-04 18:08:41', '2023-10-04 18:08:41'),
(315, 18, 24, 0, 100000, '2023-09-12', 2, 'Loan repayment with ref to TRANSFER', '2023-10-04 18:09:19', '2023-10-04 18:09:19'),
(316, 19, 26, 0, 383400, '2023-09-12', 2, 'Loan repayment with ref to TRANSFER', '2023-10-04 18:09:46', '2023-10-04 18:09:46'),
(317, 20, 25, 0, 349000, '2023-09-11', 2, 'Loan repayment with ref to TRANSFER', '2023-10-04 18:12:02', '2023-10-04 18:12:02'),
(318, 5, 6, 0, 90000, '2023-09-19', 2, 'Loan repayment with ref to DEPOSIT', '2023-10-04 18:14:46', '2023-10-04 18:14:46'),
(319, 8, 9, 0, 418000, '2023-09-25', 2, 'Loan repayment with ref to TRANSFER', '2023-10-04 18:15:39', '2023-10-04 18:15:39'),
(320, 9, 16, 0, 916700, '2023-09-28', 2, 'Loan repayment with ref to TRANSFER', '2023-10-04 18:19:48', '2023-10-04 18:19:48'),
(321, 6, 8, 0, 95800, '2023-09-19', 2, 'Loan repayment with ref to DEPOSIT', '2023-10-04 18:20:50', '2023-10-04 18:20:50'),
(322, 10, 13, 0, 275000, '2023-09-28', 2, 'Loan repayment with ref to DEPOSIT', '2023-10-04 18:29:53', '2023-10-04 18:29:53'),
(323, 18, 24, 0, 100000, '2023-09-23', 2, 'Loan repayment with ref to TRANSFER', '2023-10-04 18:31:21', '2023-10-04 18:31:21'),
(324, 5, 6, 0, 100000, '2023-09-05', 2, 'Loan repayment with ref to POS MM BELLO', '2023-10-04 18:34:24', '2023-10-04 18:34:24'),
(325, 11, 17, 0, 100000, '2023-09-22', 2, 'Loan repayment with ref to TRANSFER', '2023-10-04 18:35:46', '2023-10-04 18:35:46'),
(326, 17, 23, 0, 366000, '2023-10-04', 2, 'Loan repayment with ref to POS DE-ASSETWORLD', '2023-10-04 18:37:42', '2023-10-04 18:37:42'),
(327, 10, 13, 0, 91700, '2023-10-03', 2, 'Loan repayment with ref to DEPOSITE', '2023-10-04 18:39:56', '2023-10-04 18:39:56'),
(328, 18, 24, 0, 200000, '2023-09-08', 2, 'Loan repayment with ref to TRANSFER', '2023-10-04 18:41:58', '2023-10-04 18:41:58'),
(329, 45, 62, 74900, 0, '2023-10-30', 1, 'Interest charge', '2023-10-06 13:26:13', '2023-10-06 13:26:13'),
(330, 45, 62, 0, 236700, '2023-10-04', 2, 'Loan repayment with ref to DEPOSITE', '2023-10-06 13:26:13', '2023-10-06 13:26:13'),
(331, 26, 47, 0, 50000, '2023-10-02', 2, 'Loan repayment with ref to POS SAADU AMUSA', '2023-10-06 13:28:33', '2023-10-06 13:28:33'),
(332, 35, 46, 54442.5, 0, '2023-10-07', 1, 'Interest charge', '2023-10-06 13:29:43', '2023-10-06 13:29:43'),
(333, 35, 46, 0, 200000, '2023-09-11', 2, 'Loan repayment with ref to TRANSFER', '2023-10-06 13:29:43', '2023-10-06 13:29:43'),
(334, 35, 46, 0, 50000, '2023-09-13', 2, 'Loan repayment with ref to TRANSFER', '2023-10-06 13:29:57', '2023-10-06 13:29:57'),
(335, 26, 47, 0, 160000, '2023-09-20', 2, 'Loan repayment with ref to DEPOSIT', '2023-10-06 13:31:30', '2023-10-06 13:31:30'),
(336, 26, 47, 0, 100000, '2023-09-26', 2, 'Loan repayment with ref to TRANSFER', '2023-10-06 13:31:45', '2023-10-06 13:31:45'),
(337, 26, 47, 0, 50000, '2023-09-27', 2, 'Loan repayment with ref to POS CECILIA   CASH', '2023-10-06 13:32:24', '2023-10-06 13:32:24'),
(338, 49, 64, 0, 473353.33, '2023-09-27', 2, 'Loan repayment with ref to Transfer', '2023-10-06 13:33:16', '2023-10-06 13:33:16'),
(339, 50, 67, 0, 473333.33, '2023-09-28', 2, 'Loan repayment with ref to DEPOSIT BY MERCY OKORIE', '2023-10-06 13:34:36', '2023-10-06 13:34:36'),
(340, 38, 52, 0, 426666, '2023-09-25', 2, 'Loan repayment with ref to TRANSFER', '2023-10-06 13:37:28', '2023-10-06 13:37:28'),
(341, 37, 50, 0, 111700, '2023-09-25', 2, 'Loan repayment with ref to POS  RABIU SENIOR', '2023-10-06 13:38:41', '2023-10-06 13:38:41'),
(342, 42, 58, 0, 236666.67, '2023-09-11', 2, 'Loan repayment with ref to REMITAL', '2023-10-06 13:41:08', '2023-10-06 13:41:08'),
(343, 29, 37, 47047.9165, 0, '2023-10-07', 1, 'Interest charge', '2023-10-09 08:49:35', '2023-10-09 08:49:35'),
(344, 30, 39, 39321.875, 0, '2023-10-07', 1, 'Interest charge', '2023-10-09 08:49:35', '2023-10-09 08:49:35'),
(345, 31, 40, 78312.5, 0, '2023-10-07', 1, 'Interest charge', '2023-10-09 08:49:35', '2023-10-09 08:49:35'),
(346, 32, 41, 73295.8335, 0, '2023-10-07', 1, 'Interest charge', '2023-10-09 08:49:35', '2023-10-09 08:49:35'),
(347, 33, 45, 53257.5, 0, '2023-10-07', 1, 'Interest charge', '2023-10-09 08:49:35', '2023-10-09 08:49:35'),
(348, 42, 58, 58333.3331, 0, '2023-10-09', 1, 'Interest charge', '2023-10-09 08:49:35', '2023-10-09 08:49:35'),
(349, 43, 59, 0, 0, '2023-10-09', 1, 'Interest charge', '2023-10-09 08:49:35', '2023-10-09 08:49:35'),
(350, 18, 24, 51550.625, 0, '2023-10-11', 1, 'Interest charge', '2023-10-11 06:19:35', '2023-10-11 06:19:35'),
(351, 20, 25, 39000.625, 0, '2023-10-11', 1, 'Interest charge', '2023-10-11 06:19:35', '2023-10-11 06:19:35'),
(352, 19, 26, 39880.625, 0, '2023-10-11', 1, 'Interest charge', '2023-10-11 06:19:35', '2023-10-11 06:19:35'),
(353, 21, 27, 55430.375, 0, '2023-10-11', 1, 'Interest charge', '2023-10-11 06:19:35', '2023-10-11 06:19:35'),
(354, 46, 63, 140000, 0, '2023-10-11', 1, 'Interest charge', '2023-10-11 06:19:35', '2023-10-11 06:19:35'),
(355, 13, 10, 39758.854202584, 0, '2023-10-14', 1, 'Interest charge', '2023-10-16 07:13:14', '2023-10-16 07:13:14'),
(356, 8, 9, 81607.69375, 0, '2023-10-14', 1, 'Interest charge', '2023-10-16 07:13:14', '2023-10-16 07:13:14'),
(357, 5, 6, 46933.33984375, 0, '2023-10-14', 1, 'Interest charge', '2023-10-16 07:13:14', '2023-10-16 07:13:14'),
(358, 7, 7, 40123.854702584, 0, '2023-10-14', 1, 'Interest charge', '2023-10-16 07:13:15', '2023-10-16 07:13:15'),
(359, 6, 8, 30969.140625, 0, '2023-10-14', 1, 'Interest charge', '2023-10-16 07:13:15', '2023-10-16 07:13:15'),
(360, 14, 12, 60458.854202584, 0, '2023-10-14', 1, 'Interest charge', '2023-10-16 07:13:15', '2023-10-16 07:13:15'),
(361, 57, 75, 2000000, 0, '2023-10-18', 1, 'Loan disbursement', '2023-10-18 13:28:48', '2023-10-18 13:28:48'),
(362, 56, 76, 2000000, 0, '2023-10-18', 1, 'Loan disbursement', '2023-10-18 13:29:29', '2023-10-18 13:29:29'),
(363, 58, 77, 2000000, 0, '2023-10-18', 1, 'Loan disbursement', '2023-10-18 13:29:56', '2023-10-18 13:29:56'),
(364, 30, 39, 0, 300000, '2023-10-03', 2, 'Loan repayment with ref to Transfer', '2023-10-23 10:36:33', '2023-10-23 10:36:33'),
(365, 46, 63, 0, 73330, '2023-10-17', 2, 'Loan repayment with ref to Transfer', '2023-10-23 10:36:59', '2023-10-23 10:36:59'),
(366, 46, 63, 0, 400000, '2023-10-13', 2, 'Loan repayment with ref to Transfer', '2023-10-23 10:37:22', '2023-10-23 10:37:22'),
(367, 7, 7, 0, 366000, '2023-10-10', 2, 'Loan repayment with ref to Transfer', '2023-10-23 10:39:10', '2023-10-23 10:39:10'),
(368, 7, 7, 0, 383700, '2023-09-21', 2, 'Loan repayment with ref to Transfer', '2023-10-23 10:40:47', '2023-10-23 10:40:47'),
(369, 19, 26, 0, 366666.67, '2023-10-11', 2, 'Loan repayment with ref to Transfer', '2023-10-23 10:41:38', '2023-10-23 10:41:38'),
(370, 26, 47, 0, 50000, '2023-10-06', 2, 'Loan repayment with ref to Transfer', '2023-10-23 10:43:01', '2023-10-23 10:43:01'),
(371, 26, 47, 0, 50000, '2023-10-05', 2, 'Loan repayment with ref to Transfer', '2023-10-23 10:46:25', '2023-10-23 10:46:25'),
(372, 5, 6, 0, 200000, '2023-10-05', 2, 'Loan repayment with ref to POS MM Bello', '2023-10-23 10:48:43', '2023-10-23 10:48:43'),
(373, 5, 6, 0, 200000, '2023-10-06', 2, 'Loan repayment with ref to Transfer', '2023-10-23 10:48:55', '2023-10-23 10:48:55'),
(374, 6, 8, 0, 183000, '2023-09-28', 2, 'Loan repayment with ref to TRANSFER', '2023-10-23 10:50:10', '2023-10-23 10:50:10'),
(375, 35, 46, 44664.625, 0, '2023-11-07', 1, 'Interest charge', '2023-10-23 10:54:40', '2023-10-23 10:54:40'),
(376, 35, 46, 0, 285000, '2023-10-10', 2, 'Loan repayment with ref to Transfer', '2023-10-23 10:54:40', '2023-10-23 10:54:40'),
(377, 33, 45, 0, 383400, '2023-10-11', 2, 'Loan repayment with ref to POS Chimezie Osuji', '2023-10-23 10:59:01', '2023-10-23 10:59:01'),
(378, 20, 25, 0, 349400, '2023-10-13', 2, 'Loan repayment with ref to Transfer', '2023-10-23 11:06:46', '2023-10-23 11:06:46'),
(379, 26, 47, 0, 50000, '2023-10-09', 2, 'Loan repayment with ref to POS Cecilia cash', '2023-10-23 11:27:33', '2023-10-23 11:27:33'),
(380, 55, 74, 1000000, 0, '2023-11-01', 1, 'Loan disbursement', '2023-11-01 17:05:40', '2023-11-01 17:05:40'),
(381, 4, 5, 8847.4741143187, 0, '2023-10-25', 1, 'Interest charge', '2023-11-06 08:25:12', '2023-11-06 08:25:12'),
(382, 10, 13, 29387.582390625, 0, '2023-10-29', 1, 'Interest charge', '2023-11-06 08:25:12', '2023-11-06 08:25:12'),
(383, 11, 17, 24353.12133125, 0, '2023-10-29', 1, 'Interest charge', '2023-11-06 08:25:12', '2023-11-06 08:25:12'),
(384, 12, 15, 61686.634375, 0, '2023-10-27', 1, 'Interest charge', '2023-11-06 08:25:12', '2023-11-06 08:25:12'),
(385, 9, 16, 57915.7271875, 0, '2023-10-27', 1, 'Interest charge', '2023-11-06 08:25:12', '2023-11-06 08:25:12'),
(386, 16, 22, 70969.140625, 0, '2023-10-27', 1, 'Interest charge', '2023-11-06 08:25:12', '2023-11-06 08:25:12'),
(387, 17, 23, 24292.4225, 0, '2023-10-29', 1, 'Interest charge', '2023-11-06 08:25:12', '2023-11-06 08:25:12'),
(388, 24, 32, 30387.65625, 0, '2023-10-20', 1, 'Interest charge', '2023-11-06 08:25:12', '2023-11-06 08:25:12'),
(389, 25, 33, 79048.625, 0, '2023-10-20', 1, 'Interest charge', '2023-11-06 08:25:12', '2023-11-06 08:25:12'),
(390, 27, 34, 59045.3085, 0, '2023-10-20', 1, 'Interest charge', '2023-11-06 08:25:12', '2023-11-06 08:25:12'),
(391, 26, 47, 94268.02, 0, '2023-10-24', 1, 'Interest charge', '2023-11-06 08:25:12', '2023-11-06 08:25:12'),
(392, 37, 50, 72335.515, 0, '2023-10-24', 1, 'Interest charge', '2023-11-06 08:25:12', '2023-11-06 08:25:12'),
(393, 38, 52, 77006.0676, 0, '2023-10-24', 1, 'Interest charge', '2023-11-06 08:25:12', '2023-11-06 08:25:12'),
(394, 40, 53, 114806.02, 0, '2023-10-24', 1, 'Interest charge', '2023-11-06 08:25:12', '2023-11-06 08:25:12'),
(395, 44, 60, 37450, 0, '2023-10-30', 1, 'Interest charge', '2023-11-06 08:25:12', '2023-11-06 08:25:12'),
(396, 48, 61, 149800, 0, '2023-11-03', 1, 'Interest charge', '2023-11-06 08:25:12', '2023-11-06 08:25:12'),
(397, 49, 64, 266465.2669, 0, '2023-10-30', 1, 'Interest charge', '2023-11-06 08:25:12', '2023-11-06 08:25:12'),
(398, 47, 65, 140000, 0, '2023-10-29', 1, 'Interest charge', '2023-11-06 08:25:12', '2023-11-06 08:25:12'),
(399, 50, 67, 116666.6669, 0, '2023-10-30', 1, 'Interest charge', '2023-11-06 08:25:12', '2023-11-06 08:25:12'),
(400, 53, 72, 280000, 0, '2023-10-29', 1, 'Interest charge', '2023-11-06 08:25:13', '2023-11-06 08:25:13'),
(401, 54, 73, 140000, 0, '2023-10-29', 1, 'Interest charge', '2023-11-06 08:25:13', '2023-11-06 08:25:13'),
(402, 29, 37, 49400.312325, 0, '2023-11-07', 1, 'Interest charge', '2023-11-07 08:40:38', '2023-11-07 08:40:38'),
(403, 30, 39, 26287.96875, 0, '2023-11-07', 1, 'Interest charge', '2023-11-07 08:40:38', '2023-11-07 08:40:38'),
(404, 31, 40, 82228.125, 0, '2023-11-07', 1, 'Interest charge', '2023-11-07 08:40:39', '2023-11-07 08:40:39'),
(405, 32, 41, 76960.625175, 0, '2023-11-07', 1, 'Interest charge', '2023-11-07 08:40:39', '2023-11-07 08:40:39'),
(406, 34, 42, 42467.325525, 0, '2023-11-07', 1, 'Interest charge', '2023-11-07 08:40:40', '2023-11-07 08:40:40'),
(407, 33, 45, 36750.375, 0, '2023-11-07', 1, 'Interest charge', '2023-11-07 08:40:40', '2023-11-07 08:40:40'),
(408, 20, 80, 2000000, 0, '2023-11-09', 1, 'Loan disbursement', '2023-11-08 22:23:34', '2023-11-08 22:23:34'),
(409, 17, 79, 2000000, 0, '2023-11-09', 1, 'Loan disbursement', '2023-11-08 22:24:17', '2023-11-08 22:24:17'),
(410, 9, 78, 5000000, 0, '2023-11-09', 1, 'Loan disbursement', '2023-11-08 22:24:46', '2023-11-08 22:24:46'),
(411, 43, 59, 0, 41700, '2023-11-02', 2, 'Loan repayment with ref to DEPOSITE BY EKENE', '2023-11-08 22:38:24', '2023-11-08 22:38:24'),
(412, 53, 72, 0, 473333, '2023-10-22', 2, 'Loan repayment with ref to TRANSFER  FROM YOUTH FOUNDATION', '2023-11-08 22:39:17', '2023-11-08 22:39:17'),
(413, 47, 65, 149800, 0, '2023-11-29', 1, 'Interest charge', '2023-11-08 22:40:20', '2023-11-08 22:40:20'),
(414, 47, 65, 0, 473400, '2023-10-31', 2, 'Loan repayment with ref to TRANSFER', '2023-11-08 22:40:20', '2023-11-08 22:40:20'),
(415, 9, 16, 0, 40000, '2023-08-01', 2, 'Loan repayment with ref to TRANSFER', '2023-11-08 22:40:52', '2023-11-08 22:40:52'),
(416, 9, 16, 0, 94700, '2023-11-01', 2, 'Loan repayment with ref to TRANSFER', '2023-11-08 22:41:15', '2023-11-08 22:41:15'),
(417, 8, 9, 0, 400000, '2023-10-19', 2, 'Loan repayment with ref to TRANSFER', '2023-11-08 22:45:57', '2023-11-08 22:45:57'),
(418, 5, 6, 0, 100000, '2023-10-09', 2, 'Loan repayment with ref to Deposit', '2023-11-08 22:46:15', '2023-11-08 22:46:15'),
(419, 6, 8, 0, 105000, '2023-10-31', 2, 'Loan repayment with ref to Deposit', '2023-11-08 22:47:33', '2023-11-08 22:47:33'),
(420, 6, 8, 0, 100000, '2023-10-18', 2, 'Loan repayment with ref to Deposit', '2023-11-08 22:51:10', '2023-11-08 22:51:10'),
(421, 6, 8, 0, 50000, '2023-10-23', 2, 'Loan repayment with ref to Deposit', '2023-11-08 22:53:10', '2023-11-08 22:53:10'),
(422, 26, 47, 0, 50000, '2023-10-19', 2, 'Loan repayment with ref to POS BY KING DAVID', '2023-11-08 23:03:00', '2023-11-08 23:03:00'),
(423, 26, 47, 0, 50000, '2023-11-03', 2, 'Loan repayment with ref to TRANSFER', '2023-11-08 23:07:18', '2023-11-08 23:07:18');
INSERT INTO `loan_transactions` (`id`, `customer_id`, `loan_id`, `debit`, `credit`, `transaction_date`, `transaction_type`, `remarks`, `created_at`, `updated_at`) VALUES
(424, 12, 15, 0, 250000, '2023-10-24', 2, 'Loan repayment with ref to POS BY BERNAD ARIFO', '2023-11-08 23:09:36', '2023-11-08 23:09:36'),
(425, 11, 17, 0, 300000, '2023-10-23', 2, 'Loan repayment with ref to TRANSFER', '2023-11-08 23:13:55', '2023-11-08 23:13:55'),
(426, 45, 62, 0, 225000, '2023-11-03', 2, 'Loan repayment with ref to DEPOSITED BY EPHRAIM', '2023-11-08 23:18:11', '2023-11-08 23:18:11'),
(427, 38, 52, 0, 103333.33, '2023-10-26', 2, 'Loan repayment with ref to TRANSFER', '2023-11-08 23:19:19', '2023-11-08 23:19:19'),
(428, 38, 52, 0, 300000, '2023-10-26', 2, 'Loan repayment with ref to TRANSFER', '2023-11-08 23:19:37', '2023-11-08 23:19:37'),
(429, 37, 50, 0, 105850, '2023-10-26', 2, 'Loan repayment with ref to POS BY RABIU SENIOR', '2023-11-08 23:21:59', '2023-11-08 23:21:59'),
(430, 18, 24, 0, 100000, '2023-10-28', 2, 'Loan repayment with ref to TRANSFER', '2023-11-08 23:24:05', '2023-11-08 23:24:05'),
(431, 18, 24, 0, 153000, '2023-10-16', 2, 'Loan repayment with ref to TRANSFER', '2023-11-08 23:24:53', '2023-11-08 23:24:53'),
(432, 10, 13, 0, 268500, '2023-11-04', 2, 'Loan repayment with ref to POS BY C TOTAL', '2023-11-08 23:28:07', '2023-11-08 23:28:07'),
(433, 17, 23, 0, 350000, '2023-10-30', 2, 'Loan repayment with ref to POS BY AIHENGBE PATIENCE', '2023-11-08 23:29:22', '2023-11-08 23:29:22'),
(434, 20, 25, 23480.65625, 0, '2023-11-11', 1, 'Interest charge', '2023-11-08 23:30:52', '2023-11-08 23:30:52'),
(435, 20, 25, 0, 349400, '2023-11-01', 2, 'Loan repayment with ref to TRANSFER', '2023-11-08 23:30:52', '2023-11-08 23:30:52'),
(436, 49, 64, 0, 450000, '2023-10-28', 2, 'Loan repayment with ref to POS BY MARIS BEAUTY FABRICS', '2023-11-08 23:32:21', '2023-11-08 23:32:21'),
(437, 50, 67, 0, 450000, '2023-11-02', 2, 'Loan repayment with ref to DEPOSITED BY MERCY OKORIE', '2023-11-08 23:34:50', '2023-11-08 23:34:50'),
(438, 54, 73, 0, 473333.33, '2023-10-23', 2, 'Loan repayment with ref to TRANSFER', '2023-11-08 23:37:54', '2023-11-08 23:37:54'),
(439, 42, 58, 62416.666417, 0, '2023-11-09', 1, 'Interest charge', '2023-11-09 12:26:16', '2023-11-09 12:26:16'),
(440, 43, 59, 0, 0, '2023-11-09', 1, 'Interest charge', '2023-11-09 12:26:16', '2023-11-09 12:26:16'),
(441, 13, 10, 41746.796912714, 0, '2023-11-14', 1, 'Interest charge', '2023-11-15 07:46:59', '2023-11-15 07:46:59'),
(442, 8, 9, 65688.0784375, 0, '2023-11-14', 1, 'Interest charge', '2023-11-15 07:46:59', '2023-11-15 07:46:59'),
(443, 5, 6, 24280.006835938, 0, '2023-11-14', 1, 'Interest charge', '2023-11-15 07:46:59', '2023-11-15 07:46:59'),
(444, 7, 7, 4645.0474377135, 0, '2023-11-14', 1, 'Interest charge', '2023-11-15 07:46:59', '2023-11-15 07:46:59'),
(445, 6, 8, 10617.59765625, 0, '2023-11-14', 1, 'Interest charge', '2023-11-15 07:46:59', '2023-11-15 07:46:59'),
(446, 14, 12, 63481.796912714, 0, '2023-11-14', 1, 'Interest charge', '2023-11-15 07:46:59', '2023-11-15 07:46:59'),
(447, 18, 24, 41478.15625, 0, '2023-11-11', 1, 'Interest charge', '2023-11-15 07:46:59', '2023-11-15 07:46:59'),
(448, 19, 26, 23541.32275, 0, '2023-11-11', 1, 'Interest charge', '2023-11-15 07:46:59', '2023-11-15 07:46:59'),
(449, 21, 27, 58201.89375, 0, '2023-11-11', 1, 'Interest charge', '2023-11-15 07:46:59', '2023-11-15 07:46:59'),
(450, 46, 63, 116666.9, 0, '2023-11-11', 1, 'Interest charge', '2023-11-15 07:46:59', '2023-11-15 07:46:59'),
(451, 24, 32, 31907.0390625, 0, '2023-11-20', 1, 'Interest charge', '2023-11-20 06:12:59', '2023-11-20 06:12:59'),
(452, 25, 33, 83001.05625, 0, '2023-11-20', 1, 'Interest charge', '2023-11-20 06:12:59', '2023-11-20 06:12:59'),
(453, 27, 34, 61997.573925, 0, '2023-11-20', 1, 'Interest charge', '2023-11-20 06:12:59', '2023-11-20 06:12:59'),
(454, 57, 75, 140000, 0, '2023-11-18', 1, 'Interest charge', '2023-11-20 06:12:59', '2023-11-20 06:12:59'),
(455, 56, 76, 140000, 0, '2023-11-18', 1, 'Interest charge', '2023-11-20 06:12:59', '2023-11-20 06:12:59'),
(456, 58, 77, 140000, 0, '2023-11-18', 1, 'Interest charge', '2023-11-20 06:12:59', '2023-11-20 06:12:59'),
(457, 19, 81, 2000000, 0, '2023-11-20', 1, 'Loan disbursement', '2023-11-20 18:47:40', '2023-11-20 18:47:40'),
(458, 62, 82, 2000000, 0, '2023-11-20', 1, 'Loan disbursement', '2023-11-20 18:48:07', '2023-11-20 18:48:07'),
(459, 63, 84, 2000000, 0, '2023-11-20', 1, 'Loan disbursement', '2023-11-20 18:48:38', '2023-11-20 18:48:38'),
(460, 64, 85, 2000000, 0, '2023-11-20', 1, 'Loan disbursement', '2023-11-20 18:49:01', '2023-11-20 18:49:01'),
(461, 40, 86, 2000000, 0, '2023-11-23', 1, 'Loan disbursement', '2023-11-23 01:59:27', '2023-11-23 01:59:27'),
(462, 4, 5, 9289.8478200347, 0, '2023-11-25', 1, 'Interest charge', '2023-11-28 13:14:54', '2023-11-28 13:14:54'),
(463, 12, 15, 52270.96609375, 0, '2023-11-27', 1, 'Interest charge', '2023-11-28 13:14:54', '2023-11-28 13:14:54'),
(464, 9, 16, 54076.513546875, 0, '2023-11-27', 1, 'Interest charge', '2023-11-28 13:14:54', '2023-11-28 13:14:54'),
(465, 16, 22, 74517.59765625, 0, '2023-11-27', 1, 'Interest charge', '2023-11-28 13:14:54', '2023-11-28 13:14:54'),
(466, 26, 47, 93866.7814, 0, '2023-11-24', 1, 'Interest charge', '2023-11-28 13:14:54', '2023-11-28 13:14:54'),
(467, 37, 50, 69989.50105, 0, '2023-11-24', 1, 'Interest charge', '2023-11-28 13:14:54', '2023-11-28 13:14:54'),
(468, 38, 52, 54163.159232, 0, '2023-11-24', 1, 'Interest charge', '2023-11-28 13:14:54', '2023-11-28 13:14:54'),
(469, 40, 53, 122842.4414, 0, '2023-11-24', 1, 'Interest charge', '2023-11-28 13:14:54', '2023-11-28 13:14:54'),
(470, 10, 13, 17431.961510156, 0, '2023-11-29', 1, 'Interest charge', '2023-11-29 06:41:49', '2023-11-29 06:41:49'),
(471, 11, 17, 10570.777397813, 0, '2023-11-29', 1, 'Interest charge', '2023-11-29 06:41:49', '2023-11-29 06:41:49'),
(472, 17, 23, 8007.043625, 0, '2023-11-29', 1, 'Interest charge', '2023-11-29 06:41:49', '2023-11-29 06:41:49'),
(473, 53, 72, 266466.69, 0, '2023-11-29', 1, 'Interest charge', '2023-11-29 06:41:49', '2023-11-29 06:41:49'),
(474, 54, 73, 116666.6669, 0, '2023-11-29', 1, 'Interest charge', '2023-11-29 06:41:49', '2023-11-29 06:41:49'),
(475, 44, 60, 40071.5, 0, '2023-11-30', 1, 'Interest charge', '2023-11-30 06:19:23', '2023-11-30 06:19:23'),
(476, 45, 62, 47824, 0, '2023-11-30', 1, 'Interest charge', '2023-11-30 06:19:23', '2023-11-30 06:19:23'),
(477, 49, 64, 253617.835583, 0, '2023-11-30', 1, 'Interest charge', '2023-11-30 06:19:23', '2023-11-30 06:19:23'),
(478, 50, 67, 93333.333583, 0, '2023-11-30', 1, 'Interest charge', '2023-11-30 06:19:23', '2023-11-30 06:19:23'),
(479, 13, 10, 43834.136758349, 0, '2023-12-14', 1, 'Interest charge', '2024-01-09 10:03:44', '2024-01-09 10:03:44'),
(480, 8, 9, 68972.482359375, 0, '2023-12-14', 1, 'Interest charge', '2024-01-09 10:03:44', '2024-01-09 10:03:44'),
(481, 5, 6, 25494.007177734, 0, '2023-12-14', 1, 'Interest charge', '2024-01-09 10:03:44', '2024-01-09 10:03:44'),
(482, 7, 7, 4877.2998095992, 0, '2023-12-14', 1, 'Interest charge', '2024-01-09 10:03:44', '2024-01-09 10:03:44'),
(483, 6, 8, 11148.477539062, 0, '2023-12-14', 1, 'Interest charge', '2024-01-09 10:03:44', '2024-01-09 10:03:44'),
(484, 4, 5, 9754.3402110364, 0, '2023-12-25', 1, 'Interest charge', '2024-01-09 10:03:44', '2024-01-09 10:03:44'),
(485, 14, 12, 66655.886758349, 0, '2023-12-14', 1, 'Interest charge', '2024-01-09 10:03:44', '2024-01-09 10:03:44'),
(486, 10, 13, 18303.559585664, 0, '2023-12-29', 1, 'Interest charge', '2024-01-09 10:03:44', '2024-01-09 10:03:44'),
(487, 11, 17, 11099.316267703, 0, '2023-12-29', 1, 'Interest charge', '2024-01-09 10:03:45', '2024-01-09 10:03:45'),
(488, 12, 15, 54884.514398437, 0, '2023-12-27', 1, 'Interest charge', '2024-01-09 10:03:45', '2024-01-09 10:03:45'),
(489, 9, 16, 56780.339224219, 0, '2023-12-27', 1, 'Interest charge', '2024-01-09 10:03:45', '2024-01-09 10:03:45'),
(490, 16, 22, 78243.477539062, 0, '2023-12-27', 1, 'Interest charge', '2024-01-09 10:03:45', '2024-01-09 10:03:45'),
(491, 17, 23, 8407.39580625, 0, '2023-12-29', 1, 'Interest charge', '2024-01-09 10:03:45', '2024-01-09 10:03:45'),
(492, 18, 24, 43552.0640625, 0, '2023-12-11', 1, 'Interest charge', '2024-01-09 10:03:45', '2024-01-09 10:03:45'),
(493, 20, 25, 7184.6890625, 0, '2023-12-11', 1, 'Interest charge', '2024-01-09 10:03:45', '2024-01-09 10:03:45'),
(494, 19, 26, 24718.3888875, 0, '2023-12-11', 1, 'Interest charge', '2024-01-09 10:03:45', '2024-01-09 10:03:45'),
(495, 21, 27, 61111.9884375, 0, '2023-12-11', 1, 'Interest charge', '2024-01-09 10:03:45', '2024-01-09 10:03:45'),
(496, 24, 32, 33502.391015625, 0, '2023-12-20', 1, 'Interest charge', '2024-01-09 10:03:45', '2024-01-09 10:03:45'),
(497, 25, 33, 87151.1090625, 0, '2023-12-20', 1, 'Interest charge', '2024-01-09 10:03:45', '2024-01-09 10:03:45'),
(498, 27, 34, 65097.45262125, 0, '2023-12-20', 1, 'Interest charge', '2024-01-09 10:03:45', '2024-01-09 10:03:45'),
(499, 29, 37, 51870.32794125, 0, '2023-12-07', 1, 'Interest charge', '2024-01-09 10:03:45', '2024-01-09 10:03:45'),
(500, 29, 37, 54463.844338313, 0, '2024-01-07', 1, 'Interest charge', '2024-01-09 10:03:45', '2024-01-09 10:03:45'),
(501, 30, 39, 27602.3671875, 0, '2023-12-07', 1, 'Interest charge', '2024-01-09 10:03:45', '2024-01-09 10:03:45'),
(502, 30, 39, 28982.485546875, 0, '2024-01-07', 1, 'Interest charge', '2024-01-09 10:03:45', '2024-01-09 10:03:45'),
(503, 31, 40, 86339.53125, 0, '2023-12-07', 1, 'Interest charge', '2024-01-09 10:03:45', '2024-01-09 10:03:45'),
(504, 31, 40, 90656.5078125, 0, '2024-01-07', 1, 'Interest charge', '2024-01-09 10:03:45', '2024-01-09 10:03:45'),
(505, 32, 41, 80808.65643375, 0, '2023-12-07', 1, 'Interest charge', '2024-01-09 10:03:45', '2024-01-09 10:03:45'),
(506, 32, 41, 84849.089255437, 0, '2024-01-07', 1, 'Interest charge', '2024-01-09 10:03:45', '2024-01-09 10:03:45'),
(507, 34, 42, 44590.69180125, 0, '2023-12-07', 1, 'Interest charge', '2024-01-09 10:03:45', '2024-01-09 10:03:45'),
(508, 34, 42, 46820.226391312, 0, '2024-01-07', 1, 'Interest charge', '2024-01-09 10:03:45', '2024-01-09 10:03:45'),
(509, 33, 45, 38587.89375, 0, '2023-12-07', 1, 'Interest charge', '2024-01-09 10:03:45', '2024-01-09 10:03:45'),
(510, 33, 45, 40517.2884375, 0, '2024-01-07', 1, 'Interest charge', '2024-01-09 10:03:45', '2024-01-09 10:03:45'),
(511, 35, 46, 32647.85625, 0, '2023-12-07', 1, 'Interest charge', '2024-01-09 10:03:45', '2024-01-09 10:03:45'),
(512, 35, 46, 34280.2490625, 0, '2024-01-07', 1, 'Interest charge', '2024-01-09 10:03:45', '2024-01-09 10:03:45'),
(513, 26, 47, 100437.456098, 0, '2023-12-24', 1, 'Interest charge', '2024-01-09 10:03:45', '2024-01-09 10:03:45'),
(514, 37, 50, 74888.7661235, 0, '2023-12-24', 1, 'Interest charge', '2024-01-09 10:03:45', '2024-01-09 10:03:45'),
(515, 38, 52, 57954.58037824, 0, '2023-12-24', 1, 'Interest charge', '2024-01-09 10:03:45', '2024-01-09 10:03:45'),
(516, 40, 53, 131441.412298, 0, '2023-12-24', 1, 'Interest charge', '2024-01-09 10:03:45', '2024-01-09 10:03:45'),
(517, 42, 58, 66785.83306619, 0, '2023-12-09', 1, 'Interest charge', '2024-01-09 10:03:45', '2024-01-09 10:03:45'),
(518, 42, 58, 71460.841380823, 0, '2024-01-09', 1, 'Interest charge', '2024-01-09 10:03:45', '2024-01-09 10:03:45'),
(519, 43, 59, 0, 0, '2023-12-09', 1, 'Interest charge', '2024-01-09 10:03:45', '2024-01-09 10:03:45'),
(520, 43, 59, 0, 0, '2024-01-09', 1, 'Interest charge', '2024-01-09 10:03:45', '2024-01-09 10:03:45'),
(521, 44, 60, 42876.505, 0, '2023-12-30', 1, 'Interest charge', '2024-01-09 10:03:45', '2024-01-09 10:03:45'),
(522, 48, 61, 160286, 0, '2023-12-03', 1, 'Interest charge', '2024-01-09 10:03:45', '2024-01-09 10:03:45'),
(523, 48, 61, 171506.02, 0, '2024-01-03', 1, 'Interest charge', '2024-01-09 10:03:45', '2024-01-09 10:03:45'),
(524, 45, 62, 51171.68, 0, '2023-12-30', 1, 'Interest charge', '2024-01-09 10:03:45', '2024-01-09 10:03:45'),
(525, 46, 63, 124833.583, 0, '2023-12-11', 1, 'Interest charge', '2024-01-09 10:03:45', '2024-01-09 10:03:45'),
(526, 49, 64, 271371.08407381, 0, '2023-12-30', 1, 'Interest charge', '2024-01-09 10:03:45', '2024-01-09 10:03:45'),
(527, 47, 65, 127148, 0, '2023-12-29', 1, 'Interest charge', '2024-01-09 10:03:45', '2024-01-09 10:03:45'),
(528, 50, 67, 99866.66693381, 0, '2023-12-30', 1, 'Interest charge', '2024-01-09 10:03:45', '2024-01-09 10:03:45'),
(529, 53, 72, 285119.3583, 0, '2023-12-29', 1, 'Interest charge', '2024-01-09 10:03:45', '2024-01-09 10:03:45'),
(530, 54, 73, 124833.333583, 0, '2023-12-29', 1, 'Interest charge', '2024-01-09 10:03:45', '2024-01-09 10:03:45'),
(531, 57, 75, 149800, 0, '2023-12-18', 1, 'Interest charge', '2024-01-09 10:03:45', '2024-01-09 10:03:45'),
(532, 55, 74, 70000, 0, '2023-12-01', 1, 'Interest charge', '2024-01-09 10:03:45', '2024-01-09 10:03:45'),
(533, 55, 74, 74900, 0, '2024-01-01', 1, 'Interest charge', '2024-01-09 10:03:45', '2024-01-09 10:03:45'),
(534, 56, 76, 149800, 0, '2023-12-18', 1, 'Interest charge', '2024-01-09 10:03:45', '2024-01-09 10:03:45'),
(535, 58, 77, 149800, 0, '2023-12-18', 1, 'Interest charge', '2024-01-09 10:03:45', '2024-01-09 10:03:45'),
(536, 9, 78, 350000, 0, '2023-12-09', 1, 'Interest charge', '2024-01-09 10:03:46', '2024-01-09 10:03:46'),
(537, 9, 78, 374500, 0, '2024-01-09', 1, 'Interest charge', '2024-01-09 10:03:46', '2024-01-09 10:03:46'),
(538, 19, 81, 140000, 0, '2023-12-20', 1, 'Interest charge', '2024-01-09 10:03:46', '2024-01-09 10:03:46'),
(539, 17, 79, 140000, 0, '2023-12-09', 1, 'Interest charge', '2024-01-09 10:03:46', '2024-01-09 10:03:46'),
(540, 17, 79, 149800, 0, '2024-01-09', 1, 'Interest charge', '2024-01-09 10:03:46', '2024-01-09 10:03:46'),
(541, 20, 80, 140000, 0, '2023-12-09', 1, 'Interest charge', '2024-01-09 10:03:46', '2024-01-09 10:03:46'),
(542, 20, 80, 149800, 0, '2024-01-09', 1, 'Interest charge', '2024-01-09 10:03:46', '2024-01-09 10:03:46'),
(543, 62, 82, 140000, 0, '2023-12-20', 1, 'Interest charge', '2024-01-09 10:03:46', '2024-01-09 10:03:46'),
(544, 63, 84, 140000, 0, '2023-12-20', 1, 'Interest charge', '2024-01-09 10:03:46', '2024-01-09 10:03:46'),
(545, 64, 85, 140000, 0, '2023-12-20', 1, 'Interest charge', '2024-01-09 10:03:46', '2024-01-09 10:03:46'),
(546, 40, 86, 140000, 0, '2023-12-23', 1, 'Interest charge', '2024-01-09 10:03:46', '2024-01-09 10:03:46'),
(547, 13, 10, 46025.843596267, 0, '2024-01-14', 1, 'Interest charge', '2024-01-30 08:44:47', '2024-01-30 08:44:47'),
(548, 8, 9, 72421.106477344, 0, '2024-01-14', 1, 'Interest charge', '2024-01-30 08:44:47', '2024-01-30 08:44:47'),
(549, 5, 6, 26768.707536621, 0, '2024-01-14', 1, 'Interest charge', '2024-01-30 08:44:47', '2024-01-30 08:44:47'),
(550, 7, 7, 5121.1648000792, 0, '2024-01-14', 1, 'Interest charge', '2024-01-30 08:44:47', '2024-01-30 08:44:47'),
(551, 6, 8, 11705.901416016, 0, '2024-01-14', 1, 'Interest charge', '2024-01-30 08:44:47', '2024-01-30 08:44:47'),
(552, 4, 5, 10242.057221588, 0, '2024-01-25', 1, 'Interest charge', '2024-01-30 08:44:47', '2024-01-30 08:44:47'),
(553, 14, 12, 69988.681096267, 0, '2024-01-14', 1, 'Interest charge', '2024-01-30 08:44:47', '2024-01-30 08:44:47'),
(554, 10, 13, 19218.737564947, 0, '2024-01-29', 1, 'Interest charge', '2024-01-30 08:44:47', '2024-01-30 08:44:47'),
(555, 11, 17, 11654.282081088, 0, '2024-01-29', 1, 'Interest charge', '2024-01-30 08:44:47', '2024-01-30 08:44:47'),
(556, 12, 15, 57628.740118359, 0, '2024-01-27', 1, 'Interest charge', '2024-01-30 08:44:47', '2024-01-30 08:44:47'),
(557, 9, 16, 59619.35618543, 0, '2024-01-27', 1, 'Interest charge', '2024-01-30 08:44:47', '2024-01-30 08:44:47'),
(558, 16, 22, 82155.651416016, 0, '2024-01-27', 1, 'Interest charge', '2024-01-30 08:44:47', '2024-01-30 08:44:47'),
(559, 17, 23, 8827.7655965625, 0, '2024-01-29', 1, 'Interest charge', '2024-01-30 08:44:47', '2024-01-30 08:44:47'),
(560, 18, 24, 45729.667265625, 0, '2024-01-11', 1, 'Interest charge', '2024-01-30 08:44:47', '2024-01-30 08:44:47'),
(561, 20, 25, 7543.923515625, 0, '2024-01-11', 1, 'Interest charge', '2024-01-30 08:44:47', '2024-01-30 08:44:47'),
(562, 19, 26, 25954.308331875, 0, '2024-01-11', 1, 'Interest charge', '2024-01-30 08:44:47', '2024-01-30 08:44:47'),
(563, 21, 27, 64167.587859375, 0, '2024-01-11', 1, 'Interest charge', '2024-01-30 08:44:47', '2024-01-30 08:44:47'),
(564, 24, 32, 35177.510566406, 0, '2024-01-20', 1, 'Interest charge', '2024-01-30 08:44:47', '2024-01-30 08:44:47'),
(565, 25, 33, 91508.664515625, 0, '2024-01-20', 1, 'Interest charge', '2024-01-30 08:44:47', '2024-01-30 08:44:47'),
(566, 27, 34, 68352.325252312, 0, '2024-01-20', 1, 'Interest charge', '2024-01-30 08:44:47', '2024-01-30 08:44:47'),
(567, 26, 47, 107468.07802486, 0, '2024-01-24', 1, 'Interest charge', '2024-01-30 08:44:47', '2024-01-30 08:44:47'),
(568, 37, 50, 80130.979752145, 0, '2024-01-24', 1, 'Interest charge', '2024-01-30 08:44:47', '2024-01-30 08:44:47'),
(569, 38, 52, 62011.401004717, 0, '2024-01-24', 1, 'Interest charge', '2024-01-30 08:44:47', '2024-01-30 08:44:47'),
(570, 40, 53, 140642.31115886, 0, '2024-01-24', 1, 'Interest charge', '2024-01-30 08:44:47', '2024-01-30 08:44:47'),
(571, 44, 60, 45877.86035, 0, '2024-01-30', 1, 'Interest charge', '2024-01-30 08:44:47', '2024-01-30 08:44:47'),
(572, 45, 62, 54753.6976, 0, '2024-01-30', 1, 'Interest charge', '2024-01-30 08:44:47', '2024-01-30 08:44:47'),
(573, 46, 63, 133571.93381, 0, '2024-01-11', 1, 'Interest charge', '2024-01-30 08:44:47', '2024-01-30 08:44:47'),
(574, 49, 64, 290367.05995898, 0, '2024-01-30', 1, 'Interest charge', '2024-01-30 08:44:47', '2024-01-30 08:44:47'),
(575, 47, 65, 136048.36, 0, '2024-01-29', 1, 'Interest charge', '2024-01-30 08:44:47', '2024-01-30 08:44:47'),
(576, 50, 67, 106857.33361918, 0, '2024-01-30', 1, 'Interest charge', '2024-01-30 08:44:47', '2024-01-30 08:44:47'),
(577, 53, 72, 305077.713381, 0, '2024-01-29', 1, 'Interest charge', '2024-01-30 08:44:47', '2024-01-30 08:44:47'),
(578, 54, 73, 133571.66693381, 0, '2024-01-29', 1, 'Interest charge', '2024-01-30 08:44:47', '2024-01-30 08:44:47'),
(579, 57, 75, 160286, 0, '2024-01-18', 1, 'Interest charge', '2024-01-30 08:44:48', '2024-01-30 08:44:48'),
(580, 56, 76, 160286, 0, '2024-01-18', 1, 'Interest charge', '2024-01-30 08:44:48', '2024-01-30 08:44:48'),
(581, 58, 77, 160286, 0, '2024-01-18', 1, 'Interest charge', '2024-01-30 08:44:48', '2024-01-30 08:44:48'),
(582, 19, 81, 149800, 0, '2024-01-20', 1, 'Interest charge', '2024-01-30 08:44:48', '2024-01-30 08:44:48'),
(583, 62, 82, 149800, 0, '2024-01-20', 1, 'Interest charge', '2024-01-30 08:44:48', '2024-01-30 08:44:48'),
(584, 63, 84, 149800, 0, '2024-01-20', 1, 'Interest charge', '2024-01-30 08:44:48', '2024-01-30 08:44:48'),
(585, 64, 85, 149800, 0, '2024-01-20', 1, 'Interest charge', '2024-01-30 08:44:48', '2024-01-30 08:44:48'),
(586, 40, 86, 149800, 0, '2024-01-23', 1, 'Interest charge', '2024-01-30 08:44:48', '2024-01-30 08:44:48'),
(587, 55, 74, 80143, 0, '2024-02-01', 1, 'Interest charge', '2024-02-01 08:02:39', '2024-02-01 08:02:39'),
(588, 48, 61, 183511.4414, 0, '2024-02-03', 1, 'Interest charge', '2024-02-03 09:40:08', '2024-02-03 09:40:08');

-- --------------------------------------------------------

--
-- Table structure for table `loan_types`
--

DROP TABLE IF EXISTS `loan_types`;
CREATE TABLE IF NOT EXISTS `loan_types` (
  `id` bigint UNSIGNED NOT NULL AUTO_INCREMENT,
  `particular` varchar(50) NOT NULL,
  UNIQUE KEY `id` (`id`)
) ENGINE=MyISAM AUTO_INCREMENT=3 DEFAULT CHARSET=latin1;

--
-- Dumping data for table `loan_types`
--

INSERT INTO `loan_types` (`id`, `particular`) VALUES
(1, 'Reducing Balance'),
(2, 'Straight Line');

-- --------------------------------------------------------

--
-- Table structure for table `migrations`
--

DROP TABLE IF EXISTS `migrations`;
CREATE TABLE IF NOT EXISTS `migrations` (
  `id` int UNSIGNED NOT NULL AUTO_INCREMENT,
  `migration` varchar(191) CHARACTER SET utf8mb4 COLLATE utf8mb4_unicode_ci NOT NULL,
  `batch` int NOT NULL,
  PRIMARY KEY (`id`)
) ENGINE=MyISAM AUTO_INCREMENT=14 DEFAULT CHARSET=utf8mb4 COLLATE=utf8mb4_unicode_ci;

--
-- Dumping data for table `migrations`
--

INSERT INTO `migrations` (`id`, `migration`, `batch`) VALUES
(1, '2014_10_12_000000_create_users_table', 1),
(2, '2014_10_12_100000_create_password_resets_table', 1),
(3, '2019_08_19_000000_create_failed_jobs_table', 1),
(4, '2022_11_14_111137_create_loans_table', 1),
(13, '2022_11_14_111311_create_customers_table', 4),
(6, '2022_11_14_123603_create_loan_transactions_table', 1),
(7, '2022_11_14_124155_create_repayment_logs_table', 1),
(8, '2022_11_14_124920_create_customer_notes_table', 1),
(9, '2022_11_15_083737_create_titles_table', 1),
(11, '2022_11_19_100521_create_loan_statuses_table', 2),
(12, '2022_11_20_145229_create_rates_table', 3);

-- --------------------------------------------------------

--
-- Table structure for table `modules`
--

DROP TABLE IF EXISTS `modules`;
CREATE TABLE IF NOT EXISTS `modules` (
  `id` bigint UNSIGNED NOT NULL AUTO_INCREMENT,
  `module` varchar(200) NOT NULL,
  `module_rank` int NOT NULL DEFAULT '0',
  `created_at` varchar(200) DEFAULT NULL,
  UNIQUE KEY `id` (`id`)
) ENGINE=MyISAM AUTO_INCREMENT=9 DEFAULT CHARSET=latin1;

--
-- Dumping data for table `modules`
--

INSERT INTO `modules` (`id`, `module`, `module_rank`, `created_at`) VALUES
(1, 'Registration', 1, NULL),
(2, 'Loan', 2, NULL),
(3, 'Reports', 3, NULL),
(4, 'Payment', 3, NULL),
(5, 'Setting', 5, NULL),
(6, 'Account Setup', 5, NULL),
(7, 'Self Service', 1, NULL),
(8, 'Automated setup', 7, NULL);

-- --------------------------------------------------------

--
-- Table structure for table `password_resets`
--

DROP TABLE IF EXISTS `password_resets`;
CREATE TABLE IF NOT EXISTS `password_resets` (
  `email` varchar(191) CHARACTER SET utf8mb4 COLLATE utf8mb4_unicode_ci NOT NULL,
  `token` varchar(191) CHARACTER SET utf8mb4 COLLATE utf8mb4_unicode_ci NOT NULL,
  `created_at` timestamp NULL DEFAULT NULL,
  KEY `password_resets_email_index` (`email`)
) ENGINE=MyISAM DEFAULT CHARSET=utf8mb4 COLLATE=utf8mb4_unicode_ci;

--
-- Dumping data for table `password_resets`
--

INSERT INTO `password_resets` (`email`, `token`, `created_at`) VALUES
('ohara.elian@example.org', '$2y$04$GW6euMOviCoep1uS1A/v2e0qHMfj1DDJXp6MvxnVqTlsdLwS2V2J6', '2022-11-16 20:55:36'),
('magdalena.hessel@example.org', '$2y$04$.TKWAq72C6FRaOqJ.ig2M.HffdjTx/nxWIcotQfwozOFXeJvegqPO', '2022-11-16 20:55:36');

-- --------------------------------------------------------

--
-- Table structure for table `payslip`
--

DROP TABLE IF EXISTS `payslip`;
CREATE TABLE IF NOT EXISTS `payslip` (
  `id` bigint UNSIGNED NOT NULL AUTO_INCREMENT,
  `names` varchar(50) NOT NULL,
  `emp_no` varchar(20) NOT NULL,
  `Year` varchar(10) NOT NULL,
  `Month` varchar(20) NOT NULL,
  `basic` double NOT NULL DEFAULT '0',
  `housing` double NOT NULL DEFAULT '0',
  `transportation` double NOT NULL DEFAULT '0',
  `medical` double NOT NULL DEFAULT '0',
  `utility` double NOT NULL DEFAULT '0',
  `tax` double NOT NULL DEFAULT '0',
  `pension` double NOT NULL DEFAULT '0',
  `nhf` double NOT NULL DEFAULT '0',
  `loan` double NOT NULL DEFAULT '0',
  `position` varchar(50) NOT NULL,
  UNIQUE KEY `id` (`id`)
) ENGINE=MyISAM AUTO_INCREMENT=2 DEFAULT CHARSET=latin1;

--
-- Dumping data for table `payslip`
--

INSERT INTO `payslip` (`id`, `names`, `emp_no`, `Year`, `Month`, `basic`, `housing`, `transportation`, `medical`, `utility`, `tax`, `pension`, `nhf`, `loan`, `position`) VALUES
(1, 'ste', 'drdce', '2000', 'February', 300, 5, 5, 7, 5, 5, 5, 5, 5, 'sfsf');

-- --------------------------------------------------------

--
-- Table structure for table `pettyhandling_transactions`
--

DROP TABLE IF EXISTS `pettyhandling_transactions`;
CREATE TABLE IF NOT EXISTS `pettyhandling_transactions` (
  `id` bigint UNSIGNED NOT NULL AUTO_INCREMENT,
  `projectid` int NOT NULL,
  `accountid` int NOT NULL,
  `amount` double NOT NULL,
  `remark` text NOT NULL,
  `transdate` varchar(100) NOT NULL,
  `post_at` datetime NOT NULL DEFAULT CURRENT_TIMESTAMP,
  `postby` int NOT NULL,
  `ref` varchar(100) NOT NULL,
  `manual_ref` varchar(200) DEFAULT NULL,
  `petty_accountid` int NOT NULL,
  `created_at` datetime NOT NULL DEFAULT CURRENT_TIMESTAMP,
  `final_post_by` int DEFAULT NULL,
  `branch_id` int DEFAULT NULL,
  `final_post_at` varchar(100) DEFAULT NULL,
  UNIQUE KEY `id` (`id`)
) ENGINE=MyISAM AUTO_INCREMENT=3 DEFAULT CHARSET=latin1;

--
-- Dumping data for table `pettyhandling_transactions`
--

INSERT INTO `pettyhandling_transactions` (`id`, `projectid`, `accountid`, `amount`, `remark`, `transdate`, `post_at`, `postby`, `ref`, `manual_ref`, `petty_accountid`, `created_at`, `final_post_by`, `branch_id`, `final_post_at`) VALUES
(1, 1, 17, 5000, 'testing', '2024-02-07', '2024-02-07 14:32:49', 13, '1707312769055075', '124', 7, '2024-02-07 14:32:49', NULL, NULL, NULL),
(2, 1, 17, 7000, '00', '2024-02-10', '2024-02-09 08:35:01', 13, '1707464101646576', '000', 7, '2024-02-09 08:35:01', NULL, NULL, NULL);

-- --------------------------------------------------------

--
-- Table structure for table `product_types`
--

DROP TABLE IF EXISTS `product_types`;
CREATE TABLE IF NOT EXISTS `product_types` (
  `id` bigint UNSIGNED NOT NULL AUTO_INCREMENT,
  `description` varchar(200) NOT NULL,
  `account_id` int DEFAULT NULL,
  `status` tinyint NOT NULL DEFAULT '1',
  UNIQUE KEY `id` (`id`)
) ENGINE=MyISAM AUTO_INCREMENT=18 DEFAULT CHARSET=utf8mb4 COLLATE=utf8mb4_0900_ai_ci;

--
-- Dumping data for table `product_types`
--

INSERT INTO `product_types` (`id`, `description`, `account_id`, `status`) VALUES
(1, 'Bank Transfer', 5, 1),
(2, 'Bank Transfer Reversal', 2, 1),
(3, 'POS Withdrawal', 2, 1),
(4, 'POS Withdrawal Reversal', 2, 1),
(5, 'IRecharge', 2, 1),
(6, 'IRecharge Reversal', 2, 1),
(7, 'Cash Out', 10, 1),
(8, 'KYC', 2, 1),
(9, 'Settlement', 2, 1),
(10, 'Device Retrieval', 5, 1),
(11, 'Pos Sales Revenue', 2, 1),
(12, 'Pos Security Deposit', 12, 1),
(14, 'Funding', 2, 1),
(15, 'Deduction', 2, 1),
(16, 'wallet top-up', 2, 1),
(17, 'Wallet Transfer', 2, 1);

-- --------------------------------------------------------

--
-- Table structure for table `product_types_text`
--

DROP TABLE IF EXISTS `product_types_text`;
CREATE TABLE IF NOT EXISTS `product_types_text` (
  `id` bigint UNSIGNED NOT NULL AUTO_INCREMENT,
  `description` varchar(200) NOT NULL,
  `product_type_id` int NOT NULL,
  `status` int NOT NULL DEFAULT '1',
  UNIQUE KEY `id` (`id`)
) ENGINE=MyISAM AUTO_INCREMENT=44 DEFAULT CHARSET=utf8mb4 COLLATE=utf8mb4_0900_ai_ci;

--
-- Dumping data for table `product_types_text`
--

INSERT INTO `product_types_text` (`id`, `description`, `product_type_id`, `status`) VALUES
(1, 'deduction', 15, 1),
(2, 'bank transfer', 1, 1),
(3, 'bank transfer reversal', 2, 1),
(4, '9MOBILE purchase', 5, 1),
(5, '9mobile topup', 5, 1),
(6, 'aedc purchase', 5, 1),
(7, 'Airtel data purchase', 5, 1),
(8, 'AIRTEL purchase', 5, 1),
(9, 'Airtel topup', 5, 1),
(10, 'DSTV purchase', 5, 1),
(11, 'Etisalat purchase', 5, 1),
(12, 'Glo purchase', 5, 1),
(13, 'Glo topup', 5, 1),
(14, 'GOTV purchase', 5, 1),
(15, 'kedco purchase', 5, 1),
(16, 'MTN data purchase', 5, 1),
(17, 'MTN purchase', 5, 1),
(18, 'MTN topup', 5, 1),
(19, '9MOBILE purchase(reversal)', 6, 1),
(20, '9mobile topup(reversal)', 6, 1),
(21, 'aedc purchase(reversal)', 6, 1),
(22, 'Airtel data purchase(reversal)', 6, 1),
(23, 'AIRTEL purchase(reversal)', 6, 1),
(24, 'Airtel topup(reversal)', 6, 1),
(25, 'DSTV purchase(reversal)', 6, 1),
(26, 'Etisalat purchase(reversal)', 6, 1),
(27, 'GLO purchase(reversal)', 6, 1),
(28, 'Glo topup(reversal)', 6, 1),
(29, 'GOTV purchase(reversal)', 6, 1),
(30, 'kedco purchase(reversal)', 6, 1),
(31, 'MTN data purchase(reversal)', 6, 1),
(32, 'MTN purchase(reversal)', 6, 1),
(33, 'MTN topup(reversal)', 6, 1),
(34, 'cashout', 7, 1),
(35, 'kyc check', 8, 1),
(36, 'device retrieval', 10, 1),
(37, 'pos sales revenue', 11, 1),
(38, 'pos security deposit', 12, 1),
(39, 'pos withdrawal', 3, 1),
(40, 'funding', 14, 1),
(42, 'wallet top-up', 16, 1),
(43, 'wallet transfer', 17, 1);

-- --------------------------------------------------------

--
-- Table structure for table `project_expenses`
--

DROP TABLE IF EXISTS `project_expenses`;
CREATE TABLE IF NOT EXISTS `project_expenses` (
  `id` bigint UNSIGNED NOT NULL AUTO_INCREMENT,
  `particular` varchar(50) NOT NULL,
  `expensenid` int NOT NULL,
  UNIQUE KEY `id` (`id`)
) ENGINE=MyISAM AUTO_INCREMENT=2 DEFAULT CHARSET=latin1;

--
-- Dumping data for table `project_expenses`
--

INSERT INTO `project_expenses` (`id`, `particular`, `expensenid`) VALUES
(1, 'Data and Calls', 17);

-- --------------------------------------------------------

--
-- Table structure for table `rates`
--

DROP TABLE IF EXISTS `rates`;
CREATE TABLE IF NOT EXISTS `rates` (
  `id` bigint UNSIGNED NOT NULL AUTO_INCREMENT,
  `rate` double(4,2) NOT NULL,
  `created_at` timestamp NULL DEFAULT NULL,
  `updated_at` timestamp NULL DEFAULT NULL,
  PRIMARY KEY (`id`)
) ENGINE=MyISAM AUTO_INCREMENT=2 DEFAULT CHARSET=utf8mb4 COLLATE=utf8mb4_unicode_ci;

--
-- Dumping data for table `rates`
--

INSERT INTO `rates` (`id`, `rate`, `created_at`, `updated_at`) VALUES
(1, 5.00, NULL, NULL);

-- --------------------------------------------------------

--
-- Table structure for table `repayment_logs`
--

DROP TABLE IF EXISTS `repayment_logs`;
CREATE TABLE IF NOT EXISTS `repayment_logs` (
  `id` bigint UNSIGNED NOT NULL AUTO_INCREMENT,
  `customer_id` int NOT NULL,
  `loan_id` int NOT NULL,
  `amount` double(20,2) NOT NULL,
  `created_by` int NOT NULL,
  `is_approved` int NOT NULL DEFAULT '0',
  `approved_by` int DEFAULT NULL,
  `details` varchar(2000) CHARACTER SET utf8mb4 COLLATE utf8mb4_unicode_ci DEFAULT NULL,
  `payment_date` varchar(50) CHARACTER SET utf8mb4 COLLATE utf8mb4_unicode_ci DEFAULT NULL,
  `created_at` timestamp NULL DEFAULT NULL,
  `updated_at` timestamp NULL DEFAULT NULL,
  PRIMARY KEY (`id`)
) ENGINE=MyISAM AUTO_INCREMENT=300 DEFAULT CHARSET=utf8mb4 COLLATE=utf8mb4_unicode_ci;

--
-- Dumping data for table `repayment_logs`
--

INSERT INTO `repayment_logs` (`id`, `customer_id`, `loan_id`, `amount`, `created_by`, `is_approved`, `approved_by`, `details`, `payment_date`, `created_at`, `updated_at`) VALUES
(2, 2, 2, 216666.67, 13, 1, 13, 'Testing', '2023-01-25', '2023-01-25 14:28:37', '2023-01-25 14:29:04'),
(3, 2, 2, 208333.33, 13, 1, 13, 'test2', '2023-01-25', '2023-01-25 14:31:32', '2023-01-25 14:33:38'),
(5, 4, 5, 170000.00, 45, 1, 46, 'TRANSFER TO ZENITH BANK', '2023-03-12', '2023-04-20 20:27:23', '2023-04-28 18:32:33'),
(6, 4, 5, 263333.00, 45, 1, 46, 'Transfer to Zenith bank.', '2023-03-14', '2023-04-20 20:29:24', '2023-04-28 18:32:49'),
(7, 4, 5, 200000.00, 45, 1, 46, 'Transfer to Zenith bank', '2023-04-04', '2023-04-20 20:32:51', '2023-04-28 18:33:16'),
(8, 4, 5, 216666.00, 45, 1, 46, 'Transfer to Zenith bank', '2023-04-14', '2023-04-20 20:35:46', '2023-04-28 18:33:33'),
(9, 4, 5, 150000.00, 45, 1, 46, 'Transfer to Zenith Bank', '2023-05-02', '2023-05-02 20:10:38', '2023-05-19 19:44:17'),
(10, 4, 5, 250000.00, 45, 1, 46, 'POS Marisbeauty Fabrics', '2023-05-07', '2023-05-10 14:01:14', '2023-05-19 19:45:08'),
(12, 5, 6, 325000.00, 45, 1, 46, 'Transfer', '2023-05-15', '2023-05-16 17:58:46', '2023-05-19 19:46:22'),
(13, 8, 9, 434000.00, 45, 1, 46, 'Transfer', '2023-05-16', '2023-05-16 18:00:53', '2023-05-19 19:46:45'),
(14, 7, 7, 433333.33, 45, 1, 46, 'Transfer', '2023-05-16', '2023-05-16 18:10:57', '2023-05-19 19:47:22'),
(15, 6, 8, 325000.00, 45, 1, 46, 'Direct Deposit', '2023-05-17', '2023-05-17 15:46:16', '2023-05-19 19:48:07'),
(16, 13, 10, 433333.33, 44, 1, 46, 'Transfer to credit hub limited zenith bank account', '2023-05-17', '2023-05-18 12:57:44', '2023-05-19 19:48:40'),
(17, 14, 12, 433333.33, 44, 1, 46, 'Remittal', '2023-05-18', '2023-05-18 14:59:20', '2023-05-19 19:48:54'),
(18, 5, 6, 87500.00, 45, 1, 46, 'Deposit', '2023-05-23', '2023-05-24 16:34:59', '2023-06-06 20:21:33'),
(19, 12, 15, 433500.00, 45, 1, 46, 'POS Nurudeen business center & communication', '2023-05-30', '2023-05-30 15:40:10', '2023-06-06 20:12:13'),
(20, 11, 17, 216667.00, 45, 1, 46, 'Transfer from key stone bank to zenith bank', '2023-05-31', '2023-05-31 16:49:17', '2023-06-06 20:09:56'),
(21, 9, 16, 1083000.00, 45, 1, 46, 'TRANSFER', '2023-05-31', '2023-05-31 18:05:40', '2023-06-06 20:13:04'),
(23, 17, 23, 433400.00, 45, 1, 46, 'PAID THROUGH POS ASSET WORLD DUTSE SOKALE', '2023-05-30', '2023-05-31 19:33:53', '2023-06-06 20:13:46'),
(24, 16, 22, 325000.00, 44, 1, 46, 'Transfer', '2023-05-31', '2023-06-01 11:52:53', '2023-06-06 20:14:20'),
(25, 10, 13, 325000.00, 45, 1, 46, 'POS C TOTAL', '2023-06-01', '2023-06-01 15:38:11', '2023-06-06 20:14:50'),
(26, 10, 13, 108350.00, 45, 1, 46, 'DEPOSITE', '2023-06-01', '2023-06-01 15:38:49', '2023-06-06 20:15:15'),
(27, 4, 5, 383333.33, 45, 1, 46, 'POS Money point Marisbeauty Fabrics', '2023-06-01', '2023-06-02 12:00:39', '2023-06-06 20:16:12'),
(30, 18, 24, 450000.00, 45, 1, 46, 'TRANSFER FROM GTB TO ZENITH BANK', '2023-06-12', '2023-06-13 11:51:07', '2023-10-03 13:54:02'),
(31, 20, 25, 434000.00, 45, 1, 46, 'TRANSFER', '2023-06-13', '2023-06-13 13:48:04', '2023-10-03 13:55:26'),
(32, 19, 26, 433333.33, 45, 1, 46, 'TRANSFER', '2023-06-13', '2023-06-13 19:32:18', '2023-10-03 13:57:25'),
(33, 5, 6, 200000.00, 45, 1, 46, 'PAID THROUGH POS    U U BELLO EVESTMENT', '2023-06-15', '2023-06-15 18:58:49', '2023-10-03 14:14:11'),
(34, 5, 6, 112500.00, 45, 1, 46, 'Transfer through Iyke Don System', '2023-06-16', '2023-06-16 19:29:28', '2023-10-03 14:15:20'),
(35, 7, 7, 416700.00, 45, 1, 46, 'TRANSFER', '2023-06-16', '2023-06-19 11:44:40', '2023-10-03 14:28:54'),
(36, 13, 10, 416666.67, 44, 1, 46, 'Remittal', '2023-06-16', '2023-06-19 16:48:32', '2023-10-03 14:17:27'),
(37, 14, 12, 416666.67, 44, 1, 46, 'POS   . Agiande victor igali', '2023-06-19', '2023-06-20 18:48:05', '2023-10-03 14:32:21'),
(38, 27, 34, 433333.33, 44, 1, 46, 'Remittal', '2023-06-20', '2023-06-21 17:49:57', '2023-10-03 14:21:00'),
(39, 6, 8, 208000.00, 45, 1, 46, 'POS  GOODLUCKS COSMETICS', '2023-06-24', '2023-06-26 12:40:14', '2023-10-03 14:19:28'),
(40, 6, 8, 104500.00, 45, 1, 46, 'DEPOSITE', '2023-06-26', '2023-06-26 16:26:44', '2023-10-03 14:20:21'),
(41, 25, 33, 300000.00, 44, 1, 46, 'Transfer', '2023-06-24', '2023-06-26 17:49:58', '2023-10-03 14:30:47'),
(42, 25, 33, 133353.00, 44, 1, 46, 'Transfer', '2023-06-26', '2023-06-26 17:51:32', '2023-10-03 14:31:01'),
(43, 17, 23, 416000.00, 45, 1, 46, 'Transfer from Aihengbe Patience Ekata (Tajbank)', '2023-06-28', '2023-06-30 12:00:52', '2023-10-03 14:22:45'),
(44, 12, 15, 417000.00, 45, 1, 46, 'POS EUNICE ENTERPRISE', '2023-06-30', '2023-06-30 12:48:31', '2023-10-03 14:18:10'),
(45, 5, 6, 110000.00, 45, 1, 46, 'DEPOSIT', '2023-06-30', '2023-06-30 16:17:28', '2023-10-03 14:28:08'),
(47, 11, 17, 180000.00, 45, 1, 46, 'Transfer', '2023-07-03', '2023-07-03 14:54:41', '2023-10-03 14:33:02'),
(48, 30, 39, 350000.00, 45, 1, 46, 'Transfer', '2023-07-03', '2023-07-03 14:55:44', '2023-10-03 14:39:04'),
(49, 10, 13, 416000.00, 45, 1, 46, 'DEPOSITE', '2023-07-03', '2023-07-03 15:41:46', '2023-10-03 14:35:03'),
(50, 9, 16, 1040000.00, 45, 1, 46, 'Transfer from Global chibest UBA', '2023-07-01', '2023-07-03 18:10:00', '2023-10-03 14:36:15'),
(51, 11, 17, 28400.00, 45, 1, 46, 'Transfer', '2023-07-06', '2023-07-06 19:12:23', '2023-10-03 14:43:12'),
(52, 33, 45, 433400.00, 45, 1, 46, 'POS Chimezie Nwachimereze Osuji', '2023-07-06', '2023-07-06 19:13:34', '2023-10-03 14:40:04'),
(53, 4, 5, 200000.00, 45, 1, 46, 'POS Marisbeauty fabric', '2023-07-02', '2023-07-07 13:06:21', '2023-10-03 14:41:12'),
(54, 31, 40, 300000.00, 45, 1, 46, 'TRANSFER', '2023-07-09', '2023-07-10 12:15:36', '2023-10-03 15:49:52'),
(55, 35, 46, 400000.00, 45, 1, 46, 'TRANSFER', '2023-07-09', '2023-07-10 12:17:35', '2023-10-03 15:50:28'),
(56, 4, 5, 166666.67, 45, 1, 46, 'POS  Marisbeauty Fabrics', '2023-07-10', '2023-07-11 12:19:27', '2023-10-03 15:50:41'),
(57, 18, 24, 300000.00, 45, 1, 46, 'Transfer', '2023-07-10', '2023-07-11 12:20:33', '2023-10-03 15:51:39'),
(58, 19, 26, 416666.67, 45, 1, 46, 'Transfer', '2023-07-11', '2023-07-11 17:47:11', '2023-10-03 15:51:59'),
(59, 18, 24, 120000.00, 45, 1, 46, 'TRANSFER', '2023-07-11', '2023-07-11 19:49:39', '2023-10-03 15:52:24'),
(60, 32, 41, 433333.33, 44, 1, 46, 'Transfer', '2023-07-12', '2023-07-12 15:40:19', '2023-10-03 15:53:18'),
(61, 34, 42, 433333.33, 44, 1, 46, 'transfere', '2023-07-13', '2023-07-12 15:40:39', '2023-10-03 15:54:03'),
(62, 34, 42, 433333.33, 44, 1, 46, 'transfer', '2023-07-12', '2023-07-12 15:41:04', '2023-10-03 15:54:26'),
(63, 29, 37, 216666.67, 44, 1, 46, 'transfer', '2023-07-09', '2023-07-12 15:42:49', '2023-10-03 15:54:50'),
(64, 27, 34, 416666.00, 44, 1, 46, 'Transfer', '2023-07-18', '2023-07-20 14:38:38', '2023-10-03 15:55:28'),
(65, 13, 10, 400000.00, 44, 1, 46, 'transfer', '2023-07-17', '2023-07-20 14:40:32', '2023-10-03 16:06:47'),
(66, 34, 42, 433333.33, 44, 1, 46, 'transfer', '2023-07-12', '2023-07-20 14:42:12', '2023-10-03 16:08:34'),
(67, 5, 6, 150000.00, 45, 1, 46, 'Transfer from iykedon account', '2023-07-17', '2023-07-20 14:43:39', '2023-10-03 16:16:29'),
(68, 5, 6, 150000.00, 45, 1, 46, 'POS  Zaino Trading company', '2023-07-19', '2023-07-20 14:44:44', '2023-10-03 16:17:29'),
(69, 7, 7, 406666.66, 45, 1, 46, 'Transfer', '2023-07-19', '2023-07-20 14:46:06', '2023-10-03 16:17:53'),
(70, 6, 8, 100000.00, 45, 1, 46, 'Deposit', '2023-07-19', '2023-07-20 14:47:50', '2023-10-03 16:16:00'),
(71, 20, 25, 434000.00, 45, 1, 46, 'Transfer', '2023-07-10', '2023-07-20 14:54:40', '2023-10-03 16:14:46'),
(72, 31, 40, 133000.00, 45, 1, 46, 'Transfer', '2023-07-20', '2023-07-20 14:56:37', '2023-10-03 16:18:19'),
(73, 35, 46, 43400.00, 45, 1, 46, 'Transfer', '2023-07-24', '2023-07-24 16:53:09', '2023-10-03 16:10:53'),
(74, 37, 50, 123350.00, 45, 1, 46, 'Deposited by Sunday Chukwuemeka', '2023-07-24', '2023-07-24 16:56:09', '2023-10-03 16:23:01'),
(75, 38, 52, 473333.33, 45, 1, 46, 'Transfer', '2023-07-23', '2023-07-24 16:56:51', '2023-10-03 16:19:37'),
(76, 40, 53, 810000.00, 44, 1, 46, 'Transfer to FCMB Account', '2023-07-23', '2023-07-25 15:34:10', '2023-10-03 16:09:10'),
(77, 25, 33, 200000.00, 44, 1, 46, 'Transfer to zenith account', '2023-07-20', '2023-07-25 15:45:01', '2023-10-03 16:18:52'),
(78, 25, 33, 100000.00, 44, 1, 46, 'transfer to zenith account', '2023-07-22', '2023-07-25 15:45:35', '2023-10-03 16:25:49'),
(79, 25, 33, 116687.00, 44, 1, 46, 'transfer to zenith account', '2023-07-25', '2023-07-25 15:46:32', '2023-10-03 16:22:27'),
(80, 6, 8, 200000.00, 45, 1, 46, 'POS Goodluck cosmetics', '2023-07-25', '2023-07-25 16:53:10', '2023-10-03 16:21:02'),
(81, 4, 5, 200000.00, 45, 1, 46, 'POS Marisbeauty fabrics', '2023-07-25', '2023-07-26 11:46:45', '2023-10-03 16:21:53'),
(82, 37, 50, 100000.00, 45, 1, 46, 'Deposite', '2023-07-26', '2023-07-27 14:17:11', '2023-10-03 16:23:48'),
(83, 14, 12, 400000.00, 44, 1, 46, 'POS', '2023-07-28', '2023-07-31 16:11:46', '2023-10-03 22:02:47'),
(84, 21, 27, 185000.00, 44, 1, 46, 'TRANSFER', '2023-07-18', '2023-07-31 16:13:09', '2023-10-03 16:14:10'),
(85, 21, 27, 65000.00, 44, 1, 46, 'TANSFER', '2023-07-28', '2023-07-31 16:13:40', '2023-10-03 16:25:23'),
(86, 34, 42, 216666.00, 44, 1, 46, 'Transfer', '2023-08-14', '2023-08-15 12:03:54', '2023-10-03 22:03:47'),
(87, 16, 22, 100000.00, 44, 1, 46, 'POS (OPAY) UC FASHION', '2023-08-03', '2023-08-15 12:06:32', '2023-10-03 22:04:48'),
(88, 32, 41, 416000.00, 44, 1, 46, 'Transfer', '2023-08-08', '2023-08-15 12:08:36', '2023-10-03 22:30:23'),
(89, 4, 5, 150000.00, 45, 1, 46, 'POS Marisbeauty Fabrics', '2023-07-28', '2023-08-16 18:27:45', '2023-10-03 16:12:23'),
(91, 5, 6, 100000.00, 45, 1, 46, 'Deposite', '2023-08-16', '2023-08-16 18:32:11', '2023-10-03 23:40:02'),
(95, 10, 13, 300000.00, 45, 1, 46, 'POS Gazzcom multy services', '2023-08-03', '2023-08-16 18:36:46', '2023-10-03 22:37:11'),
(96, 10, 13, 100000.00, 45, 1, 46, 'Deposite', '2023-08-07', '2023-08-16 18:37:34', '2023-10-03 22:37:01'),
(97, 12, 15, 400000.00, 45, 1, 46, 'POS Benard Irifo', '2023-08-01', '2023-08-16 18:39:18', '2023-10-03 22:07:42'),
(100, 11, 17, 100000.00, 45, 1, 46, 'TRANSFER', '2023-07-31', '2023-08-16 18:43:31', '2023-10-03 22:31:21'),
(99, 11, 17, 80000.00, 45, 1, 46, 'TRANSFER', '2023-08-14', '2023-08-16 18:42:12', '2023-10-03 22:38:09'),
(101, 17, 23, 400000.00, 45, 1, 46, 'Transfer from Aihengbe Patience', '2023-08-01', '2023-08-16 18:45:19', '2023-10-03 23:37:16'),
(102, 20, 25, 434000.00, 45, 1, 46, 'Transfer', '2023-08-10', '2023-08-16 18:46:43', '2023-10-03 22:40:37'),
(103, 19, 26, 400000.00, 45, 1, 46, 'Deposite', '2023-08-14', '2023-08-16 18:47:32', '2023-10-03 22:28:49'),
(104, 30, 39, 300000.00, 45, 1, 46, 'TRANSFER', '2023-08-05', '2023-08-16 18:49:13', '2023-10-03 23:14:39'),
(105, 33, 45, 416700.00, 45, 1, 46, 'POS  Chimezie Osuji', '2023-08-09', '2023-08-16 18:50:43', '2023-10-03 22:43:07'),
(120, 35, 46, 150000.00, 45, 1, 46, 'Transfer', '2023-08-10', '2023-09-05 19:32:06', '2023-10-03 23:13:17'),
(107, 26, 47, 210000.00, 45, 1, 46, 'DEPOSITE', '2023-08-01', '2023-08-16 18:52:31', '2023-10-03 22:13:49'),
(108, 26, 47, 185000.00, 45, 1, 46, 'DEPOSITE', '2023-08-15', '2023-08-16 18:53:08', '2023-10-03 22:20:56'),
(109, 26, 47, 78400.00, 45, 1, 46, 'DEPOSITE', '2023-08-16', '2023-08-16 18:53:42', '2023-10-03 22:23:08'),
(110, 37, 50, 131650.00, 45, 1, 46, 'DEPOSITE', '2023-08-09', '2023-08-16 18:54:44', '2023-10-03 22:43:56'),
(111, 13, 10, 414000.00, 44, 1, 46, 'TRANSFER', '2023-08-21', '2023-08-22 13:22:36', '2023-10-03 22:45:50'),
(112, 21, 27, 100000.00, 44, 1, 46, 'POS MONI POINT', '2023-08-21', '2023-08-22 13:23:53', '2023-10-03 22:46:45'),
(113, 27, 34, 400107.00, 44, 1, 46, 'Transfer', '2023-08-18', '2023-08-22 13:26:30', '2023-10-03 23:33:20'),
(114, 38, 52, 449999.99, 45, 1, 46, 'Transfer', '2023-08-22', '2023-08-23 12:23:57', '2023-10-03 22:47:29'),
(115, 6, 8, 191700.00, 45, 1, 46, 'Transfer', '2023-08-23', '2023-08-23 18:51:17', '2023-10-03 22:59:39'),
(116, 37, 50, 117500.00, 45, 1, 46, 'Deposited by Chukwuemeka', '2023-08-25', '2023-09-05 19:18:15', '2023-10-03 23:34:19'),
(117, 37, 50, 180000.00, 45, 1, 46, 'Deposite', '2023-08-29', '2023-09-05 19:21:30', '2023-10-03 22:53:20'),
(118, 37, 50, 40000.00, 45, 1, 46, 'Deposit', '2023-09-05', '2023-09-05 19:29:05', '2023-10-03 23:08:04'),
(119, 26, 47, 120000.00, 45, 1, 46, 'Deposit', '2023-09-05', '2023-09-05 19:30:52', '2023-10-03 23:08:33'),
(121, 35, 46, 100000.00, 45, 1, 46, 'Transfer', '2023-08-14', '2023-09-05 19:32:40', '2023-10-03 22:19:38'),
(122, 35, 46, 99000.00, 45, 1, 46, 'Transfer', '2023-08-21', '2023-09-05 19:33:07', '2023-10-03 22:48:11'),
(123, 30, 39, 300000.00, 45, 1, 46, 'Transfer', '2023-08-31', '2023-09-05 19:34:03', '2023-10-03 22:54:57'),
(124, 31, 40, 200000.00, 45, 1, 46, 'Transfer', '2023-08-30', '2023-09-05 19:34:51', '2023-10-03 22:54:15'),
(125, 11, 17, 50000.00, 45, 1, 46, 'Transfer', '2023-08-28', '2023-09-05 19:36:42', '2023-10-03 22:37:59'),
(126, 17, 23, 383000.00, 45, 1, 46, 'Transfer', '2023-09-03', '2023-09-05 19:38:29', '2023-10-03 23:02:59'),
(127, 10, 13, 285000.00, 45, 1, 46, 'POS C Total', '2023-09-03', '2023-09-05 19:40:04', '2023-10-03 23:04:22'),
(128, 10, 13, 2000.00, 45, 1, 46, 'POS C Total', '2023-09-04', '2023-09-05 19:40:36', '2023-10-03 23:04:36'),
(129, 10, 13, 96000.00, 45, 1, 46, 'Deposit', '2023-09-05', '2023-09-05 19:41:05', '2023-10-03 23:04:54'),
(130, 9, 16, 1000000.00, 45, 1, 46, 'Transfer', '2023-08-02', '2023-09-05 19:42:05', '2023-10-03 22:23:57'),
(131, 9, 16, 950000.00, 45, 1, 46, 'Transfer', '2023-08-29', '2023-09-05 19:42:39', '2023-10-03 22:52:38'),
(132, 7, 7, 400000.00, 45, 1, 46, 'Transfer by Chizyk poly nig ltd', '2023-09-01', '2023-09-05 19:45:15', '2023-10-03 23:05:30'),
(133, 5, 6, 100000.00, 45, 1, 46, 'Deposit', '2023-08-15', '2023-09-05 19:46:38', '2023-10-03 22:15:42'),
(135, 5, 6, 100000.00, 45, 1, 46, 'POS MM BELLO', '2023-09-05', '2023-10-04 14:46:06', '2023-10-04 18:34:24'),
(136, 5, 6, 90000.00, 45, 1, 46, 'DEPOSIT', '2023-09-19', '2023-10-04 14:46:38', '2023-10-04 18:14:46'),
(137, 8, 9, 418000.00, 45, 1, 46, 'TRANSFER', '2023-09-25', '2023-10-04 14:47:26', '2023-10-04 18:15:39'),
(138, 6, 8, 95800.00, 45, 1, 46, 'DEPOSIT', '2023-09-19', '2023-10-04 14:48:21', '2023-10-04 18:20:50'),
(139, 6, 8, 183000.00, 45, 1, 46, 'TRANSFER', '2023-09-28', '2023-10-04 14:48:55', '2023-10-23 10:50:10'),
(140, 9, 16, 916700.00, 45, 1, 46, 'TRANSFER', '2023-09-28', '2023-10-04 14:50:00', '2023-10-04 18:19:48'),
(141, 10, 13, 275000.00, 45, 1, 46, 'DEPOSIT', '2023-09-28', '2023-10-04 14:51:16', '2023-10-04 18:29:53'),
(142, 10, 13, 91700.00, 45, 1, 46, 'DEPOSITE', '2023-10-03', '2023-10-04 14:52:15', '2023-10-04 18:39:56'),
(143, 17, 23, 366000.00, 45, 1, 46, 'POS DE-ASSETWORLD', '2023-10-04', '2023-10-04 14:53:44', '2023-10-04 18:37:42'),
(144, 11, 17, 100000.00, 45, 1, 46, 'TRANSFER', '2023-09-22', '2023-10-04 14:54:34', '2023-10-04 18:35:46'),
(145, 20, 25, 349000.00, 45, 1, 46, 'TRANSFER', '2023-09-11', '2023-10-04 14:55:25', '2023-10-04 18:12:02'),
(146, 19, 26, 383400.00, 45, 1, 46, 'TRANSFER', '2023-09-12', '2023-10-04 14:56:09', '2023-10-04 18:09:46'),
(147, 18, 24, 200000.00, 45, 1, 46, 'TRANSFER', '2023-09-08', '2023-10-04 14:56:58', '2023-10-04 18:41:58'),
(148, 18, 24, 100000.00, 45, 1, 46, 'TRANSFER', '2023-09-12', '2023-10-04 14:57:24', '2023-10-04 18:09:19'),
(149, 18, 24, 100000.00, 45, 1, 46, 'TRANSFER', '2023-09-23', '2023-10-04 14:57:53', '2023-10-04 18:31:21'),
(150, 18, 24, 130000.00, 45, 1, 46, 'TRANSFER', '2023-10-01', '2023-10-04 14:58:17', '2023-10-04 18:08:41'),
(151, 33, 45, 400000.00, 45, 1, 46, 'POS CHIMEZIE OSUJI', '2023-09-08', '2023-10-04 14:59:05', '2023-10-04 18:07:16'),
(152, 31, 40, 116000.00, 45, 1, 46, 'TRANSFER', '2023-09-11', '2023-10-04 14:59:49', '2023-10-04 18:06:19'),
(172, 30, 39, 300000.00, 45, 1, 46, 'Transfer', '2023-10-03', '2023-10-10 13:06:09', '2023-10-23 10:36:33'),
(154, 35, 46, 200000.00, 45, 1, 46, 'TRANSFER', '2023-09-11', '2023-10-05 07:33:39', '2023-10-06 13:29:43'),
(155, 35, 46, 50000.00, 45, 1, 46, 'TRANSFER', '2023-09-13', '2023-10-05 07:34:31', '2023-10-06 13:29:57'),
(156, 26, 47, 160000.00, 45, 1, 46, 'DEPOSIT', '2023-09-20', '2023-10-05 07:35:55', '2023-10-06 13:31:30'),
(157, 26, 47, 100000.00, 45, 1, 46, 'TRANSFER', '2023-09-26', '2023-10-05 07:36:36', '2023-10-06 13:31:45'),
(158, 26, 47, 50000.00, 45, 1, 46, 'POS CECILIA   CASH', '2023-09-27', '2023-10-05 07:37:19', '2023-10-06 13:32:24'),
(159, 26, 47, 50000.00, 45, 1, 46, 'POS SAADU AMUSA', '2023-10-02', '2023-10-05 07:37:58', '2023-10-06 13:28:33'),
(160, 38, 52, 426666.00, 45, 1, 46, 'TRANSFER', '2023-09-25', '2023-10-05 07:38:50', '2023-10-06 13:37:28'),
(161, 37, 50, 111700.00, 45, 1, 46, 'POS  RABIU SENIOR', '2023-09-25', '2023-10-05 07:41:19', '2023-10-06 13:38:41'),
(162, 42, 58, 236666.67, 45, 1, 46, 'REMITAL', '2023-09-11', '2023-10-05 07:42:13', '2023-10-06 13:41:08'),
(163, 50, 67, 473333.33, 45, 1, 46, 'DEPOSIT BY MERCY OKORIE', '2023-09-28', '2023-10-05 07:43:34', '2023-10-06 13:34:36'),
(164, 49, 64, 473353.33, 45, 1, 46, 'Transfer', '2023-09-27', '2023-10-05 07:46:07', '2023-10-06 13:33:16'),
(165, 45, 62, 236700.00, 45, 1, 46, 'DEPOSITE', '2023-10-04', '2023-10-05 07:47:00', '2023-10-06 13:26:13'),
(167, 7, 7, 383700.00, 45, 1, 46, 'Transfer', '2023-09-21', '2023-10-10 12:52:08', '2023-10-23 10:40:47'),
(168, 7, 7, 366000.00, 45, 1, 46, 'Transfer', '2023-10-10', '2023-10-10 12:53:14', '2023-10-23 10:39:10'),
(169, 26, 47, 50000.00, 45, 1, 46, 'Transfer', '2023-10-05', '2023-10-10 13:00:44', '2023-10-23 10:46:25'),
(170, 26, 47, 50000.00, 45, 1, 46, 'Transfer', '2023-10-06', '2023-10-10 13:01:24', '2023-10-23 10:43:01'),
(171, 26, 47, 50000.00, 45, 1, 46, 'POS Cecilia cash', '2023-10-09', '2023-10-10 13:04:45', '2023-10-23 11:27:33'),
(173, 35, 46, 285000.00, 45, 1, 46, 'Transfer', '2023-10-10', '2023-10-11 06:35:47', '2023-10-23 10:54:40'),
(174, 33, 45, 383400.00, 45, 1, 46, 'POS Chimezie Osuji', '2023-10-11', '2023-10-11 06:36:39', '2023-10-23 10:59:01'),
(175, 5, 6, 200000.00, 45, 1, 46, 'POS MM Bello', '2023-10-05', '2023-10-16 08:38:32', '2023-10-23 10:48:43'),
(176, 5, 6, 200000.00, 45, 1, 46, 'Transfer', '2023-10-06', '2023-10-16 08:39:05', '2023-10-23 10:48:55'),
(177, 5, 6, 100000.00, 45, 1, 46, 'Deposit', '2023-10-09', '2023-10-16 08:39:42', '2023-11-08 22:46:15'),
(178, 19, 26, 366666.67, 45, 1, 46, 'Transfer', '2023-10-11', '2023-10-16 08:44:19', '2023-10-23 10:41:38'),
(179, 42, 58, 237750.00, 45, 0, NULL, 'Transfer', '2023-10-12', '2023-10-16 10:24:57', '2023-10-16 10:24:57'),
(180, 20, 25, 349400.00, 45, 1, 46, 'Transfer', '2023-10-13', '2023-10-16 10:33:32', '2023-10-23 11:06:46'),
(181, 46, 63, 400000.00, 45, 1, 46, 'Transfer', '2023-10-13', '2023-10-17 14:01:57', '2023-10-23 10:37:22'),
(182, 46, 63, 73330.00, 45, 1, 46, 'Transfer', '2023-10-17', '2023-10-17 14:02:57', '2023-10-23 10:36:59'),
(183, 8, 9, 400000.00, 45, 1, 46, 'TRANSFER', '2023-10-19', '2023-11-06 09:39:29', '2023-11-08 22:45:57'),
(184, 6, 8, 100000.00, 45, 1, 46, 'Deposit', '2023-10-18', '2023-11-06 09:40:43', '2023-11-08 22:51:10'),
(185, 6, 8, 50000.00, 45, 1, 46, 'Deposit', '2023-10-23', '2023-11-06 09:42:01', '2023-11-08 22:53:10'),
(186, 6, 8, 105000.00, 45, 1, 46, 'Deposit', '2023-10-31', '2023-11-06 09:43:38', '2023-11-08 22:47:33'),
(187, 12, 15, 70000.00, 45, 0, NULL, 'POS BY EUNICE ENTERPRISES', '2023-09-27', '2023-11-06 09:44:50', '2023-11-06 09:44:50'),
(188, 12, 15, 250000.00, 45, 1, 46, 'POS BY BERNAD ARIFO', '2023-10-24', '2023-11-06 09:45:43', '2023-11-08 23:09:36'),
(189, 12, 15, 300000.00, 45, 0, NULL, 'POS BY NATURE BUSINESS CENTER', '2023-11-01', '2023-11-06 09:46:28', '2023-11-06 09:46:28'),
(190, 9, 16, 40000.00, 45, 1, 46, 'TRANSFER', '2023-08-01', '2023-11-06 09:47:45', '2023-11-08 22:40:52'),
(191, 9, 16, 94700.00, 45, 1, 46, 'TRANSFER', '2023-11-01', '2023-11-06 09:48:35', '2023-11-08 22:41:15'),
(192, 10, 13, 268500.00, 45, 1, 46, 'POS BY C TOTAL', '2023-11-04', '2023-11-06 09:50:25', '2023-11-08 23:28:07'),
(193, 17, 23, 350000.00, 45, 1, 46, 'POS BY AIHENGBE PATIENCE', '2023-10-30', '2023-11-06 09:51:41', '2023-11-08 23:29:22'),
(194, 11, 17, 300000.00, 45, 1, 46, 'TRANSFER', '2023-10-23', '2023-11-06 09:52:35', '2023-11-08 23:13:55'),
(195, 20, 25, 349400.00, 45, 1, 46, 'TRANSFER', '2023-11-01', '2023-11-06 10:46:08', '2023-11-08 23:30:52'),
(196, 18, 24, 153000.00, 45, 1, 46, 'TRANSFER', '2023-10-16', '2023-11-06 10:48:10', '2023-11-08 23:24:53'),
(197, 18, 24, 100000.00, 45, 1, 46, 'TRANSFER', '2023-10-28', '2023-11-06 10:48:45', '2023-11-08 23:24:05'),
(198, 30, 39, 312000.00, 45, 0, NULL, 'TRANSFER', '2023-10-31', '2023-11-06 10:53:55', '2023-11-06 10:53:55'),
(199, 26, 47, 50000.00, 45, 1, 46, 'POS BY KING DAVID', '2023-10-19', '2023-11-06 10:55:48', '2023-11-08 23:03:00'),
(200, 26, 47, 50000.00, 45, 1, 46, 'TRANSFER', '2023-11-03', '2023-11-06 10:56:37', '2023-11-08 23:07:18'),
(201, 38, 52, 300000.00, 45, 1, 46, 'TRANSFER', '2023-10-26', '2023-11-06 10:57:27', '2023-11-08 23:19:37'),
(202, 38, 52, 103333.33, 45, 1, 46, 'TRANSFER', '2023-10-26', '2023-11-06 10:57:54', '2023-11-08 23:19:19'),
(203, 37, 50, 105850.00, 45, 1, 46, 'POS BY RABIU SENIOR', '2023-10-26', '2023-11-06 10:59:05', '2023-11-08 23:21:59'),
(204, 50, 67, 450000.00, 45, 1, 46, 'DEPOSITED BY MERCY OKORIE', '2023-11-02', '2023-11-06 11:00:34', '2023-11-08 23:34:50'),
(205, 49, 64, 450000.00, 45, 1, 46, 'POS BY MARIS BEAUTY FABRICS', '2023-10-28', '2023-11-06 11:02:55', '2023-11-08 23:32:21'),
(206, 45, 62, 225000.00, 45, 1, 46, 'DEPOSITED BY EPHRAIM', '2023-11-03', '2023-11-06 11:06:52', '2023-11-08 23:18:11'),
(207, 47, 65, 473400.00, 45, 1, 46, 'TRANSFER', '2023-10-31', '2023-11-06 11:08:25', '2023-11-08 22:40:20'),
(208, 54, 73, 473333.33, 45, 1, 46, 'TRANSFER', '2023-10-23', '2023-11-06 11:09:04', '2023-11-08 23:37:54'),
(210, 53, 72, 473333.00, 45, 1, 46, 'TRANSFER  FROM YOUTH FOUNDATION', '2023-10-22', '2023-11-06 11:11:16', '2023-11-08 22:39:17'),
(211, 43, 59, 41700.00, 45, 0, NULL, 'ATM TRANSFER FROM WEMA BANK LUGBE', '2023-09-15', '2023-11-06 11:12:51', '2023-11-06 11:12:51'),
(212, 43, 59, 41700.00, 45, 0, NULL, 'DIRECT DEBIT', '2023-09-29', '2023-11-06 11:14:04', '2023-11-06 11:14:04'),
(213, 43, 59, 41700.00, 45, 1, 46, 'DEPOSITE BY EKENE', '2023-11-02', '2023-11-06 11:15:43', '2023-11-08 22:38:24'),
(214, 46, 63, 200000.00, 45, 0, NULL, 'Transfer', '2023-11-17', '2023-11-20 13:05:40', '2023-11-20 13:05:40'),
(215, 46, 63, 100000.00, 45, 0, NULL, 'paid by Nicolas Nnamdi Nwachukwu', '2023-11-19', '2023-11-20 13:06:24', '2023-11-20 13:06:24'),
(216, 42, 58, 225333.34, 45, 0, NULL, 'Remittal', '2023-11-09', '2023-11-20 13:08:28', '2023-11-20 13:08:28'),
(217, 26, 47, 100000.00, 45, 0, NULL, 'MM Bello communication', '2023-11-13', '2023-11-20 13:10:11', '2023-11-20 13:10:11'),
(218, 35, 46, 250000.00, 45, 0, NULL, 'Transfer', '2023-11-09', '2023-11-20 13:11:03', '2023-11-20 13:11:03'),
(219, 33, 45, 366700.00, 45, 0, NULL, 'POS Chimezie Osiji', '2023-11-07', '2023-11-20 13:12:30', '2023-11-20 13:12:30'),
(220, 18, 24, 175000.00, 45, 0, NULL, 'Transfer', '2023-11-10', '2023-11-20 13:13:21', '2023-11-20 13:13:21'),
(221, 19, 26, 350000.00, 45, 0, NULL, 'Transfer', '2023-11-13', '2023-11-20 13:14:05', '2023-11-20 13:14:05'),
(222, 11, 17, 80000.00, 45, 0, NULL, 'Transfer', '2023-11-20', '2023-11-20 13:15:24', '2023-11-20 13:15:24'),
(223, 6, 8, 50000.00, 45, 0, NULL, 'Deposite by Goodluck', '2023-11-10', '2023-11-20 13:17:14', '2023-11-20 13:17:14'),
(224, 6, 8, 50000.00, 45, 0, NULL, 'POS Sir Tee Enterprise', '2023-11-16', '2023-11-20 13:18:18', '2023-11-20 13:18:18'),
(226, 8, 9, 400000.00, 45, 0, NULL, 'Transfer', '2023-11-09', '2023-11-20 14:24:52', '2023-11-20 14:24:52'),
(227, 5, 6, 150000.00, 45, 0, NULL, 'Transfer', '2023-10-20', '2023-11-20 14:26:24', '2023-11-20 14:26:24'),
(228, 5, 6, 175000.00, 45, 0, NULL, 'POS AA Communication', '2023-11-16', '2023-11-20 14:27:14', '2023-11-20 14:27:14'),
(229, 10, 13, 82000.00, 45, 0, NULL, 'Deposit', '2023-11-22', '2023-12-14 09:42:22', '2023-12-14 09:42:22'),
(230, 11, 17, 55000.00, 45, 0, NULL, 'Transfer', '2023-12-04', '2023-12-14 09:43:53', '2023-12-14 09:43:53'),
(231, 18, 24, 172000.00, 45, 0, NULL, 'Transfer', '2023-11-28', '2023-12-14 09:45:38', '2023-12-14 09:45:38'),
(232, 18, 24, 164400.00, 45, 0, NULL, 'Transfer', '2023-12-10', '2023-12-14 09:46:11', '2023-12-14 09:46:11'),
(233, 33, 45, 350000.00, 45, 0, NULL, 'POS Chimezie Osuji', '2023-12-06', '2023-12-14 09:47:11', '2023-12-14 09:47:11'),
(234, 30, 39, 200500.00, 45, 0, NULL, 'Transfer', '2023-11-21', '2023-12-14 09:48:33', '2023-12-14 09:48:33'),
(235, 35, 46, 200000.00, 45, 0, NULL, 'Transfer', '2023-12-04', '2023-12-14 09:49:25', '2023-12-14 09:49:25'),
(236, 26, 47, 70000.00, 45, 0, NULL, 'POS King David Enterprises', '2023-11-23', '2023-12-14 09:51:04', '2023-12-14 09:51:04'),
(237, 26, 47, 75000.00, 45, 0, NULL, 'POS Hamza Abdulahi', '2023-11-28', '2023-12-14 09:52:17', '2023-12-14 09:52:17'),
(238, 26, 47, 80000.00, 45, 0, NULL, 'Deposit', '2023-12-06', '2023-12-14 09:52:59', '2023-12-14 09:52:59'),
(239, 38, 52, 379999.00, 45, 0, NULL, 'Transfer', '2023-11-23', '2023-12-14 09:54:05', '2023-12-14 09:54:05'),
(240, 37, 50, 100000.00, 45, 0, NULL, 'POS Rabiu Senior', '2023-11-27', '2023-12-14 09:57:28', '2023-12-14 09:57:28'),
(241, 42, 58, 100000.00, 45, 0, NULL, 'Transfer', '2023-12-11', '2023-12-14 09:58:48', '2023-12-14 09:58:48'),
(242, 50, 67, 426667.00, 45, 0, NULL, 'O2 Global 02', '2023-12-04', '2023-12-14 10:00:00', '2023-12-14 10:00:00'),
(243, 49, 64, 426666.66, 45, 0, NULL, 'Paid by Ugo Mary', '2023-12-10', '2023-12-14 10:01:15', '2023-12-14 10:01:15'),
(244, 45, 62, 144000.00, 45, 0, NULL, 'Deposit', '2023-12-01', '2023-12-14 10:03:03', '2023-12-14 10:03:03'),
(245, 45, 62, 69400.00, 45, 0, NULL, 'Deposit', '2023-12-06', '2023-12-14 10:03:34', '2023-12-14 10:03:34'),
(250, 47, 65, 473500.00, 45, 0, NULL, 'Transfer', '2023-11-30', '2023-12-14 10:12:59', '2023-12-14 10:12:59'),
(248, 46, 63, 173300.00, 45, 0, NULL, 'Transfer', '2023-11-24', '2023-12-14 10:06:32', '2023-12-14 10:06:32'),
(249, 46, 63, 300000.00, 45, 0, NULL, 'Transfer', '2023-12-13', '2023-12-14 10:07:08', '2023-12-14 10:07:08'),
(251, 54, 73, 250000.00, 45, 0, NULL, 'Transfer', '2023-12-29', '2023-12-14 10:13:40', '2023-12-14 10:13:40'),
(252, 54, 73, 150000.00, 45, 0, NULL, 'Transfer', '2023-11-30', '2023-12-14 10:14:16', '2023-12-14 10:14:16'),
(253, 54, 73, 50000.00, 45, 0, NULL, 'Transfer', '2023-11-30', '2023-12-14 10:14:41', '2023-12-14 10:14:41'),
(254, 53, 72, 450000.00, 45, 0, NULL, 'Transfer', '2023-12-02', '2023-12-14 10:15:26', '2023-12-14 10:15:26'),
(255, 56, 76, 200000.00, 45, 0, NULL, 'Transfer', '2023-11-25', '2023-12-14 10:16:33', '2023-12-14 10:16:33'),
(256, 56, 76, 273333.33, 45, 0, NULL, 'Transfer', '2023-12-05', '2023-12-14 10:17:00', '2023-12-14 10:17:00'),
(257, 57, 75, 473400.00, 45, 0, NULL, 'Transfer', '2023-11-21', '2023-12-14 10:18:15', '2023-12-14 10:18:15'),
(258, 58, 77, 470000.00, 45, 0, NULL, 'Transfer', '2023-12-03', '2023-12-14 10:21:15', '2023-12-14 10:21:15'),
(259, 43, 59, 41700.00, 45, 0, NULL, 'Deposit', '2023-12-04', '2023-12-14 10:22:34', '2023-12-14 10:22:34'),
(260, 20, 80, 474000.00, 45, 0, NULL, 'Transfer', '2023-12-11', '2023-12-14 10:24:37', '2023-12-14 10:24:37'),
(261, 17, 79, 473400.00, 45, 0, NULL, 'POS Obi Johnson Oshogwe', '2023-12-14', '2023-12-14 10:25:56', '2023-12-14 10:25:56'),
(262, 9, 78, 1183400.00, 45, 0, NULL, 'Transfer', '2023-12-11', '2023-12-14 10:26:44', '2023-12-14 10:26:44'),
(263, 8, 9, 313000.00, 45, 0, NULL, 'Transfer', '2023-12-18', '2024-01-22 10:49:23', '2024-01-22 10:49:23'),
(264, 12, 15, 100000.00, 45, 0, NULL, 'POS UZ  Frozen & Oil Enterprises', '2023-12-21', '2024-01-22 10:51:52', '2024-01-22 10:51:52'),
(265, 18, 24, 140000.00, 45, 0, NULL, 'Transfer', '2024-01-07', '2024-01-22 10:58:55', '2024-01-22 10:58:55'),
(266, 18, 24, 140000.00, 45, 0, NULL, 'Transfer', '2024-01-22', '2024-01-22 10:59:40', '2024-01-22 10:59:40'),
(267, 31, 40, 100000.00, 45, 0, NULL, 'Transfer', '2023-12-15', '2024-01-22 11:01:30', '2024-01-22 11:01:30'),
(268, 35, 46, 150000.00, 45, 0, NULL, 'Transfer', '2023-12-27', '2024-01-22 11:03:12', '2024-01-22 11:03:12'),
(269, 35, 46, 100000.00, 45, 0, NULL, 'Transfer', '2024-01-20', '2024-01-22 11:03:43', '2024-01-22 11:03:43'),
(270, 26, 47, 50000.00, 45, 0, NULL, 'POS  Saadu Ambusa', '2023-12-16', '2024-01-22 11:33:00', '2024-01-22 11:33:00'),
(271, 26, 47, 50000.00, 45, 0, NULL, 'POS Saadu Shehu Mohamed', '2023-12-18', '2024-01-22 11:35:11', '2024-01-22 11:35:11'),
(272, 26, 47, 100000.00, 45, 0, NULL, 'Transfer', '2024-01-15', '2024-01-22 11:36:02', '2024-01-22 11:36:02'),
(273, 38, 52, 356666.00, 45, 0, NULL, 'aisare Textile', '2023-12-21', '2024-01-22 11:39:56', '2024-01-22 11:39:56'),
(274, 42, 58, 200000.00, 45, 0, NULL, 'Transfer', '2024-01-11', '2024-01-22 11:43:09', '2024-01-22 11:43:09'),
(275, 50, 67, 403334.00, 45, 0, NULL, 'Transfer from FCMB', '2024-01-20', '2024-01-22 11:44:33', '2024-01-22 11:44:33'),
(276, 49, 64, 100000.00, 45, 0, NULL, 'Transfer', '2024-01-08', '2024-01-22 12:34:39', '2024-01-22 12:34:39'),
(277, 49, 64, 100000.00, 45, 0, NULL, 'Transfer', '2024-01-10', '2024-01-22 12:35:17', '2024-01-22 12:35:17'),
(278, 49, 64, 203353.33, 45, 0, NULL, 'Transfer', '2024-01-20', '2024-01-22 12:35:55', '2024-01-22 12:35:55'),
(279, 45, 62, 130000.00, 45, 0, NULL, 'Deposit', '2024-01-10', '2024-01-22 12:37:14', '2024-01-22 12:37:14'),
(280, 45, 62, 71670.00, 45, 0, NULL, 'Deposit', '2024-01-18', '2024-01-22 12:37:57', '2024-01-22 12:37:57'),
(281, 46, 63, 100000.00, 45, 0, NULL, 'Transfer', '2023-12-17', '2024-01-22 12:39:23', '2024-01-22 12:40:47'),
(282, 46, 63, 260000.00, 45, 0, NULL, 'Transfer', '2024-01-18', '2024-01-22 12:40:05', '2024-01-22 12:40:05'),
(283, 54, 73, 200000.00, 45, 0, NULL, 'Transfer', '2023-12-20', '2024-01-22 12:54:35', '2024-01-22 12:54:35'),
(284, 54, 73, 100000.00, 45, 0, NULL, 'Transfer', '2023-12-22', '2024-01-22 12:55:36', '2024-01-22 12:55:36'),
(285, 54, 73, 126666.00, 45, 0, NULL, 'Transfer', '2023-12-27', '2024-01-22 12:57:18', '2024-01-22 12:57:18'),
(286, 57, 75, 450000.00, 45, 0, NULL, 'Transfer', '2023-12-20', '2024-01-22 13:08:09', '2024-01-22 13:08:09'),
(287, 57, 75, 427000.00, 45, 0, NULL, 'Transfer', '2024-01-22', '2024-01-22 13:09:11', '2024-01-22 13:09:11'),
(288, 58, 77, 453000.00, 45, 0, NULL, 'Transfer', '2024-01-08', '2024-01-22 13:10:42', '2024-01-22 13:10:42'),
(289, 43, 59, 41700.00, 45, 0, NULL, 'Deposit', '2023-12-19', '2024-01-22 13:12:13', '2024-01-22 13:12:13'),
(290, 20, 80, 474000.00, 45, 0, NULL, 'Transfer', '2024-01-14', '2024-01-22 13:13:21', '2024-01-22 13:13:21'),
(291, 17, 79, 450000.00, 45, 0, NULL, 'POS Obi Johnson Oshogwe', '2024-01-15', '2024-01-22 13:14:33', '2024-01-22 13:14:33'),
(292, 9, 78, 1125000.00, 45, 0, NULL, 'Transfer', '2024-01-15', '2024-01-22 13:15:22', '2024-01-22 13:15:22'),
(293, 64, 85, 220000.00, 45, 0, NULL, 'POS  Haruna Muazu', '2023-12-21', '2024-01-22 13:19:00', '2024-01-22 13:19:00'),
(294, 64, 85, 17000.00, 45, 0, NULL, 'pos  Haruna Muazu', '2023-12-22', '2024-01-22 13:20:04', '2024-01-22 13:20:04'),
(295, 64, 85, 236400.00, 45, 0, NULL, 'POS  Gods Heritage', '2023-12-24', '2024-01-22 13:21:29', '2024-01-22 13:21:29'),
(296, 19, 81, 473333.33, 45, 0, NULL, 'Transfer', '2023-12-21', '2024-01-22 13:22:35', '2024-01-22 13:22:35'),
(297, 62, 82, 473400.00, 45, 0, NULL, 'POS Sir Tee Enterprises', '2023-12-27', '2024-01-22 13:24:30', '2024-01-22 13:24:30'),
(298, 63, 84, 354000.00, 45, 0, NULL, 'POS  Obyno communication', '2023-12-21', '2024-01-22 13:26:10', '2024-01-22 13:26:10'),
(299, 63, 84, 119400.00, 45, 0, NULL, 'Deposit', '2023-12-29', '2024-01-22 13:27:09', '2024-01-22 13:27:32');

-- --------------------------------------------------------

--
-- Table structure for table `setup_subheads`
--

DROP TABLE IF EXISTS `setup_subheads`;
CREATE TABLE IF NOT EXISTS `setup_subheads` (
  `id` bigint UNSIGNED NOT NULL AUTO_INCREMENT,
  `particular` varchar(100) NOT NULL,
  `subhead_id` int DEFAULT NULL,
  UNIQUE KEY `id` (`id`)
) ENGINE=MyISAM AUTO_INCREMENT=3 DEFAULT CHARSET=latin1;

--
-- Dumping data for table `setup_subheads`
--

INSERT INTO `setup_subheads` (`id`, `particular`, `subhead_id`) VALUES
(1, 'Customer Setup', 2),
(2, 'Payment Drawal', 3);

-- --------------------------------------------------------

--
-- Table structure for table `statuses`
--

DROP TABLE IF EXISTS `statuses`;
CREATE TABLE IF NOT EXISTS `statuses` (
  `id` bigint UNSIGNED NOT NULL,
  `status` varchar(100) NOT NULL,
  UNIQUE KEY `id` (`id`)
) ENGINE=InnoDB DEFAULT CHARSET=latin1;

--
-- Dumping data for table `statuses`
--

INSERT INTO `statuses` (`id`, `status`) VALUES
(0, 'Inactive'),
(1, 'Active');

-- --------------------------------------------------------

--
-- Table structure for table `submodules`
--

DROP TABLE IF EXISTS `submodules`;
CREATE TABLE IF NOT EXISTS `submodules` (
  `id` bigint UNSIGNED NOT NULL AUTO_INCREMENT,
  `moduleid` int NOT NULL,
  `submodule` varchar(100) NOT NULL,
  `links` varchar(200) NOT NULL,
  `rank` int NOT NULL DEFAULT '0',
  `status` tinyint NOT NULL DEFAULT '1',
  UNIQUE KEY `id` (`id`)
) ENGINE=MyISAM AUTO_INCREMENT=34 DEFAULT CHARSET=latin1;

--
-- Dumping data for table `submodules`
--

INSERT INTO `submodules` (`id`, `moduleid`, `submodule`, `links`, `rank`, `status`) VALUES
(1, 1, 'Customer', 'new-client', 1, 1),
(2, 1, 'User', 'create-user', 1, 1),
(3, 2, 'Request Form', 'loan-request', 1, 1),
(4, 2, 'Account Officer', 'loan-marketer-review', 2, 1),
(5, 2, 'Financial Officer', 'loan-accountant-review', 3, 1),
(6, 2, 'Approval', 'loan-final-review', 4, 1),
(7, 2, 'Disbursement', 'loan-disbursement', 5, 1),
(8, 4, 'Lodgement', 'loan-repayment', 1, 1),
(9, 4, 'Lodgement Approval', 'loan-repayment-approval', 2, 1),
(10, 3, 'Loans', 'loan-report', 1, 1),
(11, 3, 'Loan Details', 'loan-details', 2, 1),
(12, 5, 'Role Management', 'assign-module/create', 1, 1),
(13, 6, 'Subaccount', 'sub-account', 1, 1),
(14, 6, 'Account Ledger', 'account', 2, 1),
(15, 6, 'Journal Transfer', 'journal', 3, 1),
(16, 3, 'Trial Balance', 'trialbalance', 4, 1),
(17, 3, 'Profit & Loss', 'pl', 4, 1),
(18, 3, 'Statement of Account', 'balance-sheet', 6, 1),
(19, 5, 'Default Setting', 'default-setup', 2, 1),
(20, 6, 'Account default', 'income-setup', 6, 1),
(21, 7, 'Repayment', 'customer/loan-repayment', 2, 1),
(22, 7, 'My Loan', 'customer/loan-report', 4, 1),
(23, 7, 'My Profile', 'customer/profile', 1, 1),
(24, 7, 'Loan Schedule', 'loan-schedule', 5, 1),
(25, 2, 'Verification', 'loan-analyst-review', 5, 1),
(26, 7, 'Payslip', 'payslips/entry', 2, 1),
(27, 6, 'pre-journal', 'pre-journal-post', 1, 1),
(28, 6, 'group-journal-post', 'Journal validation', 3, 1),
(29, 3, 'Account Statement', 'account-statement', 3, 1),
(30, 6, 'Petty cash Handling', 'petty-cash', 1, 1),
(31, 6, 'Particular setup', 'particular-setup', 3, 1),
(32, 8, 'Product Account setup', 'product-setup', 1, 1),
(33, 8, 'Transaction Upload', 'custom/upload', 1, 1);

-- --------------------------------------------------------

--
-- Table structure for table `tbldaterange`
--

DROP TABLE IF EXISTS `tbldaterange`;
CREATE TABLE IF NOT EXISTS `tbldaterange` (
  `id` bigint UNSIGNED NOT NULL AUTO_INCREMENT,
  `date_from` varchar(100) DEFAULT NULL,
  `date_to` varchar(100) DEFAULT NULL,
  UNIQUE KEY `id` (`id`)
) ENGINE=MyISAM AUTO_INCREMENT=2 DEFAULT CHARSET=latin1;

--
-- Dumping data for table `tbldaterange`
--

INSERT INTO `tbldaterange` (`id`, `date_from`, `date_to`) VALUES
(1, '2022-07-01', '2022-12-31');

-- --------------------------------------------------------

--
-- Table structure for table `tblstatus`
--

DROP TABLE IF EXISTS `tblstatus`;
CREATE TABLE IF NOT EXISTS `tblstatus` (
  `id` bigint UNSIGNED NOT NULL,
  `status` varchar(100) NOT NULL,
  UNIQUE KEY `id` (`id`)
) ENGINE=InnoDB DEFAULT CHARSET=latin1;

--
-- Dumping data for table `tblstatus`
--

INSERT INTO `tblstatus` (`id`, `status`) VALUES
(0, 'Inactive'),
(1, 'Active');

-- --------------------------------------------------------

--
-- Table structure for table `tbltemp_journal_transfer`
--

DROP TABLE IF EXISTS `tbltemp_journal_transfer`;
CREATE TABLE IF NOT EXISTS `tbltemp_journal_transfer` (
  `id` bigint UNSIGNED NOT NULL AUTO_INCREMENT,
  `transtype` varchar(100) NOT NULL,
  `accountid` int NOT NULL,
  `debit` double NOT NULL DEFAULT '0',
  `credit` double NOT NULL DEFAULT '0',
  `status` int NOT NULL DEFAULT '0',
  `batch_status` int NOT NULL DEFAULT '1',
  `ref` varchar(200) DEFAULT NULL,
  `manual_ref` varchar(200) DEFAULT NULL,
  `transdate` varchar(200) DEFAULT NULL,
  `post_at` varchar(100) DEFAULT NULL,
  `postby` int DEFAULT NULL,
  `remarks` text NOT NULL,
  `created_at` datetime NOT NULL DEFAULT CURRENT_TIMESTAMP,
  `f_post_at` varchar(200) DEFAULT NULL,
  `final_post_by` int NOT NULL DEFAULT '0',
  UNIQUE KEY `id` (`id`)
) ENGINE=MyISAM AUTO_INCREMENT=3 DEFAULT CHARSET=latin1;

--
-- Dumping data for table `tbltemp_journal_transfer`
--

INSERT INTO `tbltemp_journal_transfer` (`id`, `transtype`, `accountid`, `debit`, `credit`, `status`, `batch_status`, `ref`, `manual_ref`, `transdate`, `post_at`, `postby`, `remarks`, `created_at`, `f_post_at`, `final_post_by`) VALUES
(1, 'Debit', 12, 777, 0, 0, 1, NULL, NULL, NULL, NULL, 13, '7u7', '2024-02-01 17:23:42', NULL, 0);

-- --------------------------------------------------------

--
-- Table structure for table `tbltranstype`
--

DROP TABLE IF EXISTS `tbltranstype`;
CREATE TABLE IF NOT EXISTS `tbltranstype` (
  `transtype` varchar(50) NOT NULL
) ENGINE=MyISAM DEFAULT CHARSET=latin1;

--
-- Dumping data for table `tbltranstype`
--

INSERT INTO `tbltranstype` (`transtype`) VALUES
('Debit'),
('Credit');

-- --------------------------------------------------------

--
-- Table structure for table `titles`
--

DROP TABLE IF EXISTS `titles`;
CREATE TABLE IF NOT EXISTS `titles` (
  `id` bigint UNSIGNED NOT NULL AUTO_INCREMENT,
  `title` varchar(191) CHARACTER SET utf8mb4 COLLATE utf8mb4_unicode_ci NOT NULL,
  `created_at` timestamp NULL DEFAULT NULL,
  `updated_at` timestamp NULL DEFAULT NULL,
  PRIMARY KEY (`id`)
) ENGINE=MyISAM AUTO_INCREMENT=3 DEFAULT CHARSET=utf8mb4 COLLATE=utf8mb4_unicode_ci;

--
-- Dumping data for table `titles`
--

INSERT INTO `titles` (`id`, `title`, `created_at`, `updated_at`) VALUES
(1, 'MR', NULL, NULL),
(2, 'Mrs', NULL, NULL);

-- --------------------------------------------------------

--
-- Table structure for table `users`
--

DROP TABLE IF EXISTS `users`;
CREATE TABLE IF NOT EXISTS `users` (
  `id` bigint UNSIGNED NOT NULL AUTO_INCREMENT,
  `name` varchar(191) CHARACTER SET utf8mb4 COLLATE utf8mb4_unicode_ci NOT NULL,
  `username` varchar(200) CHARACTER SET utf8mb4 COLLATE utf8mb4_unicode_ci NOT NULL,
  `userrole` int NOT NULL DEFAULT '0',
  `email` varchar(191) CHARACTER SET utf8mb4 COLLATE utf8mb4_unicode_ci NOT NULL,
  `email_verified_at` timestamp NULL DEFAULT NULL,
  `password` varchar(191) CHARACTER SET utf8mb4 COLLATE utf8mb4_unicode_ci NOT NULL,
  `usertype` int NOT NULL DEFAULT '0',
  `status` int NOT NULL DEFAULT '1',
  `remember_token` varchar(100) CHARACTER SET utf8mb4 COLLATE utf8mb4_unicode_ci DEFAULT NULL,
  `createdby` int NOT NULL DEFAULT '0',
  `created_at` timestamp NULL DEFAULT NULL,
  `updated_at` timestamp NULL DEFAULT NULL,
  PRIMARY KEY (`id`),
  UNIQUE KEY `users_email_unique` (`email`)
) ENGINE=MyISAM AUTO_INCREMENT=109 DEFAULT CHARSET=utf8mb4 COLLATE=utf8mb4_unicode_ci;

--
-- Dumping data for table `users`
--

INSERT INTO `users` (`id`, `name`, `username`, `userrole`, `email`, `email_verified_at`, `password`, `usertype`, `status`, `remember_token`, `createdby`, `created_at`, `updated_at`) VALUES
(56, 'Nwamaka Nwafor', '08037005478, 08027681334', 5, 'amababymo@yahoo.com', NULL, '$2y$10$0IzAllIVnQbwUmLnJA3BSeiELr6sTRhlVW3AhwFmK4RBXJ3DLNBb6', 3, 1, NULL, 44, NULL, NULL),
(55, 'Kenneth Nta', '08039316803', 5, 'kennethndubuisi:74@gmail.com', NULL, '$2y$10$ntqbrG/Fe0uOG7pMg4uvAupxtuElu3rcTolJO0RY5aMayzqQl1tu6', 3, 1, NULL, 44, NULL, NULL),
(54, 'KENNETH OMEKE', '08135900050', 5, 'wabigail@58@gmail.com', NULL, '$2y$10$jLRWpZ/9VzIgZO42nnOjzuZdswhKpgeMJM4uaEaLUIq8QlsRNBnKa', 3, 1, NULL, 45, NULL, NULL),
(53, 'JOSEPHINE ANUFORO', '08035862442', 5, 'X', NULL, '$2y$10$5uMLhBtk2osrKi8TNQxPquQ9tKimfL1xWEqdxt/fRL5vOWQewpHKW', 3, 1, NULL, 45, NULL, NULL),
(52, 'CHARLSE EZENWA', '08035179074', 5, 'charlseezetogether23@gmail.com', NULL, '$2y$10$aPag8omabYbOdhDHG/2HvuNBOEgwxlQYHj3APtMLx0FUlJ31uFsTm', 3, 1, NULL, 45, NULL, NULL),
(51, 'MOHAMMED OVOSI', '07066270576', 5, 'mnovosi@gmail.com', NULL, '$2y$10$941tObPxzkd1zwnv.znjGOPQsP1wA5nQwwYUDaq2x4hi6UeNNZpFO', 3, 1, NULL, 45, NULL, NULL),
(50, 'CHIMA EZEOFOR', '08066141556', 5, 'none', NULL, '$2y$10$TeLf1NIFdOjoZ7V0Lm4P7u4qoO/jBut1bOWT0rGv4exPYU8nPJOga', 3, 1, NULL, 45, NULL, NULL),
(48, 'IKECHUKWU OKEKE', '08039654708', 5, 'Nill', NULL, '$2y$10$VeiAUMEeibmuvh9utf09t.OiKyV05OPBeyoG9N54hN8diZUi9RU46', 3, 1, NULL, 45, NULL, NULL),
(47, 'Anulika Ugo', '08062080021', 5, 'marisbeautyfabrics@gmail.com', NULL, '$2y$10$35ECO1wmeER2AA2MmyVMbufYvwR97NzIC.8EjNC5oTkdwAog8W3ES', 3, 1, NULL, 45, NULL, NULL),
(46, 'Mrs Udounwa', 'approvals@credithubltd.com', 2, 'approvals@credithubltd.com', NULL, '$2y$10$BFIZT04UanxdqYBaOBDWBewq.JQT3bfD4PCWKdyEaEIo3rLov2NxG', 2, 1, NULL, 13, NULL, NULL),
(13, 'Administrator', 'admin@admin.com', 1, 'admin@admin.com', NULL, '$2y$10$f8D9NXg7USjswaniya1kBe.g.4nBZr.XG3T3kAWwEal.G.QOOezGG', 1, 1, NULL, 12, NULL, NULL),
(39, 'Ola Stephen', '08032197222', 5, 'st@yahoo.com', NULL, '$2y$10$Eur.bJVrA0FNXhUXQ3pF0./tB5sUL8AzmJheusjOv.WdkRoZwLq8O', 3, 1, NULL, 38, NULL, NULL),
(40, 'stephen fgsfsf', '0900', 5, 'sytem', NULL, '$2y$10$VbiL4Kqg7wNaPLHd9pwfl.SvABha89ampIfS64yK5t3i6qYTs6Tnu', 3, 1, NULL, 38, NULL, NULL),
(41, 'confident cdff', '0900088', 5, 'st@hdhdh.com', NULL, '$2y$10$nhTdPsNre4Pdw8o/w9wuaOMwaH1u5SbR2Hq6Kdorv25hb23zQW5Fu', 3, 1, NULL, 13, NULL, NULL),
(42, 'Remi', 'remillium100@gmail.com', 4, 'remillium100@gmail.com', NULL, '$2y$10$2ZPZodzqkTZaDzeKUGH3butVYcfdKWgdFOFD7Male.cxQ8eizIcB.', 2, 1, NULL, 13, NULL, NULL),
(31, 'Ogochukwu Ernest', '080776656544', 5, 'ernest@yahoo.com', NULL, '$2y$10$ELaqv.Pfqnvu0i8vO9hoNuMfn0MfSs03fwm.C32dU9gUE7IzfyAQi', 3, 1, NULL, 27, NULL, NULL),
(45, 'EKENE OBIORAH', 'credithub.sales@gmail.com', 3, 'credithub.sales@gmail.com', NULL, '$2y$10$wQW7sLLwLCQLiLDNR2BhiOaJZ9Tr3Gp4LlptiCtCvz5vDCYNftiCy', 2, 1, NULL, 13, NULL, NULL),
(44, 'Ogochukwu Oboigbator', 'credithub.risk@gmail.com', 3, 'credithub.risk@gmail.com', NULL, '$2y$10$IFpcTJwUxL8lZBSBMy2QK.PK3uW8BRMuN26.znKvo4ebMiSH0aFny', 2, 1, NULL, 13, NULL, NULL),
(27, 'Olawole Akinbobola', 'stephen@yahoo.com', 3, 'stephen@yahoo.com', NULL, '$2y$10$f8D9NXg7USjswaniya1kBe.g.4nBZr.XG3T3kAWwEal.G.QOOezGG', 3, 1, NULL, 12, NULL, NULL),
(43, 'Ernest Awuna', 'credithub.admn@gmail.com', 6, 'credithub.admn@gmail.com', NULL, '$2y$10$uS4DwHJfAwf1N//F9D7Ed.sfSA1ee2xwIEBxVkhzb0TgVLpbQd4vG', 2, 1, NULL, 13, NULL, NULL),
(38, 'Ernest Awuna', 'Ernest@credithub.com', 3, 'Ernest@credithub.com', NULL, '$2y$10$XL3AkMytZeg/j.7.v8y1eeg/W3Djd03exyuFVUlPxRMNY1b8nkChy', 2, 1, NULL, 13, NULL, NULL),
(37, 'Credit Hub LTD', 'admin@credithubltd.com', 2, 'admin@credithubltd.com', NULL, '$2y$10$UVmjOLmPtom.x2OtC3CvDu7Ft7nYXY5qo8RL3E3a3gHtO97fiICL.', 2, 1, NULL, 27, NULL, NULL),
(57, 'Malachy Abah', '08069165230/08134455820', 5, 'malachy chinedu4z@gmail.com', NULL, '$2y$10$nvi3jR5AONbGc3U7RFHaDe3W8moMVxVIufAdN0/Aydd4mhBCmy7h2', 3, 1, NULL, 44, NULL, NULL),
(58, 'Malachy Abah', '08069165230/08134455820', 5, 'malachychinedu4z@gmail.com', NULL, '$2y$10$mgtQG6gZZja7GTQIPRM7pOi.Dv18InJpD5iK0NwJdSGr7/SbzFWMq', 3, 1, NULL, 44, NULL, NULL),
(59, 'FROZEN FOODS OBI JOHNSON OSHOGWE', '08033207540 & 08055249230', 5, 'obijoe75 @gmail.com', NULL, '$2y$10$NVTXqZO.zdV2ozj6eVbtQea15YX52lo.f0/w8.38Ne7ecQWpvXdzu', 3, 1, NULL, 45, NULL, NULL),
(60, 'NIMOTA AREMU', '08052480135 & 08099343774', 5, 'ideraoremu@yahoo.com', NULL, '$2y$10$Bpx0hlnvU6sU/5gcoMZlAuPwYZ8THq.G7HVHe1Ig1P9KiKZ1lr6oO', 3, 1, NULL, 45, NULL, NULL),
(61, 'ALIYU SULE', '08063953338 & 08111120200', 5, 'NIL', NULL, '$2y$10$RoJ2q0mxKDfgGGfYClaTb.5mJHPcgLr9WDZH3q25tWgrPnPqFJAzS', 3, 1, NULL, 45, NULL, NULL),
(62, 'SANDRA IFYJOE', '08036742632', 5, 'ifyjoesandra@gmail.com', NULL, '$2y$10$k1de5zl6HGXA2BbQIX5ATeADbXvLI9SUsDXJ7VYIN0Zyh3pLK/qyK', 3, 1, NULL, 45, NULL, NULL),
(63, 'FRIDAY IDIKA', '08164845674', 5, 'idikafridaycalister@gmail.com', NULL, '$2y$10$4JEq66PuivxGbGJjVRAdsOl/djmTs21Pt1jEy5vXgBtO66YxbuowO', 3, 1, NULL, 45, NULL, NULL),
(64, 'Global Jumaxton', '08033442061', 5, 'onwauo@gmail.com', NULL, '$2y$10$CsFrvgjHYQht6UPw0aRKqOqN4SHXTiI5C23xaps7lcSM.k2EHzYES', 3, 1, NULL, 44, NULL, NULL),
(65, 'Cato Calis', '08036934249', 5, 'derabest007@gmail.com', NULL, '$2y$10$Mo8Bo3zQo/ewOot5oiO45uyxM3/aY0cvP8vd7O.a2902zQikVnII.', 3, 1, NULL, 44, NULL, NULL),
(66, 'CATO CALIS', '07051809365', 5, 'o', NULL, '$2y$10$3qplOJkb.8VlCaDCN2Zz3e/NIJQ/14z5q5BRyTnMextj7vhgueeJW', 3, 1, NULL, 38, NULL, NULL),
(67, 'Integrated enterprises Friyo Kitchen', '08038731373', 5, 'mayorfholdings@gmail.com', NULL, '$2y$10$QpzA7YxTTXw14SPvE0kAMuXEKbbgzOz8IBy32wcFnf/.IXYuhnkJq', 3, 1, NULL, 44, NULL, NULL),
(68, 'Friday Igwe', '08181816805', 5, 'fridaychukwu17@gmail.com', NULL, '$2y$10$xMNoavKHW2sXbeD5sDarSe3n2ytdPT.TPfgHUH8F1iw9Mn3oqVKE6', 3, 1, NULL, 45, NULL, NULL),
(69, 'VENTURE UCHE DON LEE', '08102335080', 5, 'uchedon2012@gmail.com', NULL, '$2y$10$cdThYkiT/hQ4e//KCNCR1uKd.7tkJMEGwQmzE90RkGJIcdOwz7Ma.', 3, 1, NULL, 44, NULL, NULL),
(70, 'Ifeoma Aghaebe Ifeoma', '08147746222', 5, 'ifeomaghaebe@gmail,com', NULL, '$2y$10$ErbhJDpQ9qyFJI4jb9pIGeq4YRVzF4OuyRjjHn/negKF2dasL6SA6', 3, 1, NULL, 44, NULL, NULL),
(71, 'Aniefon Okoroafor', '07040660612', 5, 'aniefonpeter65@gmail.com', NULL, '$2y$10$YS9Xo8bjxxmitLP8tDZWBe6WrFjHsNtZrG9Cz7.3vxdQUmV1jSJNO', 3, 1, NULL, 45, NULL, NULL),
(72, 'Aniefon Okoroafor', '07040660612', 5, 'aniepeter4real@gmail.com', NULL, '$2y$10$Sy/73JIv6cKRySkLHsR.uedNf2lA3AoXMi4fuRJWHxzqQicD8Bq4y', 3, 1, NULL, 45, NULL, NULL),
(73, 'Okechukwu Igwe', '07013008000', 5, 'okechukwu@gmail.com', NULL, '$2y$10$Vnyk8kqX3z9WNjPxVZJAn.qGUvvWlRWRS/8iPR3hNpmxR/XZJ/Q9m', 3, 1, NULL, 44, NULL, NULL),
(74, 'CHIMEZIE OSUJI', '08039377433', 5, 'nwachi97forsure@gmail.com', NULL, '$2y$10$jDCIrs5BY/Q6T8g3xtn/a.ZX7uIzRJzCp2irtJcbOi0fTgLd2NYGS', 3, 1, NULL, 45, NULL, NULL),
(75, 'Festus Okoro', '09054774850', 5, 'onwauogmail.com', NULL, '$2y$10$I4gnGF7HiBnVTyi58SC.ROle1z7wbD4LAKpYhMOB7wxiW/hiUjZHm', 3, 1, NULL, 44, NULL, NULL),
(76, 'SAMUEL AJAYI', '07067437575', 5, 'shanatik@gmail.com', NULL, '$2y$10$0NOhR.CVVxJvxex8VVJc0.sG0nyCHT090sAxf/sMKTT.sb4YlV/XS', 3, 1, NULL, 45, NULL, NULL),
(77, 'Felicia Oboigbator', '09129442086', 5, 'Ogochukwuoboi@gmail.com', NULL, '$2y$10$45T.Z.zsDJINDDZlcvkeluerV7wyD/EsfIDtKXmZTfoha58Cae6TO', 3, 1, NULL, 44, NULL, NULL),
(78, 'MARK ELOKA', '07035565661', 5, 'elokamarkforreal@gmail.com', NULL, '$2y$10$knAleYHa/s.7XiJuGV/jHOC0Xfct.hQBXPwLO6lkPnGCxP/OZoWU2', 3, 1, NULL, 45, NULL, NULL),
(79, 'IBRAHIM MOHAMMED', '08028800093 & 08095069007', 5, 'jalamibrahim99@gmail.com', NULL, '$2y$10$///dcTQosrROunrj4nJiSus3Hu8eGs5.OcMAW0IrhmK3tRzlNk/PC', 3, 1, NULL, 45, NULL, NULL),
(80, 'Ann Aneke', '08036730553', 5, 'ann.aneke1@gmail.com', NULL, '$2y$10$bxHesXL5OscOZINrBM71xeKLt1awVg4gdztozgaVyjt.inZNghZ42', 3, 1, NULL, 44, NULL, NULL),
(81, 'Okechukwu Onyejiuto', '08065029428, 08022237824', 5, 'talk2sima@gmail.com', NULL, '$2y$10$45bYRCiDD7TmE1iWZUvFT.ts7PDN7WXRbLvjOXxvEkSEkqxGbrukC', 3, 1, NULL, 44, NULL, NULL),
(82, 'EKENE OBIORAH', '08038885128', 5, 'ekeneobi@gmail.com', NULL, '$2y$10$MnvgXXI9m2buXLfM3OdvJeTN54oU8e3uVDsN0XYb0Pg2WWbD0jZia', 3, 1, NULL, 45, NULL, NULL),
(83, 'VICTORIA IDEHEN', '08035987515', 5, 'vicociousglobaltravels@gmail.com', NULL, '$2y$10$rDPS25NApumK8RvA7475xO0VvHy5sUjq6X5dbN459Guz/RmobE/XS', 3, 1, NULL, 45, NULL, NULL),
(84, 'Ekene Obiorah', '08038885128', 5, 'ekeneob@gmail.com', NULL, '$2y$10$b6chSL.FSpiz9hPBkhS4rOQVrgRXA5CVcgWX.zJ2eZSlC3M51DKem', 3, 1, NULL, 44, NULL, NULL),
(85, 'Osi Nwaobasi', '08036475764', 5, 'nwaobosi2487@email.com', NULL, '$2y$10$7aeQJXLbjPa6a/ZOgDWfI.UAx0JzgCf0Xo/f6D47IrWZzdt1aUMCa', 3, 1, NULL, 44, NULL, NULL),
(86, 'Ephraim Okoroafor', '07030479432', 5, 'ephraimobika124@gmail.com', NULL, '$2y$10$52e2m/QRdLi5RSuWLvgTzedk/ofN/H6zGuOqtTfVqHaxMsmssp58O', 3, 1, NULL, 45, NULL, NULL),
(87, 'INTEGRATED SERVICES FAITHLINE', '08036002314', 5, 'faithlineintegrated@gmail.com', NULL, '$2y$10$2O5vUufix3FSRiVB5V/BPeUaLJPsZspbbfYULHsnzJbndfUWxlMAG', 3, 1, NULL, 45, NULL, NULL),
(88, 'COMPANY EZONS', '08033515378', 5, 'echezonannebeegmail.com.', NULL, '$2y$10$FMxw46QxtV8we7ksF.EG.upmjwyc4ehnuPnoXEnlTW5avwWKR7FcW', 3, 1, NULL, 45, NULL, NULL),
(89, 'golden fashions business golden fashions business', '08033455702', 5, 'joyusman222@gmail.com', NULL, '$2y$10$s9TEtYhuiqir/NFq4iIKbO2vLz6c8rnxXmItC.AEE99AjOIF4tk42', 3, 1, NULL, 44, NULL, NULL),
(90, 'PAUL NDUKWE', '07037762962', 5, 'chybike6060@gmail.com', NULL, '$2y$10$iLEYoRCRYAy2SBPygnn6ae3gn4ZEBT08jXVgKu0lzgUIC5fYMsNj2', 3, 1, NULL, 45, NULL, NULL),
(91, 'WILSON CHENDO', '08080900078', 5, 'wchedo@gmail.com', NULL, '$2y$10$eLb/6MVAPug4GJM4cJ31Geu6LYCGtvY80ydKZKXkKOSL1BfEcDnQu', 3, 1, NULL, 45, NULL, NULL),
(92, 'AMOBI ANI', '08167981117', 5, 'aniama74@gmail.com', NULL, '$2y$10$fw3vxICWEizJC4VqbNwm5.u4gufrBRBVl6ZPYWyQk2mjCjlf8oNhW', 3, 1, NULL, 45, NULL, NULL),
(93, 'AMOBI ANI', '07167981117', 5, 'mobisanim@gmail.com', NULL, '$2y$10$RtmgEi5qIKCob5.h.mPWyeVzd2KaDsGDsVmlCoXVOfffc02sZMh.m', 3, 1, NULL, 45, NULL, NULL),
(94, 'Martha Enokela', '09059603922', 5, 'marthaenokela@gmail.com', NULL, '$2y$10$qDahOsj4yxBGP08.OMGeZ.SNqO9QUPWEuQlkEjKgKrkXwCZXw17gi', 3, 1, NULL, 45, NULL, NULL),
(95, 'Martha Enokale', '09059603922', 5, 'marthaenokela4@gmail.com', NULL, '$2y$10$UQo9cA8R7/7uZo8.K8VZGe1IZlKuij4cV65ZdD9kUQWfYil4XW6dG', 3, 1, NULL, 45, NULL, NULL),
(96, 'Folake Adesanye', '09082560772', 5, 'folasegunkandayo@gmail.com', NULL, '$2y$10$Gr7Bjv2zRR4UmlMCKMttHudzuUXbI2ARqsx0iPABlHdhtIv6EpWSm', 3, 1, NULL, 45, NULL, NULL),
(97, 'MARY UGO', '08181539802', 5, 'marisbautyfabrics@gmail.com', NULL, '$2y$10$br4kWB5A0aP/.BMlKahR3u4pS2nZUrGhOn08DNwx0dE6xrY22Xtb6', 3, 1, NULL, 45, NULL, NULL),
(98, 'KENNETH NTA', '08039316804', 5, 'kennethndubuisi74@gmail.com', NULL, '$2y$10$YxUevq8iUdUccfAnTsrHJOoLgHqp8B9tzQ9hW.UG.IfO5V3WdTjei', 3, 1, NULL, 45, NULL, NULL),
(99, 'Chima Ezeofor', '08066141456', 5, 'chimaezeofor4040@gmail.com', NULL, '$2y$10$n0oDds6YEHlBBQWdAmLfqu7HrZpcnHMZrC3Gi1dIri.HLGfv9aFvi', 3, 1, NULL, 45, NULL, NULL),
(100, 'CHARLES EZENWA', '08135179074', 5, 'charlesezetogether23@gmail.com', NULL, '$2y$10$v0ZEFBMyGxNvM9eO4pYas.W9SuaAJB35VvNCYLOF5gkvRclJnNASO', 3, 1, NULL, 45, NULL, NULL),
(101, 'OSHOGWE FROZEN OBI JOHNSON', '08033207540', 5, 'obijohnsonseafoods@gmail.com', NULL, '$2y$10$QUAdwXVdR0LMSGH0wkPCnOQW30EMEGXayOWj4Wx4bcVMUM0cQuNUa', 3, 1, NULL, 45, NULL, NULL),
(102, 'SANDRA IFYJEO', '08036742612', 5, 'ifyjoesandraenterprises@gmail.com', NULL, '$2y$10$/IuJ4LTayxx/aPxkU0aE/OOGZn0ngVfLTexeACSsLgpLHOgM6pvka', 3, 1, NULL, 45, NULL, NULL),
(103, 'ALIYU SULE', '08111120200', 5, 'aliyulegbomateria@gmail.com', NULL, '$2y$10$fd2seC8yEWTyGskLKp04a.kMwSYcmTwQ7JSaeIz6m9gMg3yV/LdaK', 3, 1, NULL, 45, NULL, NULL),
(104, 'BRIDGET AMODU', '08032310154', 5, 'alimabrightfrozen@gmail.com', NULL, '$2y$10$.UWpCwEuL6YhaBLkjYkSP.JgRfwMg8s25JKRVS05.SNRzPrxVWBcW', 3, 1, NULL, 45, NULL, NULL),
(105, 'BRIDGET AMODU', '08032310154', 5, 'brightalima@gmail.com', NULL, '$2y$10$I63OL6LNFheEBd14mhRk..oKQqKtfhib4hzCVQQzCap2bIYZbGaIG', 3, 1, NULL, 45, NULL, NULL),
(106, 'Okechukwu Onyejiuto', '08065029428', 5, 'talk21sima@gmail.com', NULL, '$2y$10$U9potF1Uf5Hg.SssOckWj.IYH/V8GdrZuVpxxjUe5Tcb4Zvl2CNjm', 3, 1, NULL, 45, NULL, NULL),
(107, 'IFEOMA OJUKWU', '08136335385', 5, 'ifyojukwusystem@gmail.com', NULL, '$2y$10$RYJqeQc2pv3qFJiMrlhr0e1eQrenSJtFDuL8u7DVjliEoTlCuiEzq', 3, 1, NULL, 45, NULL, NULL),
(108, 'IFEOMA OJUKWU', '08136335385', 5, 'ifyojukwusysten@gmail.com', NULL, '$2y$10$ef/qrxAYHiOKXU76x5cVROvCjldE8kPeBrNqpFr/GXK10/v4.E7gy', 3, 1, NULL, 45, NULL, NULL);

-- --------------------------------------------------------

--
-- Table structure for table `user_roles`
--

DROP TABLE IF EXISTS `user_roles`;
CREATE TABLE IF NOT EXISTS `user_roles` (
  `id` int NOT NULL AUTO_INCREMENT,
  `rolename` varchar(50) NOT NULL,
  `status` tinyint NOT NULL DEFAULT '1',
  `editable` tinyint NOT NULL DEFAULT '1',
  `assignabled` tinyint NOT NULL DEFAULT '1',
  PRIMARY KEY (`id`)
) ENGINE=MyISAM AUTO_INCREMENT=7 DEFAULT CHARSET=latin1;

--
-- Dumping data for table `user_roles`
--

INSERT INTO `user_roles` (`id`, `rolename`, `status`, `editable`, `assignabled`) VALUES
(1, 'Super-Adminstrator', 1, 0, 0),
(2, 'Adminstrator', 1, 0, 1),
(3, 'Account Officer', 1, 0, 1),
(4, 'Finance Officer', 1, 0, 1),
(5, 'Customer', 1, 0, 0),
(6, 'Verification Officer', 1, 0, 1);
COMMIT;

/*!40101 SET CHARACTER_SET_CLIENT=@OLD_CHARACTER_SET_CLIENT */;
/*!40101 SET CHARACTER_SET_RESULTS=@OLD_CHARACTER_SET_RESULTS */;
/*!40101 SET COLLATION_CONNECTION=@OLD_COLLATION_CONNECTION */;
